score,depth,netChgRoad,netChgBus,netChgRail,savedMinsRoad,savedMinsBus,savedMinsRail,deltaDkRoad,deltaDkBus,deltaDkRail,deltaLkRoad,deltaLkBus,deltaLkRail,railNetworkKM,LBar,gameState0,gameState1,gameState2,gameState3,gameState4,gameState5,gameState6,gameState7,gameState8,gameState9,gameState10,gameState11,gameState12,gameState13,gameState14,gameState15,gameState16,gameState17,gameState18,gameState19,
-137.81929,20,0,0,9426711,0,0,127125520,-12615.361771022213,-3196.688997316957,15812.050766245524,-201482.00709303492,-36599.16791822946,2003747.3603046553,1461.929,233.46902,   2029,6932,   6692,3407,   7826,1908,   945,882,   6470,4994,   5413,1917,   4148,2,   4247,2834,   6762,201,   213,598,   
-2.5136697,20,0,0,9871668,0,0,402678560,-552.6142637725721,-345.0233131015962,897.6375765893251,-8679.516531184074,-10035.365360364814,267484.9832502405,3452.9263,298.47867,   7415,6497,   1711,3047,   1767,7029,   7348,2800,   5486,2361,   3163,5091,   2365,3587,   3038,3166,   8020,3611,   2824,2894,   
-30.051903,20,0,0,24276837,0,0,923830460,-4400.096527010757,-1753.7979016039378,6153.894429007533,-78240.93649357028,-30532.115496807608,2151508.1637854604,2603.5269,330.45743,   8051,6268,   7206,6494,   291,6237,   927,8402,   7401,7732,   7953,7249,   5690,4506,   7721,3968,   5220,3645,   1639,797,   
-11.870724,20,0,0,22928779,0,0,795210560,-1920.1505454609553,-650.6655800974557,2570.816125352519,-32664.28556053303,-6884.713979747528,437875.08705167257,2751.6675,246.88327,   2996,6581,   3831,4109,   1830,322,   7988,560,   5399,1081,   3250,3150,   5812,5754,   982,1146,   7726,3653,   2755,3966,   
-8.665572,20,0,0,23243753,0,0,684820030,-1648.8546942761295,-571.9285164678332,2220.7832108315324,-29552.691051098645,-7343.161442656933,515946.19190509716,3410.3564,275.3746,   6101,7382,   3834,6190,   2844,4349,   7837,6294,   4301,7506,   6381,4375,   1971,2027,   8334,1470,   2436,3097,   4663,8405,   
-56.438255,20,0,0,17821576,0,0,381754080,-6903.383152194875,-5556.370974682442,12459.754146260828,-101558.6623404994,-117934.02055134237,2627413.53663368,1799.465,203.8265,   6685,366,   3002,6320,   4482,4802,   1437,8371,   3524,6575,   4677,1567,   889,6109,   3131,4050,   2746,6077,   1264,5916,   
-18.871319,20,0,0,11419640,0,0,319467330,-3013.7408160333007,-1087.8546152298945,4101.595430420267,-54954.39835080211,-16821.824103247243,1162727.782287421,2912.0593,269.87402,   920,1693,   4694,6329,   3136,7310,   1179,3785,   5856,7947,   7145,4629,   7425,2786,   5716,5735,   4379,5950,   1708,6477,   
-3.7073655,20,0,0,19742896,0,0,756243200,-880.570366450947,-366.3333037710658,1246.9036697999934,-14433.301789690755,-4242.091866890931,521707.0227122492,3893.1423,311.15228,   2912,7901,   2770,6162,   2828,4813,   3486,4297,   7332,4284,   7160,4795,   1832,7182,   7484,4991,   4107,5109,   3183,5607,   
-128.63342,20,0,0,21021061,0,0,876154430,-16770.668745628558,-6474.355663610197,23245.02441900491,-309410.77419428725,-86856.31337593093,4208048.322730571,2405.3684,239.2104,   3623,6087,   2515,4012,   7865,48,   2577,6538,   392,5832,   8107,5231,   4369,3222,   3004,1455,   7359,6968,   3500,6758,   
-78.96227,20,0,0,13383937,0,0,278639800,-8071.9408161162455,-3959.0034477405825,12030.94426197877,-157769.74518212143,-82528.56458065493,2498875.753349865,1998.0396,191.53651,   3824,5317,   4889,1571,   787,2350,   2796,243,   3738,725,   1627,7705,   2766,4536,   2854,5261,   5386,7193,   6733,2780,   
-4.8536873,20,0,0,8411980,0,0,218042540,-724.420655538887,-234.4528480891759,958.8735036928779,-11866.664926979262,-2680.6455473528026,349756.2057137136,2444.8762,229.26205,   2236,5383,   3904,1500,   4613,1928,   425,7045,   4178,6028,   6067,5575,   1609,4861,   1783,6741,   1198,943,   3224,5514,   
-49.153347,20,0,0,6555471,0,0,162421940,-5978.661971613192,-1979.3083320005928,7957.970304484112,-102879.18133619531,-31327.98910133468,879735.5444406128,2093.025,262.05612,   5688,2334,   2799,8103,   4204,401,   2464,8268,   368,6179,   4505,165,   235,720,   4521,6876,   1412,3389,   5394,7294,   
-3.827852,20,0,0,16960570,0,0,430515780,-500.21781143184,-327.71998317312364,827.9377945956154,-7946.411555377614,-6030.556209772724,224941.99909983782,2075.9453,222.44046,   1924,4186,   4500,6145,   3093,4488,   6096,6340,   2753,4549,   4062,4442,   3968,1218,   5528,8337,   2583,4237,   5731,4211,   
-62.36189,20,0,0,14851281,0,0,653511230,-9394.141920288948,-3766.407407302533,13160.549328509158,-180290.2702714383,-70005.03476090434,1767222.128497648,2891.0327,238.76321,   7900,593,   6677,6435,   1523,5901,   5340,889,   340,3342,   5328,6245,   3985,4366,   3590,1501,   6269,5090,   5009,8152,   
-32.859356,20,0,0,18504177,0,0,584861950,-6794.333389708832,-1753.2436240989894,8547.577014522432,-103738.86475776187,-16660.905183906718,2651898.721210749,3157.0571,274.58588,   2741,4559,   5514,4254,   2116,62,   4632,7452,   3627,4620,   4292,5611,   6093,1183,   7830,1331,   5945,6501,   4621,5627,   
-2.5810854,20,0,0,30539020,0,0,988431740,-511.101996428928,-206.98604961618304,718.0880462029559,-8822.744759445997,-2563.395544554655,316014.06673172733,3418.2305,275.2245,   7583,5207,   6000,7847,   7657,6253,   457,8038,   6063,4027,   2068,5929,   7663,6015,   1469,3340,   3514,2423,   4318,1460,   
-21.601727,20,0,0,15023791,0,0,706533500,-3110.414220330235,-1689.3305376008977,4799.74476145351,-52173.36233399638,-26454.296242891523,1485423.698800137,2415.2405,307.5775,   1269,6323,   5697,4155,   7485,8152,   151,2801,   4971,2259,   3992,8204,   468,7817,   568,5970,   6994,6103,   5033,4298,   
-22.592712,20,0,0,13667970,0,0,489821340,-4891.4352242934565,-1884.3550375342634,6775.79026285787,-79495.91361482553,-20922.67206855808,985930.6872020497,3518.6528,351.02182,   8041,5030,   1388,8036,   2552,6799,   6383,77,   8149,4490,   6252,3522,   2183,3161,   4358,1260,   7945,1844,   361,7940,   
-14.206905,20,0,0,9348995,0,0,261665520,-1872.789599001969,-680.4922282147123,2553.2818275328164,-35226.31780796605,-10806.050027306132,815005.6438431474,2479.5208,233.6778,   6101,6091,   3066,3804,   34,2299,   5460,8282,   5447,3935,   4781,5847,   5825,19,   1855,4674,   4934,6096,   1603,685,   
-47.95092,20,0,0,23913899,0,0,687796500,-6416.632578014629,-3261.8758975741052,9678.508473590553,-107031.00546356133,-65184.46729773045,1360994.3180865226,2232.095,215.64651,   1768,74,   3088,481,   4442,469,   6020,5743,   3458,7743,   6460,5149,   5741,5528,   6633,1950,   1963,6020,   8001,252,   
-8.56688,20,0,0,28229741,0,0,1.0810456E+09,-1897.786693655854,-911.7348878976994,2809.521581831567,-26389.27697893561,-12133.545086807842,678907.2156417891,3080.3835,311.6801,   1339,6537,   3066,4214,   8144,405,   6132,2163,   1306,8120,   4761,1849,   241,8112,   6171,6027,   3003,2585,   7797,8000,   
-13.996031,20,0,0,11955499,0,0,442465760,-2672.446980480723,-958.9523975191381,3631.3993806674507,-46909.15152469301,-17864.168878434535,473058.49736199045,3351.604,314.82562,   4715,8153,   4823,6139,   5910,8068,   105,297,   1822,8340,   2711,7350,   6530,1351,   7782,3667,   5444,7309,   773,4037,   
-29.580444,20,0,0,13357015,0,0,685082700,-4484.036161635812,-1428.7312408012892,5912.767381191424,-55018.68580985644,-16889.162505409295,727253.7835098353,1859.9683,248.42775,   2773,3857,   4437,3774,   2982,4611,   4908,6065,   7792,605,   7383,7814,   6658,0,   3972,1621,   1714,5362,   6740,76,   
-104.84544,20,0,0,26716743,0,0,737776640,-15535.972131045472,-5257.88292999035,20793.855068442073,-272744.1817301739,-71444.14383380167,6343052.323503193,2601.3928,224.25941,   299,5835,   341,1401,   5408,5847,   3754,7325,   329,2504,   583,4129,   1811,3760,   5227,857,   3715,1049,   3157,1298,   
-95.962616,20,0,0,8200730,0,0,180577020,-11312.556771207062,-3201.5959874556133,14514.152757529804,-189382.4621246697,-37348.742547922906,3124018.7187936385,1973.5026,178.8082,   3159,2476,   940,1216,   957,3332,   691,6529,   5814,6160,   1952,81,   569,697,   3737,5374,   3516,3036,   6801,5571,   
-153.52153,20,0,0,26857155,0,0,587598000,-15230.808213371678,-4947.227502480947,20178.03572653809,-261752.80353204266,-77512.07575089115,5790863.162247815,1704.9908,159.0887,   856,6019,   5735,5288,   22,3253,   6002,2897,   3209,3115,   6342,664,   2205,5441,   5352,6259,   4894,7560,   443,2075,   
-82.944046,20,0,0,18667983,0,0,460644480,-10830.42202715384,-2574.478646474269,13404.90067803072,-189417.52612619012,-29976.668441178157,1679899.6426539195,2283.6785,214.58696,   5155,5660,   1510,2604,   551,501,   3559,1114,   23,8288,   5777,679,   2683,6022,   441,5575,   5176,4088,   1194,6140,   
-28.01345,20,0,0,7190213,0,0,219096960,-4320.170741746829,-2043.9677453359154,6364.138487631375,-84887.54266357965,-43287.56333216989,839838.3632730715,3030.2422,287.91028,   5766,6230,   3320,2699,   8254,1288,   6312,3563,   3780,5914,   479,4392,   2592,4726,   415,3631,   4509,3130,   4736,7956,   
-7.7284145,20,0,0,15561608,0,0,503224320,-1559.595598479475,-565.8228563414998,2125.4184556618047,-26385.201358968592,-5801.518244439799,483703.8139336112,3414.051,299.2258,   8129,4888,   2874,3357,   5773,5662,   6417,4619,   4999,8212,   1082,806,   6365,2739,   4745,7361,   2340,7246,   2786,7699,   
-36.021523,20,0,0,26790984,0,0,615301700,-4286.532144895142,-1532.7139831364304,5819.246126993941,-83554.41347855059,-20770.84997318142,1099309.601986413,2319.569,261.51974,   2625,8431,   5769,2544,   7808,1385,   6523,6393,   5606,5245,   1066,2046,   7788,1673,   6446,877,   3355,8398,   5362,2592,   
-5.7885075,20,0,0,20453596,0,0,915337300,-1600.2656212823213,-790.9321652058114,2391.197786558382,-20241.706893798273,-12397.96624400024,603555.0389160629,3496.8784,277.6062,   3306,1693,   7000,4003,   4832,8109,   6462,8288,   8416,1490,   1291,5698,   344,5472,   5331,8134,   7555,330,   3984,4388,   
-65.55321,20,0,0,18221654,0,0,945984400,-9910.027760263416,-3532.4968271391954,13442.524582224887,-178897.70442907079,-49208.30450585551,1711669.3437480526,2729.046,280.90952,   7575,24,   7448,8190,   7146,7472,   1454,4691,   4729,3868,   4006,2377,   1883,194,   4393,932,   1431,1765,   6148,8135,   
-27.817554,20,0,0,5788272,0,0,243050530,-3010.6041226472453,-1087.5319739998104,4098.136096543234,-58878.54248681209,-15794.497139581756,592079.6716399821,2116.5967,240.95216,   3358,6670,   6412,4116,   3954,3803,   1701,2315,   4778,6748,   1757,3025,   4414,974,   3452,3282,   2680,7245,   5293,5795,   
-16.739325,20,0,0,17435985,0,0,469497800,-2967.678150911376,-1035.9423327950399,4003.6204832664175,-51787.65282552953,-13223.789026703216,1531287.7109634143,3093.772,243.33586,   6654,1771,   3559,4547,   5919,7349,   3814,150,   1078,4399,   6702,5789,   2617,4284,   1029,905,   2047,3331,   4235,3342,   
-63.481937,20,0,0,18766999,0,0,652374200,-8849.022919934352,-3044.9622852602765,11893.985206023808,-144261.13212241326,-29528.290716320542,1782587.5534174806,2272.475,246.63463,   5770,7574,   8348,6417,   2110,981,   6399,909,   5177,1111,   6687,2621,   4907,352,   1480,1587,   3110,1865,   6632,5041,   
-44.68816,20,0,0,14326104,0,0,619265500,-6133.004702375177,-2143.620920851662,8276.625622168542,-106331.12819636152,-22709.32313206531,1165640.1049887487,2379.4026,300.59048,   8424,1550,   1236,379,   45,4403,   407,129,   8380,2547,   1234,7784,   3010,1951,   25,7516,   1858,5578,   2436,4938,   
-70.8874,20,0,0,17082964,0,0,651460740,-12057.401004147865,-3837.7932668086482,15895.194273259272,-200959.181924376,-53182.28677051486,4242740.0807333905,2834.907,284.27808,   949,2905,   3409,8403,   6148,4080,   882,2264,   2804,7877,   6230,182,   5135,7629,   3353,4219,   6337,7969,   6371,6143,   
-27.441078,20,0,0,14927633,0,0,450260670,-3908.1733754922298,-921.4987189647352,4829.672091591537,-66484.63135074754,-10473.101658728168,614589.6193508375,2422.8142,288.8599,   573,6269,   964,2630,   8312,7338,   8047,2956,   327,2400,   8165,5968,   7864,1693,   4091,5519,   6577,1269,   2667,4400,   
-43.807655,20,0,0,22583475,0,0,678448700,-8004.280037839113,-2588.0863194662797,10592.366356960027,-125066.51795072458,-43274.314333341594,3451653.0614856863,2854.901,240.19495,   3521,6579,   5761,503,   4752,1052,   2649,3816,   7033,4241,   1178,2324,   7642,4729,   4365,3116,   1940,779,   91,7245,   
-102.44592,20,0,0,7877903,0,0,251655100,-14540.295713841111,-4412.0247635914575,18952.320475701923,-235090.14620131647,-47185.37494015944,3778648.4250137545,2294.773,251.54196,   4469,6361,   1937,404,   8148,262,   753,3441,   3537,6269,   6077,5068,   5302,1970,   2621,2429,   508,461,   6313,7259,   
-51.271416,20,0,0,11487405,0,0,230609300,-5175.1309779419635,-1965.344992625417,7140.475970563759,-89013.1990933434,-30605.080800132022,1064160.0986179507,1736.1173,224.00383,   4688,4230,   4358,4521,   1221,5840,   6762,3134,   5764,975,   3579,5798,   1177,3857,   8367,5596,   4642,5357,   790,4490,   
-23.703049,20,0,0,16325365,0,0,869277300,-2498.043877118999,-730.6726591912974,3228.7165363602976,-44078.87298919666,-8683.046288120231,425754.70796529396,1859.6288,217.46663,   299,7643,   278,764,   6599,4546,   5458,5671,   2108,1935,   2607,1478,   2901,1268,   2557,239,   2002,5851,   7618,2307,   
-16.23238,20,0,0,14535858,0,0,220243100,-1879.7912822196472,-627.4232274351433,2507.214508948993,-32583.70853526851,-7004.40763934635,549773.4571288704,2007.328,251.7251,   1935,6055,   6113,2562,   2690,279,   3890,1444,   2039,5461,   6223,3586,   8106,1822,   6960,5480,   3951,3594,   6357,5110,   
-15.127383,20,0,0,28495367,0,0,843898050,-2576.848532487427,-756.4325382025448,3333.2810709934965,-43662.193745622426,-7878.700993878801,1098132.8567208173,2886.302,267.43826,   382,1090,   1026,3828,   6804,2100,   2897,8345,   1300,8128,   3593,7226,   6174,6919,   2554,2679,   1530,6152,   6509,6320,   
-60.80592,20,0,0,11041134,0,0,328987260,-11058.428069418129,-3067.4860711082265,14125.91414078012,-166207.54331939053,-30062.218745622005,4386321.097193683,2733.4106,267.84094,   655,4013,   3632,5082,   4147,7456,   1808,1078,   2743,5512,   4723,6844,   7929,2507,   1925,845,   5028,2285,   4194,590,   
-21.128569,20,0,0,7982120,0,0,146162460,-2666.8069617344318,-1472.6277086181537,4139.434671155792,-45798.102973508,-42652.417167566215,960166.7340243371,2167.5913,310.35016,   5817,3981,   144,2346,   1867,7433,   5848,1187,   7704,4280,   3950,6234,   5521,36,   4454,4805,   5894,4379,   8116,7783,   
-18.606098,20,0,0,27585319,0,0,850749800,-2744.0133392829625,-924.6313104674557,3668.6446486415075,-50915.21249959749,-10749.255436776453,809856.5539269707,2736.4797,242.33658,   292,1818,   5601,4223,   3405,5185,   7732,3666,   4994,1709,   6087,7681,   1958,5918,   502,5110,   3868,1285,   3214,5150,   
-19.678051,20,0,0,28852075,0,0,904817860,-2584.749051633356,-1082.9963216482156,3667.74537228018,-48700.24134914351,-13710.65993673085,1404233.0517463023,2474.8508,243.59818,   1608,620,   1810,6899,   1562,6924,   1322,7893,   6489,5556,   3387,649,   2605,4846,   298,3999,   6815,4356,   7377,5118,   
-47.872585,20,0,0,19022839,0,0,599214500,-7582.475707842905,-2896.7038771090133,10479.179586644614,-118881.01390667217,-29391.10983313841,2268778.212748667,2483.2795,321.07486,   8136,2181,   4629,5994,   6629,4705,   4276,8038,   7969,7780,   936,4608,   1164,2965,   6174,8107,   7,7138,   2661,4916,   
-9.366252,20,0,0,12288978,0,0,311044580,-1710.3748599763148,-694.6159132297126,2404.990773519352,-29307.772299668155,-12192.479717054686,683941.7196509723,3129.0823,279.78052,   3862,8275,   5613,7874,   6758,5437,   5076,5547,   5620,4939,   6730,7948,   2343,6532,   5450,7862,   4427,4252,   269,5292,   
-19.569727,20,0,0,11350454,0,0,459315460,-3398.975158377054,-1249.8273092926215,4648.802466280618,-57623.99982565057,-15801.981909837614,864555.5986740376,2944.5479,310.3266,   2648,1720,   8359,7144,   4619,7214,   7920,8075,   7108,626,   3992,8113,   1695,2461,   1256,8296,   5004,5191,   7672,1191,   
-60.324303,20,0,0,10592117,0,0,295695230,-7996.178351733679,-2532.3014987723136,10528.479851850612,-138912.4811258273,-25372.14180001579,1258342.4362516059,2302.7615,234.51888,   8065,7164,   2417,3030,   1049,1423,   2264,3068,   5951,6747,   3680,4191,   6868,5804,   2268,2142,   8352,6904,   3254,7979,   
-0.8415075,20,0,0,17776566,0,0,758621250,-217.31076903791177,-89.91930852280635,307.23007753552207,-3251.832267933056,-1218.5771669004655,126521.22098692995,3864.294,315.85202,   5953,5436,   6875,4994,   946,7053,   6253,8318,   5275,5589,   2858,7671,   5015,7514,   5663,3920,   7738,5328,   6094,3195,   
-55.22433,20,0,0,23166020,0,0,996808260,-9763.194133315395,-2848.5495657060737,12611.743699366898,-162378.7371128454,-33372.68954601675,3355237.6164832925,2940.3477,266.8236,   4950,4852,   2124,360,   5381,8236,   1245,4326,   193,7550,   8379,6535,   1936,8129,   3674,2628,   288,5859,   2083,2432,   
-73.62338,20,0,0,6772318,0,0,103470736,-6509.8380464546,-2145.7771380779673,8655.61518209957,-102814.04966799672,-23255.712698958727,1025742.351144901,1396.4863,246.62335,   3606,2381,   6228,361,   3888,4444,   7611,7790,   140,6783,   2839,3024,   810,58,   3028,1100,   3312,6514,   8048,1146,   
-52.225376,20,0,0,11249985,0,0,302682140,-6621.504360200283,-4003.8301600671925,10625.334520199627,-116750.2346198427,-101697.42940830314,1541046.692373333,2235.5078,247.45763,   5807,1926,   8125,6161,   5645,4759,   5735,5322,   3839,3035,   3631,1878,   3244,3662,   8025,2568,   7059,1763,   4907,937,   
-26.953653,20,0,0,18139012,0,0,547693570,-4499.018486724882,-1202.6836236290576,5701.702112017586,-82969.10520162016,-15608.208794575428,925403.504153909,3078.2136,266.03525,   624,1890,   4185,1845,   4710,5355,   5725,1878,   5100,2573,   7752,2209,   6247,937,   5060,1680,   2692,66,   3151,7565,   
-24.368315,20,0,0,10352601,0,0,274630050,-3754.3200162209323,-1145.672185084879,4899.992203190106,-58996.741865475306,-11913.083300862701,1085547.2863839976,2421.0432,271.686,   7145,2289,   3951,5541,   3152,960,   8215,5583,   469,460,   2476,1549,   1607,7111,   521,3917,   6177,6280,   1450,290,   
-57.02859,20,0,0,18525415,0,0,404302430,-7552.588088724134,-2107.223431571788,9659.811519163,-120002.50952394385,-20543.419727274835,2028822.0679313529,2104.2517,201.9211,   7470,3856,   221,1265,   3718,1421,   4067,2307,   7037,6345,   8311,6993,   7047,5778,   2227,6770,   6375,7079,   7128,3750,   
-40.133415,20,0,0,27279021,0,0,940070600,-5603.924650448343,-1609.5828348912519,7213.507487924211,-100431.7398131375,-20909.6559655025,1693339.3138349808,2502.447,229.89354,   5576,141,   1409,4640,   97,6203,   602,7572,   416,1143,   3938,4848,   7051,2861,   95,3289,   2068,2685,   1823,1731,   
-26.925684,20,0,0,7017112,0,0,220525860,-4842.015879691261,-1861.8107980388872,6703.826677838498,-83220.12172600487,-21993.125774757485,1121527.0603538714,3090.734,286.35696,   5329,5908,   6982,2560,   584,3919,   2937,4264,   4883,2186,   5977,7533,   7587,6136,   3150,7328,   2447,4017,   1168,5951,   
-7.3259096,20,0,0,8530210,0,0,245814160,-970.4029432805518,-308.62685102834206,1279.0297953230215,-18924.505265904674,-3603.2137375135717,167540.66815743054,2583.2295,278.1996,   818,4930,   1890,5893,   2406,3463,   8377,4186,   5682,7374,   4702,3689,   5256,5397,   6856,8103,   1594,7285,   4055,4613,   
-114.6123,20,0,0,6905821,0,0,128579570,-11716.029411847889,-3827.704347635868,15543.733761847525,-196236.69099146946,-49164.582939523636,2378476.697240112,1712.1783,231.95241,   3265,4773,   2688,6665,   3601,4840,   5696,915,   8147,1202,   841,6486,   1517,4307,   912,398,   4017,1088,   153,5557,   
-11.121135,20,0,0,14733913,0,0,604070300,-1813.9731974604872,-569.3029614351873,2383.27615895713,-31587.77341561034,-6469.173059860714,587128.1784889163,2840.3372,243.76036,   3978,7187,   7018,5945,   5920,2287,   2277,2190,   7716,3482,   5734,3598,   8398,4991,   2685,4480,   2241,3661,   2291,6001,   
-136.24777,20,0,0,20152446,0,0,777054400,-14648.358267669373,-5186.866966354597,19835.22523308109,-265980.8382883354,-78575.72974795857,5085699.995159398,1952.1848,187.23538,   6202,7461,   4475,4480,   6532,6651,   2172,948,   4484,6457,   4086,505,   7131,6934,   634,4514,   6191,5179,   745,1314,   
-29.437012,20,0,0,14606996,0,0,602248770,-4596.030042235251,-1921.5618707563767,6517.5919105443845,-80105.85188066287,-25600.662135650957,1426720.1933115926,2721.263,300.78394,   2563,3506,   1634,4664,   3904,5679,   6524,4962,   1622,4868,   6592,356,   7233,2588,   7790,4952,   2711,2537,   7848,7704,   
-49.836464,20,0,0,16848424,0,0,411898300,-8333.939147154233,-1739.6609381731234,10073.60007165849,-121144.76197962821,-19619.011968358154,1020692.6397127237,2430.846,207.08337,   114,1328,   6141,1258,   7831,5228,   4903,1463,   4356,6606,   6724,5498,   2915,977,   3437,2696,   5826,8246,   576,853,   
-41.569336,20,0,0,16466898,0,0,432010780,-5468.679371785413,-3144.0049863809068,8612.684358555012,-116852.4980707085,-75120.901526655,1472593.1967097654,2811.0264,271.83798,   126,5646,   7762,8052,   8301,3730,   1708,4542,   7580,4118,   1802,3653,   5767,1477,   1199,1234,   5800,376,   5269,7111,   
-104.120865,20,0,0,26217495,0,0,700641000,-10794.191434158234,-3315.3219287907505,14109.513364251645,-218940.09993987452,-39341.14476655286,1989928.7561051266,2102.7495,236.28152,   776,5061,   606,3451,   6579,1094,   5876,6255,   7586,5093,   7561,2901,   1961,6995,   7577,2904,   2002,6525,   1393,4101,   
-71.01857,20,0,0,20816869,0,0,723659460,-9788.16582866784,-3819.6037060425083,13607.769544548686,-154788.1070450378,-42428.487989332214,2221824.015675216,2179.5442,272.1602,   3519,360,   2319,237,   4803,3070,   8166,1438,   8214,2203,   5332,5450,   2977,1900,   76,3501,   5040,4310,   1472,7206,   
-4.4615855,20,0,0,7531760,0,0,357221250,-1056.6858309297643,-651.0358958186912,1707.72172383598,-13374.530652969397,-8952.336919259016,403652.48348341906,2997.708,313.15027,   6289,3888,   5391,2486,   4992,7337,   1692,7208,   2335,6731,   7668,7710,   7419,1167,   3591,415,   2741,368,   7083,3508,   
-0.9651601,20,0,0,18604332,0,0,900740350,-188.48462212207974,-125.79388265561703,314.27850490525697,-3384.3201399525105,-2564.3967336762516,150935.52808204442,3506.4858,279.36975,   1364,4438,   6477,5383,   8197,2111,   8360,60,   6918,4076,   6299,6127,   5052,2622,   6248,8067,   3404,8269,   3681,5902,   
-28.660057,20,0,0,19567534,0,0,614773200,-4466.4967211930925,-1662.086511889953,6128.583236499142,-69511.66044593813,-19020.43571780513,1239798.7537554693,2425.3848,242.6391,   1378,957,   7538,1482,   2971,6057,   6467,1809,   6745,8097,   759,4672,   5663,6400,   5842,1850,   5847,8,   2724,2881,   
-81.81669,20,0,0,26652262,0,0,587556500,-11785.53031547623,-2943.733225738717,14729.263540759533,-186780.09621546505,-28188.950298320677,4727827.633738608,2282.9094,211.59149,   7413,1631,   290,6694,   431,1540,   2658,4796,   3355,3960,   5447,2908,   5122,1181,   2130,406,   5336,4994,   2412,2140,   
-117.66302,20,0,0,6558752,0,0,116591610,-14828.183824255662,-4352.928402888215,19181.112215533776,-248340.72140084364,-59700.594754357924,2083352.6393107537,2110.6099,235.97006,   4079,6550,   1751,7256,   3316,1627,   464,7088,   5216,4398,   2219,3396,   5544,799,   6924,8182,   667,844,   1051,1431,   
-22.8695,20,0,0,18812980,0,0,530194750,-4534.0753108128065,-1213.392484619038,5747.467797355247,-77650.16130081765,-13397.713181918705,952353.4823053749,3395.3591,287.164,   3399,1670,   6890,2784,   2650,6287,   7985,4482,   4270,5435,   4950,852,   6032,584,   7237,863,   8316,1469,   3377,7239,   
-34.621944,20,0,0,8994628,0,0,243870180,-5032.61158507828,-2391.509471074121,7424.121052866573,-81082.48870190655,-31864.88778706595,1466285.73970095,2341.9392,306.596,   1075,4006,   8015,7393,   1740,2050,   5799,4322,   2692,2383,   8174,4492,   3943,981,   7177,2409,   8096,7402,   4606,5465,   
-35.37791,20,0,0,32625276,0,0,1.3736906E+09,-5595.9566830717395,-1607.272948971268,7203.229630273224,-98151.41171578916,-20175.65916107246,2752572.505977721,2774.37,300.62674,   2077,4418,   2817,8216,   7883,1366,   5799,4960,   1998,6061,   8301,7634,   5902,2247,   355,7828,   2091,7932,   1043,599,   
-10.232218,20,0,0,8476772,0,0,167196340,-1606.175822625874,-937.8950585983271,2544.070881648088,-28488.13627065485,-23855.225600671736,406887.27045315685,2784.1604,275.35004,   487,3662,   1789,1887,   5697,457,   5345,5051,   1842,4828,   1202,913,   5298,6348,   5162,5092,   1188,8234,   7945,374,   
-75.28771,20,0,0,28159842,0,0,1.1901924E+09,-11515.55841988097,-3229.660768573569,14745.219191042472,-185999.01746761598,-31950.17721594891,4201283.133802003,2470.5095,238.0206,   4687,839,   2324,5067,   2517,540,   7025,1695,   625,7784,   317,163,   6358,4007,   4978,6851,   2629,930,   2519,7426,   
-8.775647,20,0,0,17132908,0,0,744813950,-1430.1948015935786,-553.4112429391522,1983.6060438774439,-26052.91507575557,-13789.233227232458,420373.1987820512,2968.7742,267.8244,   4457,748,   3118,5606,   4858,7388,   2335,7990,   5521,3699,   6640,2292,   8423,669,   4347,8083,   1338,5158,   7805,5156,   
-46.606876,20,0,0,18011778,0,0,380744740,-7561.008857307735,-2498.755885713523,10059.764745683586,-115705.83270553105,-24469.91647427554,2735250.249008634,2482.5916,206.32907,   1867,3650,   4426,2493,   4510,1038,   2991,1291,   1369,6746,   2463,258,   5714,519,   4352,3939,   6157,5154,   208,3565,   
-23.451021,20,0,0,14379793,0,0,728742900,-2541.1423081538956,-1064.7050017323033,3605.847308590362,-54230.580718148565,-25496.177276643804,701428.0066157905,2312.5042,213.1768,   6641,7471,   4610,5362,   1144,6461,   176,5688,   8095,5330,   5513,5906,   1560,5799,   5558,807,   4757,624,   1095,3819,   
-9.024684,20,0,0,17523073,0,0,612188900,-1426.7036385362783,-455.6716477315575,1882.37528669634,-26851.521181782962,-5771.178201481845,610713.746028096,2975.342,293.17935,   4396,1044,   6620,7210,   1235,6382,   5013,7904,   4752,408,   1926,4619,   4950,4240,   6951,2831,   7476,7499,   1349,6484,   
-95.608,20,0,0,19674048,0,0,585644100,-11669.003737764366,-4459.784258687006,16128.787999278702,-212950.6909083763,-58138.75724658672,3637982.5898036486,2227.3313,267.71,   862,5738,   1631,4475,   1233,4992,   7133,8351,   3397,3545,   7617,5533,   4058,4824,   7604,5597,   851,5835,   4126,3198,   
-55.117188,20,0,0,29391915,0,0,1.0939654E+09,-7825.775865138286,-2418.099002547964,10243.874866565271,-151146.085416678,-28579.060763776546,2252619.5504608527,2742.2676,282.6343,   1447,708,   935,7686,   3404,893,   956,5756,   7284,2726,   1767,5694,   7710,3046,   2957,7094,   7848,2145,   5977,4679,   
-43.47396,20,0,0,18658403,0,0,299465860,-4219.913479222737,-1166.8868435896197,5386.800322630995,-73156.55439366186,-16907.40497343269,1290606.5033202996,1682.7672,205.04749,   7684,5098,   4506,1207,   1227,4829,   560,125,   5071,1353,   1980,1640,   3373,6587,   5037,154,   4802,2380,   1070,339,   
-23.84242,20,0,0,21233143,0,0,486722530,-3951.6509172073065,-1323.1043692992305,5274.755287253236,-65677.67410423035,-15201.679288722366,1221464.991528339,2754.6562,285.95193,   4035,1376,   1066,670,   1778,1923,   6258,1011,   1867,510,   6184,7142,   8294,7883,   3949,4784,   4637,8164,   6459,7011,   
-145.59657,20,0,0,3130969,0,0,45395604,-8501.318317669304,-2631.3284047762118,11132.64672831988,-158453.90499186795,-31660.189764842995,1170851.1688838287,1088.308,230.65714,   332,831,   685,5930,   746,126,   2320,1123,   6445,2803,   2292,5467,   1074,5637,   643,6308,   4032,3836,   7864,7740,   
-34.20964,20,0,0,21850274,0,0,622712260,-7080.637874624726,-2372.5936116231833,9453.231488108127,-101838.28983838843,-20231.560777755418,2564516.1066642627,2976.8887,284.70172,   7006,7985,   6694,4561,   3605,3273,   1782,3925,   2637,252,   3952,5073,   4357,2495,   7,3204,   690,3571,   8360,1652,   
-117.09594,20,0,0,17334324,0,0,481447260,-12586.826077032629,-2743.6690423371424,15330.49512162716,-214218.6242943645,-29103.001229126054,1237793.9137312223,1829.4283,247.25522,   8038,5134,   3001,7500,   6654,717,   6067,2656,   7240,6077,   752,801,   300,7154,   4,783,   2572,4560,   2325,5908,   
-19.761566,20,0,0,14907046,0,0,541874940,-3347.1219920108324,-1407.4120455997195,4754.534038562307,-57312.27849780612,-22507.216462150474,485725.36139806674,2900.189,300.267,   6779,6831,   6921,6193,   7286,5654,   1109,7015,   5630,5874,   5617,460,   3911,6212,   8138,1871,   4983,7630,   6342,2888,   
-12.793604,20,0,0,26321693,0,0,503168320,-2596.6443069239303,-1045.89948795491,3642.5437922139517,-43115.87022099702,-11932.96539463623,1206421.7160885364,3370.1116,291.59,   5641,7561,   5121,4996,   7935,3151,   4773,5639,   2490,7659,   631,4566,   1246,2452,   3308,1207,   6648,5244,   213,1000,   
-10.802473,20,0,0,19815865,0,0,902215940,-1690.684429297421,-1079.8666818709346,2770.5511118236886,-29136.433499224415,-32432.345200302043,353822.20334495575,2697.2002,278.0375,   8043,7488,   5462,1365,   459,292,   5325,2523,   7452,6569,   4235,3378,   6653,7872,   266,7653,   1709,1925,   6694,4134,   
-12.252859,20,0,0,20361367,0,0,646025200,-2122.106308358464,-811.9431477247939,2934.0494558301416,-35057.61720424055,-14233.793939346004,672539.9478457324,2861.1785,267.02258,   880,3906,   4524,6406,   5242,1051,   7649,1458,   2903,6930,   3658,8175,   7416,5342,   3281,6589,   2099,3755,   4537,7642,   
-2.949564,20,0,0,12599488,0,0,464114460,-568.9554308709822,-229.84360461699873,798.7990352939944,-9595.135202747932,-2562.704580684187,312963.96913696645,3253.0688,270.4193,   6261,2249,   6622,4356,   3423,5689,   6348,1809,   2186,4091,   7933,4723,   6985,4515,   119,4136,   2963,7492,   4558,7844,   
-30.255838,20,0,0,16927671,0,0,522242780,-4486.277326925879,-1363.3595357317593,5849.6368639725915,-74707.66851589977,-15754.698043490043,1858604.7112931341,2469.1985,225.93166,   1079,3866,   8056,521,   2910,4496,   4397,1310,   4591,2112,   5554,6390,   5824,7487,   6308,7066,   5719,168,   2982,7989,   
-4.013696,20,0,0,17060777,0,0,615860540,-665.6485989973227,-294.6215190659599,960.2701178373846,-9891.03702113618,-3736.4595687370243,265038.2297748718,2464.3213,319.99008,   3138,5839,   7708,7247,   7433,7371,   1189,2901,   5223,7580,   3625,3043,   7632,5128,   6563,2395,   2629,6101,   1445,7363,   
-25.040829,20,0,0,26310735,0,0,578864450,-2690.892467331858,-1190.7412516783552,3881.633720529614,-48020.94247675681,-13824.801926908489,1303521.0346631682,1917.7057,273.25592,   1291,5037,   5654,73,   6973,1543,   7335,7934,   6642,1489,   6852,2795,   4509,5005,   4705,3675,   4594,809,   1523,3975,   
-1.1108396,20,0,0,4737196,0,0,173886270,-240.39296716605634,-120.41208728781334,360.80505440490555,-3909.0268363209757,-1386.2218431362699,129760.13591772325,3518.9841,294.96442,   3307,1496,   4523,5447,   6922,2511,   7193,695,   924,3913,   4437,8054,   7158,4055,   6697,6537,   185,7635,   274,5890,   
-85.72569,20,0,0,12249822,0,0,229352190,-10238.65572523062,-3183.037013153896,13421.692739576363,-177819.04228948918,-44368.324250996615,2881361.308332259,2074.2795,197.513,   35,1691,   4694,3734,   727,830,   6969,2627,   423,2887,   6237,1820,   4577,5905,   4056,8231,   514,206,   1586,4462,   
-54.26569,20,0,0,6664730,0,0,245891460,-9291.174504706465,-2945.2127474590247,12236.387252981967,-153184.092866926,-36708.44806842013,3792433.255626996,2822.8535,244.15662,   2785,6639,   7009,2729,   5487,7234,   4073,454,   6743,6604,   3490,5395,   534,4069,   3939,1616,   5237,789,   4720,6092,   
-28.20494,20,0,0,24143981,0,0,701289340,-5124.7039520953385,-2152.381554285003,7277.085506986075,-77443.58046248622,-24907.934088887676,1593188.507847211,2745.745,249.70503,   3977,4565,   271,6473,   6112,2617,   3476,1252,   8435,6901,   6022,8414,   6048,4248,   3104,1832,   3117,1965,   6682,1928,   
-29.972656,20,0,0,18714246,0,0,845007550,-4255.872292027425,-1193.4015394423636,5449.273831636396,-72715.19632872618,-13178.66134388772,1202637.8942395628,2426.051,262.94357,   5193,6514,   4319,2255,   7832,841,   1285,508,   1966,2439,   2994,8160,   3922,3930,   484,6656,   6367,536,   5052,2870,   
-45.747696,20,0,0,14311432,0,0,516485920,-6052.322937226084,-2562.0873866472016,8614.410330475033,-105555.3581181159,-43972.64035040439,1409484.8471850948,2307.3372,232.58287,   3757,2820,   455,8278,   581,3511,   7782,4722,   964,2107,   6934,3271,   2543,2791,   898,5899,   246,6452,   7076,5270,   
-11.08846,20,0,0,10255835,0,0,266965360,-1437.372277948786,-675.496439593125,2112.8687160031996,-27775.551074787963,-10852.96998495852,617805.0652787125,2504.906,226.71236,   1331,2968,   7722,5995,   3907,6298,   4492,2117,   3763,4884,   3900,2581,   5348,3811,   6607,2372,   6058,4477,   1674,4320,   
-21.152512,20,0,0,17264620,0,0,474788740,-3640.766715253919,-961.840390595988,4602.607104860044,-58148.57319247192,-9438.917353395545,2251826.9404676277,2749.0151,299.4298,   1495,4998,   7979,8294,   3941,8158,   5617,1131,   3031,3020,   6409,8351,   1895,8218,   1539,789,   3534,2896,   4370,2719,   
-16.02005,20,0,0,14072616,0,0,723168400,-2213.779854943564,-790.5849550692408,3004.3648099924376,-39815.12064611486,-8864.161670575375,447203.9234495176,2485.3306,255.21799,   7455,5665,   958,4516,   6642,4353,   6358,7168,   4620,6962,   8276,4204,   4778,2755,   3775,4768,   3424,7863,   2053,4185,   
-17.3141,20,0,0,16125425,0,0,681260030,-3031.966551108578,-1228.932824761927,4260.899375945423,-57764.29548246978,-24567.264416683473,663795.1891239497,3336.2573,311.2507,   681,3361,   7521,743,   6910,3985,   685,5566,   2272,5817,   7273,3162,   106,7390,   5301,4265,   4040,3463,   1651,8024,   
-50.13897,20,0,0,14559850,0,0,362155680,-7284.3441361344185,-1693.569666797663,8977.91380439443,-111237.40698573121,-18560.17161379624,993356.1987692331,2218.5818,231.54126,   1799,6884,   4947,4505,   3180,2205,   3573,7575,   4442,5206,   5800,4106,   842,185,   2038,4094,   6579,215,   6041,2657,   
-15.260004,20,0,0,22998786,0,0,646601200,-2543.1905806634454,-1026.7886750846917,3569.9792560274277,-45469.15004475001,-13143.764276991807,758173.562396948,2979.629,296.35953,   3667,792,   4895,7238,   8124,5113,   4098,5823,   5890,7945,   728,8397,   6211,2465,   2385,2232,   6849,3016,   5998,4705,   
-27.206535,20,0,0,20086596,0,0,526307800,-4242.3721768398755,-1214.880525838805,5457.25270228426,-68228.00059134506,-14765.580835564453,2556902.705788978,2507.7798,224.8611,   411,1546,   1123,5502,   17,3166,   2319,8357,   5352,1207,   6122,3824,   5857,7430,   4356,1007,   1989,6144,   4816,6502,   
-21.096191,20,0,0,5701327,0,0,274146370,-2807.901066132425,-823.1910670688081,3631.092131936888,-48102.40232975383,-8321.658267589037,415088.5632288252,2280.1462,275.6798,   6542,6186,   1685,4933,   4477,5839,   6331,6813,   6235,8241,   5680,3563,   2652,1336,   2245,2121,   8104,7829,   7221,4957,   
-37.554527,20,0,0,13488140,0,0,464663260,-6408.707129741076,-1721.2194031226757,8129.926530830205,-108381.94256041221,-18960.72399790181,1241761.4839185032,2885.9888,288.8649,   2794,4176,   470,4683,   1823,5339,   2539,7217,   6544,1378,   242,705,   6635,7932,   6598,2661,   8296,4626,   1024,2613,   
-29.244253,20,0,0,9121340,0,0,224863010,-3328.584947772252,-1514.490169778496,4843.075118392314,-56919.64353754356,-28233.270449610096,937894.1378822072,1946.3531,240.20403,   5271,3942,   2122,5547,   3962,2559,   1171,4521,   5184,2235,   1338,2595,   7359,8294,   3708,2366,   5715,5437,   3109,7573,   
-9.452739,20,0,0,18270944,0,0,574135400,-1843.514333223697,-583.6271242537172,2427.141457643485,-35515.05390265097,-8094.842676532873,589376.0914699413,3757.118,347.6773,   3300,7549,   268,4856,   7999,4975,   5363,3156,   3173,8019,   2260,3477,   6805,4607,   8122,7287,   2054,3359,   720,7700,   
-51.214535,20,0,0,18834603,0,0,408782340,-6896.723209370163,-2108.157938213647,9004.88114930434,-119251.57862611758,-24223.102989443723,2759254.785192878,2328.4714,254.75095,   4168,6453,   2033,4309,   40,6083,   1781,6776,   4223,4232,   5382,2859,   1516,1886,   7749,6158,   3673,5701,   5984,7423,   
-29.056133,20,0,0,14349452,0,0,457820450,-3563.165808378745,-1073.509521972267,4636.675330300343,-62295.05997478001,-16986.215686243315,1313515.4812538016,2143.9556,209.19313,   5631,6450,   1348,5600,   8411,6296,   4226,2752,   172,4856,   312,2356,   4716,3845,   3405,5282,   5515,4395,   4816,1915,   
-21.397633,20,0,0,16719775,0,0,540884500,-2053.3542746857115,-850.4166750091067,2903.770949432632,-35766.24694799422,-16473.381854792508,970321.9140991622,1671.5049,221.39938,   3194,7022,   7368,7377,   2637,7837,   1961,4918,   5293,1963,   3614,4788,   5811,1733,   2068,6153,   5105,4868,   4333,2179,   
-25.839964,20,0,0,19876843,0,0,813989760,-4922.378935229505,-1714.117254130988,6636.496189263092,-80936.03579325574,-20220.692018317,2187761.1353035313,3132.204,292.66556,   1856,7464,   6603,7803,   3919,3026,   6578,6107,   6917,2467,   642,7714,   885,4068,   4229,7044,   7518,2406,   2963,574,   
-38.47366,20,0,0,28321709,0,0,880251700,-7442.898833217659,-1818.1713347699426,9261.0701695026,-123786.73793526347,-18901.974365846636,2534989.569262088,3217.4412,269.95212,   4335,7744,   5895,6644,   1242,3960,   4980,2983,   1776,5688,   176,647,   61,2636,   59,4165,   419,8001,   3457,8047,   
-15.977279,20,0,0,18233463,0,0,464512260,-2489.551019762836,-1205.2983514121786,3694.8493712975946,-46585.80997212136,-17516.693284131678,1010908.0543687533,2915.7537,268.22046,   1258,4289,   6437,2825,   1321,4336,   3902,1743,   5939,3460,   7071,2698,   1905,3759,   6279,2548,   1569,8394,   6561,8395,   
-3.8292232,20,0,0,23071447,0,0,709456060,-874.2566575487958,-487.2836502679202,1361.5403066353883,-11644.240394307253,-6672.857190804395,321731.15047287615,3040.8884,301.77026,   6481,3594,   4331,1229,   2290,8431,   7652,6684,   4009,64,   6625,7952,   7384,3351,   7751,46,   1307,3069,   5323,5341,   
-62.790844,20,0,0,23810967,0,0,359652670,-8633.8888579645,-2888.2184681538024,11522.107338624954,-139845.18547230406,-29730.961115056765,3974008.512471616,2227.159,221.83167,   57,3237,   5479,6751,   7052,5913,   7178,4737,   4793,5946,   2596,460,   1439,3498,   1566,6100,   8394,5208,   535,1326,   
-6.907477,20,0,0,22719519,0,0,635488770,-1038.8718789142586,-448.24483803079335,1487.116716177702,-16798.60252216997,-5971.599153376541,592299.386795426,2431.9446,247.48395,   5119,5654,   6170,5875,   5271,7554,   3750,6989,   4444,6233,   1240,6935,   3071,1219,   8337,3243,   6550,6015,   2612,4812,   
-25.012926,20,0,0,24707272,0,0,586470700,-4335.099880879887,-2169.422193426023,6504.5220705893,-69498.44537831617,-35572.19797186406,2077659.0970341947,2778.5012,250.03159,   1252,2914,   1891,6498,   5903,6165,   6513,3886,   1785,1651,   88,4535,   2534,3997,   222,2839,   5503,8039,   1480,7934,   
-41.81256,20,0,0,15143922,0,0,377600450,-6070.940201553123,-1949.9999913746833,8020.940195326748,-97431.9460176079,-22117.347171560406,2187254.0238782293,2330.2075,282.61133,   2163,188,   293,6995,   4705,4096,   5824,220,   3597,6758,   7985,2378,   2596,4158,   73,2205,   3762,8108,   8408,7541,   
-9.272009,20,0,0,18933072,0,0,499203700,-1289.4701277156137,-530.9407321732997,1820.410860238553,-21638.36490124725,-7374.663264391642,288064.6621239871,2333.73,238.58618,   1041,8300,   5203,2793,   6145,5141,   4401,7509,   997,5497,   6175,6947,   4534,3113,   2649,1063,   2621,3331,   1792,1807,   
-38.501102,20,0,0,18983415,0,0,844777600,-4537.393446435492,-1420.669580551525,5958.063026283639,-96150.73501774672,-18021.6724507674,868924.052853002,2497.35,263.34875,   340,6293,   289,3462,   2102,6145,   1939,6811,   3924,6452,   7512,5831,   8067,2375,   6893,2299,   3420,5936,   850,8000,   
-4.9972863,20,0,0,26056067,0,0,1.082697E+09,-1443.248779063972,-348.6187598487034,1791.867538691785,-24075.60346332893,-3297.5555025451026,829366.4351242108,4817.7354,354.8264,   8130,6751,   7658,6535,   583,1037,   6280,7918,   1509,7445,   8020,431,   6315,6600,   7201,3183,   8010,1741,   690,8435,   
-37.871727,20,0,0,10169938,0,0,336432130,-3060.466586865872,-1034.6205717363616,4095.087159480556,-59987.135488894615,-12251.312887929447,675406.1994260754,1583.9557,183.14967,   3202,6025,   3585,2980,   6421,344,   7315,2159,   4655,349,   6078,5121,   2480,2227,   2112,2025,   7070,2189,   2879,1064,   
-86.67154,20,0,0,8801370,0,0,163794240,-9921.168592758495,-3422.898058235782,13344.066657235491,-155554.40086007566,-48062.37085699845,3269972.374397593,1794.7576,255.05583,   8301,2456,   5302,4914,   6868,7081,   7951,1467,   3609,3709,   2724,1679,   5245,851,   4797,2105,   3165,4677,   114,238,   
-30.97386,20,0,0,10603670,0,0,291359360,-3612.7754662828843,-1190.7061842341416,4803.481650201062,-62625.749296217284,-17429.093685339634,860074.0028722571,2021.8904,261.9459,   2158,4120,   3262,1159,   1366,2899,   6387,4087,   4487,5176,   4548,5821,   4548,7775,   7297,8062,   133,745,   722,7106,   
-31.166687,20,0,0,14622039,0,0,401791620,-5482.737841509577,-1880.0696360903692,7362.8074827852515,-100554.96198042145,-24061.550940937184,1517452.3102399088,3226.3604,307.59036,   828,5847,   6985,946,   6060,4399,   8311,1629,   5866,7,   7295,2393,   2075,2640,   7341,4180,   7630,4143,   3548,3969,   
-19.172667,20,0,0,20772463,0,0,607292030,-2681.4712027920823,-756.8434429616232,3438.3146463337994,-48164.94379554257,-10532.943758974228,1358069.7240512413,2512.1672,221.45589,   694,3863,   5416,6869,   7596,5339,   2818,5618,   717,4051,   1382,4494,   129,774,   7846,4747,   5571,2316,   3534,5403,   
-66.687584,20,0,0,16446920,0,0,483227800,-7290.7834937814805,-2383.2033256613713,9673.98681927985,-117323.09933476531,-24095.033668039483,2110646.5957909133,1759.2944,157.9536,   3023,4757,   6657,4479,   6317,2155,   3745,4656,   720,4389,   1551,5015,   3558,578,   7081,5400,   431,115,   1785,721,   
-68.19064,20,0,0,14771687,0,0,459257630,-8283.048469694657,-5860.218569619228,14143.267037572841,-143772.1939379331,-194202.68876419286,2621775.463482225,2108.3857,204.04219,   1580,2693,   911,1814,   7061,2800,   2264,1301,   3230,2594,   7045,5313,   608,6580,   946,4372,   5642,936,   552,5441,   
-27.590954,20,0,0,17789357,0,0,596667600,-3475.221737368684,-1168.9381877138662,4644.159925734787,-62004.47442978398,-19412.05504013717,1714150.164372195,2247.2754,203.5087,   1593,6597,   4897,4764,   2500,4802,   936,7986,   2128,2445,   4315,5455,   530,2813,   3822,330,   3846,4842,   5853,3516,   
-10.0439625,20,0,0,26881625,0,0,851926700,-1268.0179286062337,-423.99595452103983,1692.013882894963,-25676.417555064338,-5087.346560409348,346996.46537391364,2556.4033,310.2569,   8327,2444,   1426,6562,   5779,4673,   4406,5414,   8068,2709,   8194,7931,   7999,4780,   7563,3419,   6231,4583,   7750,2258,   
-40.394592,20,0,0,15722950,0,0,934509250,-6470.717054354831,-1879.1801906140536,8349.897248796258,-109621.90371931858,-21223.177127772717,1023969.8960510473,2713.7769,259.71548,   1864,2713,   7608,785,   6715,1590,   4782,6231,   2758,616,   526,799,   3518,5471,   5549,7585,   5171,6771,   7420,6262,   
-53.5992,20,0,0,15553644,0,0,311784480,-6030.041212229768,-2267.272831561243,8297.314049719516,-119831.48913836302,-35930.19267940275,938378.0287209805,2235.6956,290.9848,   396,3957,   8353,7855,   2687,4820,   5892,4186,   3685,402,   2535,7698,   5528,3595,   1652,5613,   3271,641,   8283,4189,   
-2.2090778,20,0,0,22615236,0,0,613739140,-383.28481043098395,-172.08182415036487,555.366634719714,-6370.5470236574965,-2322.1644785404087,217971.58009094378,2883.8037,240.7221,   8327,6611,   2655,7452,   2183,7394,   4412,2527,   7666,8413,   6684,7895,   5598,1488,   1862,6342,   2795,8188,   6533,1894,   
-36.977737,20,0,0,19582677,0,0,791769000,-4373.315300458323,-1367.23988984331,5740.555191665632,-77672.69338585738,-21076.269301887114,1661215.7886664742,2100.526,231.13051,   4134,596,   2545,2355,   6517,1263,   3707,8359,   3819,8372,   4313,4530,   6924,3231,   6370,2220,   1302,901,   5672,3728,   
-114.552795,20,0,0,19041287,0,0,589963970,-11450.457523635461,-3588.4018498111536,15038.859371495426,-195870.7433405436,-44738.256096724064,3265003.2594533875,1709.8732,172.06766,   407,3364,   4956,3708,   2154,3075,   2100,4039,   1732,3745,   2817,3518,   2543,6388,   55,7731,   4066,300,   935,919,   
-49.04402,20,0,0,14203783,0,0,570032700,-7434.417994849277,-1996.0633863165313,9430.48138339169,-133104.8807711596,-24370.288606290396,1300720.2516530447,2713.9878,276.50613,   3687,4489,   7143,7730,   4100,2153,   971,2366,   3553,8077,   5040,1894,   2516,2805,   1487,769,   4075,7273,   200,3441,   
-109.60935,20,0,0,14826639,0,0,324914940,-16540.48017726523,-5173.401424105185,21713.88159690049,-250401.5470637726,-57506.303714582806,5204912.968373156,2284.4907,268.27875,   7598,8103,   6626,73,   5554,794,   1987,535,   3176,7075,   6590,1001,   8401,4752,   40,4354,   4657,5662,   8043,1,   
-39.794415,20,0,0,16896132,0,0,503646620,-6126.86792511135,-2091.588166571268,8218.456092653505,-100644.09891059669,-23508.90812834159,1884001.3024189773,2529.1013,247.31082,   2103,8169,   486,2091,   7141,923,   1002,8173,   4900,7721,   3655,5229,   99,5929,   1757,4020,   6298,7069,   2175,3305,   
-34.094128,20,0,0,28214386,0,0,1.05153805E+09,-5912.129443004135,-1376.4919756280694,7288.621423045604,-98180.55862744428,-14818.478653315144,1163075.1981934768,2879.6914,257.13354,   166,436,   7626,4913,   1487,4038,   1928,6199,   2764,5568,   4548,6849,   7665,199,   1338,7864,   7616,4535,   1368,4631,   
-50.43024,20,0,0,17139895,0,0,327925600,-6132.810593772004,-2119.3840774148016,8252.194674367984,-108445.27074310157,-26964.48054401949,2776919.3552661194,2150.4016,199.60513,   8228,2249,   4070,3890,   3420,1361,   902,2472,   2995,4456,   6491,6023,   3487,4738,   8270,1667,   542,4008,   603,3103,   
-26.46325,20,0,0,15365375,0,0,298341950,-3960.2800609216047,-1532.998847846278,5493.278905634269,-74906.53224802915,-23575.195609428905,1439581.7159129367,2830.5872,248.44022,   7430,3238,   5409,7768,   3173,5242,   5999,8336,   4591,2328,   4839,1763,   5701,5979,   3512,6353,   4801,3736,   1493,126,   
-4.7971478,20,0,0,14705101,0,0,954878900,-1046.5262962367513,-422.0368906378244,1468.5631867604347,-17187.332257448175,-5954.802309242278,411602.8346397666,3582.823,300.2,   3135,7892,   3204,6744,   7513,6960,   3362,2926,   364,8107,   7321,3608,   3931,6700,   5636,4989,   5275,4738,   716,6614,   
-69.030205,20,0,0,13985661,0,0,266547410,-6906.702978985041,-1878.908916867871,8785.611898493255,-130773.07819384521,-22256.359861555033,1380386.34112022,1894.4326,245.70631,   3797,1002,   6317,667,   8052,4728,   322,5943,   1225,1917,   5302,5242,   2515,477,   8403,7974,   34,7100,   254,4648,   
-33.620564,20,0,0,18150366,0,0,546267970,-6177.83059315958,-1617.3947546789739,7795.2253482332135,-99917.50495950237,-16045.239171528756,2510334.7957990062,2971.9165,240.30038,   1880,3072,   7971,4920,   3442,1231,   6267,7436,   343,6958,   1077,62,   3019,3314,   4764,2133,   1575,2537,   7127,2784,   
-44.283394,20,0,0,5097520,0,0,93395750,-3483.8725901540947,-897.9983133430048,4381.870901928783,-63252.73984326365,-10442.612506769476,442446.2003908217,1428.3624,179.4382,   6638,5854,   1701,6883,   2805,2079,   1092,3454,   6733,6098,   4955,6610,   4483,4504,   4734,724,   1467,1397,   5660,6820,   
-60.47125,20,0,0,9889744,0,0,268046080,-8054.484383830104,-2454.102673691628,10508.587058633491,-131067.06238765869,-28727.730954714178,2389282.8988075578,2167.4277,270.1396,   6896,1321,   5600,2702,   839,5239,   2222,7637,   4149,6270,   6399,5933,   8409,5906,   6445,4461,   1371,1087,   2115,1363,   
-98.92003,20,0,0,18710475,0,0,383039360,-11945.03381440913,-3824.5089006802327,15769.542720798781,-208011.28748497582,-68331.10879783295,1987720.4061622974,2102.8228,191.3215,   139,2813,   702,2680,   2003,2902,   4014,6951,   7016,4039,   665,177,   5312,306,   4324,5317,   254,7434,   6043,6001,   
-21.984715,20,0,0,18695832,0,0,820096260,-3489.1741497360717,-1263.9403571944936,4753.114507425626,-60341.520210485745,-17106.557362422962,1405034.6308606989,2744.7034,295.18277,   8292,1891,   7740,463,   8135,7458,   6637,7013,   6494,272,   7789,379,   7718,4297,   6681,4083,   618,2919,   699,6373,   
-55.851444,20,0,0,13343445,0,0,772842300,-5816.165669084537,-1733.3786329686234,7549.544305321403,-100772.50137902008,-19165.79661751994,897501.156466833,1804.2953,211.30426,   1224,3706,   620,109,   620,8102,   5604,6221,   1582,1128,   4206,2373,   3479,4549,   1506,6684,   3508,239,   2981,2980,   
-72.007744,20,0,0,21907652,0,0,484847460,-10398.676504626888,-3279.9468239599523,13678.623326095387,-177385.26783387508,-44360.143313566114,3857280.8802572885,2463.4192,218.8341,   4700,5437,   457,6743,   4686,285,   895,1015,   2061,240,   4698,5771,   6734,8106,   4776,4585,   1270,7631,   3294,1913,   
-9.034314,20,0,0,8397454,0,0,212053570,-1282.614131783521,-761.4108469646737,2044.0249776536402,-19420.574330388597,-22121.206680479452,366741.8820558354,2149.6458,253.0152,   6838,6971,   5431,5365,   4502,5415,   5336,3168,   2791,8433,   574,378,   8373,6154,   1672,4223,   3249,2312,   3859,5318,   
-33.987328,20,0,0,14771450,0,0,343975000,-4912.776386511879,-1875.93256077336,6788.708948387864,-79816.06861501432,-19074.157252705914,1174824.5989062462,2348.4067,248.56682,   5325,8040,   6040,1341,   4866,6870,   4074,3809,   8209,5356,   5413,4313,   5381,1067,   4578,6164,   5,3528,   2240,7706,   
-102.882866,20,0,0,23801396,0,0,510795070,-13562.819300750933,-4436.872152725434,17999.691451319788,-258217.28348109164,-54634.79985036427,2695277.5030416218,2509.818,250.71738,   3385,6163,   6660,2063,   8101,4319,   5833,580,   6433,552,   1336,7394,   3772,6412,   5023,7233,   930,4090,   498,6068,   
-20.522861,20,0,0,21335569,0,0,744573060,-3319.054762397807,-1163.6573222071493,4482.712083085061,-58011.14410143,-11807.0126337583,1258351.5618892885,2826.6597,260.33,   1341,1527,   3395,5871,   3020,4697,   3433,7305,   1575,3943,   4218,8157,   71,4588,   1932,7598,   1380,3976,   1675,547,   
-10.632147,20,0,0,21712497,0,0,749998850,-2003.7219087061194,-811.5472170612986,2815.2691258885097,-33822.657464967495,-12864.445178382874,1101754.8392155739,3181.169,241.20822,   1036,3493,   5811,7656,   4019,6455,   541,7405,   4480,5781,   5234,4351,   3029,4608,   6365,1858,   2767,788,   7479,3404,   
-4.9744415,20,0,0,8779425,0,0,199858320,-656.1836729544987,-339.7497644333948,995.9334378396519,-10526.739511979993,-4607.620086925518,293315.2502108665,2116.165,311.6251,   885,6963,   7440,2490,   4770,1615,   7322,7619,   4479,5861,   5852,5389,   2414,8387,   5031,6283,   4152,4175,   1851,5001,   
-36.971424,20,0,0,10101134,0,0,332806500,-4521.347607435406,-1038.5599702739034,5559.90757577605,-76572.85555101663,-13485.610163556077,477661.99837040756,2071.1362,259.53558,   4156,4464,   2825,4230,   7145,8302,   5127,3898,   6659,74,   4830,591,   4933,6707,   8097,2508,   4489,3320,   2885,2403,   
-19.04155,20,0,0,22564223,0,0,789842600,-3629.0097889129856,-1463.2156577955395,5092.22544486117,-51831.10000941722,-15898.746441222216,1196263.4415726217,2722.0002,321.19916,   7568,1357,   2925,7054,   8364,8280,   1937,3077,   8013,81,   6142,7028,   7373,2478,   7683,4857,   4138,3210,   3780,4904,   
-24.14434,20,0,0,28112811,0,0,865012160,-4339.187503715252,-1296.7321342348796,5635.919638319277,-73252.05146446307,-16146.507296159403,1874353.52456563,3033.9224,269.3073,   4923,3423,   959,4404,   1030,5260,   456,4143,   290,2522,   1794,831,   1290,7883,   5868,2798,   1538,4206,   4301,7301,   
-7.9228544,20,0,0,10327606,0,0,341221000,-1077.1395660103735,-553.0371260210295,1630.1766913611232,-19934.25831966358,-11423.104494816042,280323.93204885814,2516.045,240.1979,   6365,2050,   4321,6578,   2368,6238,   1654,2455,   7459,3240,   6806,1279,   7976,6416,   5916,4145,   398,6956,   6024,3104,   
-6.078788,20,0,0,14806654,0,0,510255650,-1047.5996781414522,-494.1548488395155,1541.7545283450133,-19788.017201145532,-8456.395924824168,283512.06020947965,3255.257,294.4813,   7823,6229,   2787,5491,   6723,5311,   5738,7925,   5045,4885,   3318,8367,   7344,4915,   6975,2873,   7538,2817,   2036,3227,   
-22.728315,20,0,0,18655330,0,0,760163000,-3703.4242145890303,-1426.1900681073498,5129.614279910027,-56312.78157684386,-15676.609500242168,1219088.1164642456,2477.6487,280.26617,   3605,6436,   5119,5485,   4151,514,   1290,3309,   1967,1723,   2400,3018,   6618,1197,   7913,135,   7698,7265,   8290,5493,   
-24.318619,20,0,0,19539013,0,0,649112640,-4232.550682587276,-1146.519199658349,5379.069882307609,-68424.73672106552,-13463.721221096239,1501136.606210912,2813.6768,252.22963,   500,2165,   5846,2574,   8358,6875,   2371,3061,   7877,3042,   5043,6017,   4920,2797,   7934,1386,   1110,5737,   1339,6208,   
-55.195385,20,0,0,11570486,0,0,188764720,-6053.358146480571,-1925.7542243277114,7979.112371879885,-100582.31870223965,-24269.10993302854,2674939.3904692917,1822.2959,166.4434,   4020,2428,   5958,3322,   2484,300,   1749,6146,   5437,6839,   3610,272,   2962,4979,   2726,1440,   590,2544,   5563,5712,   
-7.997148,20,0,0,26925724,0,0,821168900,-1211.8450589276279,-423.6508952993932,1635.495954394435,-22558.693506833086,-5518.870746542036,214031.66818011118,2820.8423,231.91176,   6579,6665,   3867,7360,   5115,4818,   6533,3820,   1699,6526,   7461,1961,   5926,2082,   1473,6507,   4642,2523,   89,8057,   
-72.34285,20,0,0,19937204,0,0,682307840,-11214.058705498106,-3907.9466659430536,15122.00536888683,-190316.98236339766,-59329.33938508133,3695544.499566834,2630.7642,251.29321,   5125,4660,   6059,1038,   7868,4770,   3054,8377,   70,6493,   796,7001,   173,4062,   8064,5790,   6997,7033,   6642,6102,   
-22.622017,20,0,0,22314737,0,0,638943740,-3776.2713476343024,-1441.5293057057534,5217.800653045226,-65292.129991341884,-29897.22997631857,1897088.758866269,2886.2205,262.68152,   2202,6364,   4446,7346,   7814,1648,   2781,880,   3505,4655,   5233,6503,   2455,5941,   587,1918,   605,2829,   7927,344,   
-19.23262,20,0,0,9155701,0,0,235414940,-2887.1103460920945,-1194.9916028460002,4082.1019486983937,-46346.5958000023,-17769.932492836346,1080312.9343692637,2409.791,245.92343,   1764,6592,   3750,3641,   5730,459,   1787,1863,   2453,4118,   7946,6045,   4317,2423,   5855,7196,   214,7149,   1660,6219,   
-9.270496,20,0,0,16229494,0,0,544156030,-1457.3501859672915,-544.0101026524837,2001.360289822204,-24730.74445389432,-7682.179924032206,456418.1470276344,2667.6829,232.5509,   1989,2174,   4871,3851,   1259,2729,   4546,2667,   3475,6146,   5184,4167,   7541,6297,   4338,4045,   2614,804,   1616,7354,   
-27.96563,20,0,0,27692660,0,0,912496900,-4936.48434908695,-1498.167677431099,6434.652026849649,-82253.61020532848,-14809.237823257674,1614296.566035581,2941.2393,260.49377,   8297,918,   6863,7823,   5144,7624,   2185,31,   86,1826,   1704,1892,   1169,1708,   6791,8025,   1721,8335,   2382,3001,   
-7.7717657,20,0,0,18239668,0,0,720482800,-1410.9267540875148,-653.8739046186079,2064.8006582754374,-23952.63539820422,-10593.674771061733,594808.6369787423,3082.0068,257.91898,   4349,7556,   6823,4743,   7369,3778,   6939,6455,   6521,1810,   4582,7845,   5533,2741,   6358,1070,   3747,5483,   7142,2070,   
-124.48206,20,0,0,11626473,0,0,276593950,-12142.140957543135,-5602.086544677139,17744.227501159276,-239975.15487418068,-102520.14122496525,3106966.703320585,1927.7891,216.19104,   543,4514,   2581,1649,   4441,3292,   2998,5833,   7941,4748,   2324,2714,   6858,7050,   3005,740,   2530,2119,   454,1365,   
-9.399474,20,0,0,7481684,0,0,212972030,-1186.8248616655364,-556.6276655740658,1743.4525261070587,-24164.39649808542,-9498.881642968336,465416.58558178425,2570.8242,241.70737,   685,4166,   1946,6712,   5679,2295,   4795,6863,   3785,5721,   4278,4673,   1192,311,   2458,8270,   4974,5174,   301,4077,   
-6.8783307,20,0,0,8334847,0,0,228872140,-1159.212310452961,-327.9382084174029,1487.1505188168503,-19661.192570950592,-3409.6318166864908,658351.7088432676,2858.425,274.82727,   779,1105,   6949,1772,   7921,1867,   987,6918,   8171,5617,   6976,1627,   5029,5777,   1385,4812,   2568,4305,   4405,2146,   
-31.030865,20,0,0,23375754,0,0,781588100,-4782.367480317888,-1711.500652060285,6493.868130604528,-83573.93427334266,-22222.417896956456,2086837.0996908087,2693.252,261.572,   6932,4571,   2047,2220,   469,6086,   1522,6546,   4591,3171,   4202,5791,   1818,4812,   585,8016,   5652,173,   7226,3811,   
-14.53503,20,0,0,25926010,0,0,737461400,-2616.485421769446,-927.123117090087,3543.6085394340907,-42214.08967275908,-10050.977616016706,982688.430295935,2904.3,254.95137,   1308,6312,   7127,6604,   7180,2651,   8079,3851,   7362,6081,   5702,669,   768,6591,   5580,4644,   7493,4729,   1302,1835,   
-102.78108,20,0,0,11038678,0,0,190412940,-13374.51088983985,-3821.669839720966,17196.18071024188,-219540.21835771616,-53827.75790486562,3185721.0406306256,2135.9983,237.86617,   345,2876,   2326,5000,   1415,1184,   8245,216,   5191,1804,   7596,2394,   5514,594,   838,620,   5879,3879,   3476,6254,   
-13.740664,20,0,0,8436435,0,0,284293660,-2175.595135463308,-566.1415004454093,2741.736635858945,-37307.12895241297,-8203.400177735317,237564.34349538834,2715.0894,269.90036,   6442,6107,   7620,6945,   5904,3532,   5022,3662,   7668,4376,   522,923,   7306,5391,   3466,6867,   3985,2127,   5188,5995,   
-31.858917,20,0,0,24702698,0,0,890316200,-6674.201032565188,-2195.3854517182676,8869.58648673496,-92302.58861817572,-18647.826888905685,1998115.8675871505,2897.2292,268.72943,   2841,7863,   7095,5557,   6921,3307,   3590,174,   5752,4959,   7201,3613,   1252,3484,   3828,2674,   3691,3816,   7531,6319,   
-70.48165,20,0,0,16148550,0,0,324026050,-8667.487923953055,-3277.437183756562,11944.925112317638,-135256.96259839754,-34082.32743302596,2209870.6789378338,1919.0381,200.72818,   4598,4582,   984,814,   1281,6672,   3523,123,   5563,2406,   5070,3751,   7126,5916,   3413,7015,   7447,2062,   24,2597,   
-4.606836,20,0,0,23759354,0,0,851723140,-965.9722664703787,-384.34826589782574,1350.3205324071218,-14622.138579086197,-4217.447344492318,589040.0808652339,3174.009,260.57578,   8377,4847,   6345,2708,   5611,5345,   8106,3822,   1563,792,   3176,169,   3031,7305,   1397,6695,   6878,6280,   4276,249,   
-40.714764,20,0,0,18102761,0,0,565261700,-6328.1917840199485,-2233.065302454651,8561.25708822242,-101933.44692203758,-31828.604372603757,2431886.775208391,2503.599,221.86732,   8219,3467,   3047,3346,   8325,3449,   4922,3772,   70,5248,   3662,1629,   3792,4934,   6377,8186,   6672,6711,   3639,4372,   
-4.494671,20,0,0,14632622,0,0,564017500,-1058.2960706277208,-586.7217389904649,1645.0178085631621,-16196.306147409461,-15452.504106061755,498852.87635795015,3603.4463,285.30725,   7001,8136,   6996,4771,   7666,4901,   720,8257,   4519,5154,   136,1167,   6222,8210,   2813,4909,   1800,2999,   2819,2161,   
-90.21128,20,0,0,28736133,0,0,715286800,-7884.683093438273,-2986.0100967546714,10870.693187815341,-138808.9788211952,-52556.80983414256,3190612.217227882,1538.7098,180.57304,   422,4334,   3751,4750,   5566,1546,   4812,6533,   927,1647,   22,167,   2641,8339,   1683,82,   4907,6711,   4115,3423,   
-48.242958,20,0,0,11834926,0,0,434320640,-6408.479619788645,-1986.6158189459259,8395.095438297503,-108839.13650074274,-21367.303153104498,1492531.0614474528,2256.0625,222.01653,   2729,5101,   7689,3352,   5111,2495,   3842,4018,   2120,1468,   6385,3672,   3891,1478,   3949,2667,   4385,2245,   7641,6119,   
-19.65692,20,0,0,22615770,0,0,727734700,-3820.278013600535,-1550.1442562913203,5370.422271327687,-60254.70217888816,-15881.974304592057,1180506.2547680812,3065.3176,311.07916,   89,2623,   7329,2871,   5131,8405,   6961,6318,   6527,2731,   2,3525,   7320,7831,   7868,3757,   5080,398,   8075,3070,   
-42.632935,20,0,0,15331530,0,0,540575400,-5696.4766289824,-2965.715401680811,8662.192028245701,-111854.2861942229,-60406.436858650086,1565507.1177317689,2623.6592,241.81036,   6139,794,   4412,7895,   3697,4785,   4712,1163,   4390,7451,   4133,2661,   7505,6431,   3334,105,   6207,4817,   6657,5142,   
-34.9203,20,0,0,22800136,0,0,1.0630189E+09,-5963.012984422145,-2191.4197412158937,8154.432725307804,-101730.88512176735,-28971.67516365245,2155877.825565607,2913.2305,286.76962,   3969,5960,   5926,7825,   1465,2860,   4788,4495,   2045,192,   6022,3986,   2606,4570,   8415,7730,   6646,7870,   7610,346,   
-58.841034,20,0,0,23442254,0,0,1.0120127E+09,-7484.927451458466,-2711.0792681472003,10196.006716890926,-126031.1746797826,-34691.63145984894,1833337.3369953753,2141.8926,230.49821,   3692,5798,   1928,7511,   7033,5776,   4455,888,   4497,7762,   5985,263,   2177,2932,   7537,179,   3303,5023,   6429,837,   
-25.256336,20,0,0,17161262,0,0,751232900,-4638.944588224451,-1514.282806607434,6153.22739501593,-73069.5600969462,-16891.051719359417,2043303.178708794,2893.1182,236.67075,   8432,216,   7553,4197,   1429,147,   55,2935,   6452,4039,   1894,6773,   5642,6310,   1449,6607,   4031,6851,   791,4125,   
-88.905205,20,0,0,10785925,0,0,211246510,-9903.706597724638,-4744.694380882596,14648.400980089624,-181014.4677666968,-85276.22810896828,2057444.9556161168,2036.0391,253.75906,   6840,3900,   8434,2719,   2643,5759,   1808,8109,   5469,8236,   4427,1623,   1440,6773,   349,3476,   6681,6167,   6082,6886,   
-35.097477,20,0,0,14986290,0,0,356436000,-4490.394885917383,-1366.2111078562862,5856.60599389343,-75020.85004133178,-14894.820407010873,2140507.576054283,2137.4998,225.41263,   5720,1520,   2871,457,   5867,7647,   3056,4303,   1482,930,   4583,4888,   4231,2304,   2432,4532,   217,4833,   1554,4105,   
-18.030346,20,0,0,28157609,0,0,701025600,-3283.351365601979,-903.8992357082154,4187.250602695494,-55695.61681000114,-9867.39748799679,1939560.572690469,3088.9932,267.23755,   6774,382,   5901,6652,   8048,271,   5333,7305,   5960,6409,   8362,6300,   769,2341,   6840,5319,   1028,7977,   5287,3431,   
-10.180788,20,0,0,23423066,0,0,788254660,-1668.704145813271,-2004.5298361342197,3673.2339822051595,-31029.56685659826,-77319.18844449503,989402.8975043502,3047.855,244.93987,   2702,5941,   6626,4538,   3652,7975,   5828,7571,   4340,4253,   3258,1847,   4612,1976,   111,5338,   4054,4655,   845,5596,   
-119.491356,20,0,0,20096303,0,0,493339620,-17740.670763159105,-5656.734112360611,23397.404880961098,-276620.50241105974,-53841.58633448647,4669457.792246001,2314.9834,233.06035,   2314,4186,   6778,3509,   1004,6718,   4118,1889,   3900,5548,   3503,676,   7981,6558,   1403,833,   2191,1363,   2999,73,   
-35.504833,20,0,0,15088269,0,0,572985200,-6194.797224094265,-1868.1243632245546,8062.9215866746645,-96412.62631265703,-17547.85675330583,1795839.4769245104,2715.479,257.5682,   2878,6198,   2964,1707,   3151,6514,   1687,7228,   2230,1501,   1265,4809,   7132,8127,   1117,6951,   7599,3117,   3534,5369,   
-17.542877,20,0,0,15171055,0,0,733466300,-3739.955094144891,-1208.442508716638,4948.3976034463785,-58333.104758662244,-14515.632241335124,1652278.3779941597,3325.173,265.13486,   3856,3938,   3671,7227,   750,2581,   2301,6490,   573,7713,   3147,2691,   1655,771,   2717,4552,   1222,5070,   357,2925,   
-12.050136,20,0,0,28243005,0,0,723632900,-1891.953249897323,-745.7930209329003,2637.746270651932,-34029.5230180389,-17834.555175950918,985173.3443830168,2823.995,259.49954,   5030,5326,   8095,2398,   4283,7130,   1980,8290,   5441,2887,   1670,7509,   6265,6066,   4652,7376,   2527,4173,   957,569,   
-58.853897,20,0,0,8065471,0,0,257868820,-7596.282361660689,-2759.1869286967326,10355.469291634847,-120204.88188842568,-36502.41341269429,2861886.8173398487,2042.4286,201.53687,   4213,3633,   6655,2952,   6790,7009,   3153,6360,   5409,5000,   5729,2528,   2759,608,   338,6966,   4279,1273,   2944,2055,   
-25.54222,20,0,0,15433415,0,0,358463400,-3409.872893351889,-1131.3744351363987,4541.24732886181,-55844.15305152202,-16002.364800895813,1800931.8076904537,2186.347,187.81902,   601,2447,   1048,6121,   6042,4073,   4862,4025,   4555,3777,   2025,5484,   4113,8224,   7148,1397,   7106,5142,   4043,5710,   
-13.227257,20,0,0,24673352,0,0,416604770,-2438.735188560423,-1060.198466036409,3498.9336543283066,-36666.36853916806,-14592.206171823742,1148928.2415956324,2772.031,256.528,   3977,4056,   2880,440,   5593,7578,   4749,5656,   5727,6122,   3097,1253,   1229,7337,   8404,1765,   2585,533,   5345,2716,   
-13.01923,20,0,0,21253143,0,0,983645800,-1546.6350604429877,-864.6280042206324,2411.2630623655764,-26069.058227411482,-17641.576071161002,647974.6703050056,2002.3503,266.2583,   2147,7563,   1805,1632,   2975,244,   6850,2971,   1895,7377,   8295,7572,   5665,5669,   6514,4981,   8003,607,   527,6900,   
-5.9456053,20,0,0,3491525,0,0,144264580,-994.2517937078916,-444.3959693047623,1438.6477634036648,-15556.385193069695,-5847.152394797801,229622.69499893108,2616.451,333.55527,   7760,7641,   6734,6868,   680,771,   4255,5212,   8256,5382,   7247,6572,   8232,1326,   3562,4849,   2251,1247,   5900,5349,   
-61.647045,20,0,0,13273107,0,0,320976900,-5954.1314837005875,-2992.6913912733403,8946.822871905111,-102027.66905565246,-86926.54271621983,1349715.6444207064,1655.0294,173.0425,   728,1778,   3761,6785,   6262,3960,   4024,3995,   822,3422,   2198,1978,   6,6881,   3392,2941,   828,3372,   952,2204,   
-8.433174,20,0,0,19717590,0,0,561079600,-1495.952940195545,-562.8976274528154,2058.8505674916682,-24910.718802887826,-8254.371416613707,729113.843223181,2953.896,257.07144,   4425,1637,   3150,4948,   130,1722,   7775,4338,   2107,1664,   2730,6755,   3142,3614,   6172,5981,   3880,8385,   605,5155,   
-27.520802,20,0,0,25371777,0,0,913126140,-3217.0885043408534,-1244.7742065934026,4461.862713117174,-70493.93975382042,-23930.939753236962,947722.9093492263,2561.4783,246.04405,   5182,260,   4390,4833,   3184,5268,   6566,1351,   6370,620,   4021,7314,   295,3696,   923,7526,   7063,7248,   6654,4540,   
-51.437485,20,0,0,28357051,0,0,1.0156765E+09,-9053.964102748576,-3756.903385327519,12810.86749674083,-164280.80357714725,-54769.97009511878,3252915.3559616474,3193.7954,289.82727,   4620,8121,   1887,7593,   692,3879,   7272,4827,   709,5847,   7497,879,   2766,4232,   5458,4164,   5683,6752,   1764,3297,   
-11.922506,20,0,0,8955182,0,0,295472300,-1502.818007127171,-1119.6621592042313,2622.4801660530684,-32969.463991260716,-29651.335311931176,408847.7653618074,2765.3132,269.75073,   3592,6424,   6404,1486,   6079,3851,   6460,7882,   2690,7082,   7353,5067,   1730,4501,   534,5497,   6808,5232,   4141,7740,   
-64.0566,20,0,0,12676280,0,0,321228160,-7901.304694086721,-1808.2868417545724,9709.591534188574,-135350.87175420256,-19638.511644145477,1737408.9106892669,2112.9888,200.71071,   6432,1739,   642,523,   1559,3142,   4548,4498,   6674,5195,   1842,311,   5483,3356,   947,6632,   1717,401,   1513,5276,   
-35.67762,20,0,0,21368977,0,0,735206340,-6178.219556158218,-2513.9052496256154,8692.12480345242,-93209.32339600113,-35983.77384044575,1182137.0584049197,2612.5432,241.23288,   5855,7825,   2136,2062,   6929,2429,   7584,6700,   3698,8396,   5791,450,   2611,2459,   5301,1852,   5782,5880,   8363,2937,   
-0.5400459,20,0,0,16255514,0,0,623862300,-120.18096558872668,-61.26308532550265,181.4440509112818,-2106.196501464196,-1246.2475528991176,70912.46565789454,3900.0322,321.21115,   7739,1961,   1208,5931,   5239,7042,   8020,6809,   3553,2338,   3779,6407,   3719,7300,   1885,7042,   8038,7015,   2029,7565,   
-27.949522,20,0,0,26644738,0,0,735593100,-5012.622118178884,-2129.846643660711,7142.468761041172,-83470.22868585531,-22657.030739581252,1217637.091179317,2986.4634,269.47092,   3993,6283,   800,6713,   7839,1392,   6135,3024,   6491,7531,   849,4272,   474,7012,   5973,3893,   6617,4641,   5259,8322,   
-21.385303,20,0,0,19449118,0,0,645752830,-3692.2804687777243,-918.4790474296497,4610.759517410774,-63046.66556331846,-10656.335311639341,1072613.3721962578,2948.1304,262.791,   2845,774,   3146,1359,   4617,7820,   5167,3746,   574,6694,   2250,7203,   3850,797,   7379,1455,   1161,2930,   6527,3847,   
-83.778984,20,0,0,16592964,0,0,590917100,-10029.102397006638,-3478.5146210076473,13507.617016393895,-176800.81749071018,-36048.3604687249,2651540.070692695,2110.3242,245.98688,   906,4995,   317,4458,   1489,7943,   5932,5143,   1326,6427,   425,3397,   1755,2143,   4720,3219,   3136,7876,   2096,18,   
-8.6716385,20,0,0,22175481,0,0,943363970,-1539.5885603829563,-584.5063679411296,2124.094927684385,-27185.669629473785,-6986.980352212181,584056.2092284232,3135.0095,272.55762,   4660,2388,   2449,8233,   5281,2081,   421,8112,   8068,4518,   2731,3686,   6549,1412,   7415,6285,   456,7124,   8306,5109,   
-46.169132,20,0,0,18767352,0,0,417548350,-8105.73643446947,-3073.017847301367,11178.754278980128,-125351.16286984741,-35078.34882001476,2467648.1506005833,2715.0427,294.65897,   1887,24,   2420,2582,   6269,7288,   5447,1707,   4513,4160,   6754,1721,   834,6509,   7622,6954,   2545,520,   7613,7843,   
-26.222687,20,0,0,13899694,0,0,481912160,-3541.577046614083,-1100.1844632703987,4641.761509988315,-64361.71583209931,-15468.233800382566,1380119.1765145906,2454.4287,271.67828,   7521,6256,   5510,5244,   3695,5174,   5284,343,   3163,6870,   2763,4448,   8006,5422,   6566,4636,   8404,8303,   1964,6428,   
-27.220875,20,0,0,20686679,0,0,539363400,-4848.810654221974,-1517.9590230026688,6366.769676607713,-83508.27264335156,-17416.163639076458,1983319.7541629393,3067.8027,286.90076,   5070,7149,   3599,3908,   6199,1010,   2851,40,   2225,461,   3739,8371,   7946,462,   6023,4067,   2949,5611,   7322,1094,   
-51.31947,20,0,0,17580438,0,0,391172640,-5972.465721794723,-1841.9554313142962,7814.42115169254,-97442.87493189174,-20535.83823263934,1436642.1740828468,1898.7506,205.69566,   2004,5104,   6980,6078,   1396,2306,   2151,3848,   8378,2986,   6985,2678,   6991,1184,   2773,372,   2656,1602,   7480,2685,   
-18.675861,20,0,0,21606498,0,0,513951140,-2920.2553054799687,-1292.992124154104,4213.247430113393,-50404.518269598535,-26210.72381063001,1319065.9465566182,2698.9128,241.35191,   2322,5243,   6554,2701,   3130,2827,   4937,7543,   7834,2498,   1686,2793,   980,869,   4424,8401,   169,5957,   2511,3893,   
-19.569075,20,0,0,14723850,0,0,799513340,-2953.9022900305654,-862.2776295707682,3816.1799169488495,-47902.298983821674,-8939.213695356199,626336.3619667467,2447.8572,266.30533,   7295,7439,   97,7674,   1912,1061,   1380,6762,   6125,5651,   1411,1347,   6566,4637,   7208,5196,   6985,4278,   2948,7005,   
-45.894196,20,0,0,13882767,0,0,405373700,-7345.029502422513,-2407.0853867753895,9752.114888614562,-120811.38346736888,-33582.24592810276,2699100.374420841,2632.3892,236.32704,   5804,3043,   4449,5879,   1300,4192,   1698,6122,   5196,2807,   202,5135,   7526,3587,   3825,3318,   5145,7316,   789,2069,   
-31.20586,20,0,0,22955219,0,0,572313200,-4294.096049598279,-1171.0677651812316,5465.163813094595,-74753.56004039547,-11437.232652351586,1758087.8444913593,2395.4976,214.98567,   1447,6611,   1417,2182,   1087,339,   4662,4778,   2097,7663,   1416,4326,   3008,3942,   6524,4251,   2989,2654,   6374,6156,   
-52.358883,20,0,0,27063544,0,0,893968960,-7995.662791369621,-3650.9963051105788,11646.659102034271,-150241.3834611912,-63402.047408066464,1959858.111514877,2869.4536,233.44527,   7799,3693,   1565,3317,   5449,4712,   2256,2979,   812,3889,   50,8105,   3489,878,   5558,7629,   1625,2266,   4792,960,   
-17.08365,20,0,0,14645873,0,0,379360380,-3831.4777081537036,-1412.0783521489213,5243.556058250191,-54843.52552835129,-14441.01560102237,1721350.7827657256,3210.2932,272.5946,   7965,5355,   4025,5968,   1391,4311,   2126,3584,   5498,8009,   329,2491,   941,3068,   2705,6189,   5046,6535,   5169,4811,   
-55.740295,20,0,0,29146502,0,0,700459840,-9846.820022062082,-2673.4569254563553,12520.276947163542,-148434.02016086865,-25436.226090135002,4304914.407342048,2662.957,249.3467,   6519,1683,   3966,6643,   7613,1746,   837,2130,   6819,7331,   2625,722,   6298,5413,   6626,2444,   8104,4032,   1926,1137,   
-9.175017,20,0,0,18582802,0,0,632470850,-1550.6779958489356,-650.530428408235,2201.2084270280957,-25422.42470910163,-7622.969383064808,603178.8153740193,2770.831,257.20285,   2585,7107,   5916,1238,   3560,5994,   7163,420,   6608,7804,   2583,3526,   5532,8416,   2876,6282,   1388,5818,   6791,8080,   
-8.579956,20,0,0,21145855,0,0,804485700,-1266.4263913280743,-368.88437885003674,1635.3107708805262,-26246.418945150337,-6802.5873126831475,219050.01736347913,3059.0386,249.69098,   3473,8432,   5200,6603,   5384,8042,   4629,3963,   4877,261,   6520,1013,   4609,4032,   2225,7848,   4202,2728,   3082,1618,   
-59.899113,20,0,0,20441680,0,0,603020900,-9707.341872967632,-2720.795446406076,12428.13731792227,-163477.27372836994,-26838.808607416668,3803697.77488388,2729.2104,295.14026,   3018,417,   3957,7451,   4748,7535,   3626,6317,   2537,344,   1055,2286,   5677,2281,   6099,2589,   1906,7749,   4290,3954,   
-18.699427,20,0,0,18866669,0,0,452284500,-1957.2504603162006,-595.6961595951584,2552.9466198795376,-35804.001855187336,-6811.882102177154,377429.6654428627,1914.7112,229.49907,   1365,3199,   3978,6347,   1284,1569,   7352,1500,   6191,3464,   2079,7096,   2735,5173,   5062,3056,   4475,6185,   1854,6284,   
-5.322001,20,0,0,18066110,0,0,494001860,-1022.6491606168795,-416.90976950661695,1439.5589303806717,-18091.45796966277,-5109.915390703951,491521.6010846556,3399.3713,329.01105,   4415,6748,   1426,4533,   7642,4234,   3772,2328,   6369,8072,   5942,4889,   6873,7564,   252,8255,   4874,6046,   6167,3178,   
-65.17411,20,0,0,20469958,0,0,740103900,-13068.379025396796,-3528.6959327185227,16597.074958220735,-192534.24260333861,-33941.18209551673,4926048.830619123,2954.1523,282.34125,   183,2125,   126,7508,   6701,2394,   7987,503,   5655,3042,   6550,4156,   5894,6441,   7974,3053,   1772,7881,   7140,5485,   
-13.627237,20,0,0,6118335,0,0,157467500,-1589.652342087384,-665.4827266871413,2255.135067750465,-25426.347980356997,-9163.326484086092,696626.1085754227,1865.8475,181.99176,   6233,5024,   3567,6554,   5958,5625,   222,3607,   4920,5242,   6618,6864,   18,7111,   6101,2289,   6621,2354,   6267,5247,   
-5.19228,20,0,0,12422696,0,0,323988500,-926.8937534423292,-357.9001487438373,1284.7939018332602,-15383.55359811203,-4915.86796522381,296107.47854929144,2962.7744,288.54288,   4683,3268,   5108,3326,   1522,1785,   7430,431,   8025,5635,   6482,5429,   7341,681,   5381,3594,   6994,2007,   1550,1075,   
-22.273014,20,0,0,29875937,0,0,909983600,-4760.1452769526895,-1703.5811338923797,6463.726410928899,-80878.11603604125,-22572.080846919034,2494007.5386354704,3631.2156,293.15036,   2171,4379,   4019,412,   4860,8121,   4137,7219,   340,5684,   4867,7854,   1613,1892,   802,2965,   8351,240,   5032,4172,   
-27.979208,20,0,0,25255043,0,0,774664300,-5177.216591549668,-1831.7545878984874,7008.971176048532,-78650.36423633336,-19479.510775154846,2086834.9419713991,2811.029,307.72748,   6631,8227,   4018,7721,   7196,1188,   7959,7773,   1730,2506,   3731,4613,   803,5192,   3076,303,   7685,4696,   6901,1836,   
-68.26101,20,0,0,14000339,0,0,239062340,-8034.376005974465,-2625.624566824058,10660.00057552765,-128947.84479514623,-27160.545826086753,2805927.8488770784,1889.041,192.58234,   6084,211,   91,2340,   767,7063,   3815,5448,   8314,2415,   3678,6753,   5411,5813,   2880,2380,   361,4733,   1651,3671,   
-125.52259,20,0,0,18745925,0,0,579961340,-15913.953671286208,-6211.660434068887,22125.61410709483,-293889.84338112775,-108355.72148371597,4402259.515107174,2341.3303,227.49095,   162,4800,   5488,6269,   1953,254,   7050,4856,   7252,499,   3715,3655,   1775,3195,   6524,6419,   8135,1677,   6954,133,   
-34.872795,20,0,0,12313564,0,0,367545060,-6259.145976247142,-2157.3160386646277,8416.46201595204,-102088.28263037778,-28206.48742129186,1368306.1907983872,2927.4478,324.10284,   5809,2510,   7894,7750,   7264,5413,   7638,3426,   2312,695,   8377,2951,   3044,3229,   1674,1284,   3159,2257,   386,513,   
-9.877044,20,0,0,20932413,0,0,906094000,-1941.5275765056638,-667.9235760317422,2609.4511525903445,-32559.66741593386,-7187.593185812522,991439.2307072261,3296.4993,266.11072,   12,7394,   6632,7815,   7136,22,   4978,2215,   7725,4896,   2680,7120,   6215,1518,   6298,6087,   5341,6174,   7441,4976,   
-42.856388,20,0,0,12709563,0,0,432475200,-5500.954480724485,-1514.7634469633406,7015.7179265200175,-94915.44826343119,-18269.681741165605,1423907.001706308,2214.7327,203.06586,   1051,3624,   2544,6556,   557,763,   611,6981,   1521,5240,   3260,5878,   1290,6441,   120,6850,   4313,79,   614,7241,   
-20.8923,20,0,0,12373509,0,0,604659300,-2309.3130890365383,-917.0489915835403,3226.362079877229,-41698.43231603617,-15373.071547421016,385395.33065003087,1995.8757,240.96692,   434,5423,   4137,5852,   6450,1257,   5172,1526,   5367,4023,   4378,5420,   3251,3846,   7897,4823,   4850,75,   7258,6372,   
-12.790137,20,0,0,28690680,0,0,1.00777197E+09,-2447.6802412728225,-979.3689196693783,3427.049161570507,-41030.84433361449,-17123.98974418412,1291067.262899338,3208.0066,271.34528,   7847,6433,   693,2484,   1636,5238,   5829,8209,   1397,7884,   1773,5262,   5559,200,   4541,4064,   7923,5128,   106,7735,   
-6.1439652,20,0,0,17357749,0,0,463080640,-876.1488396080108,-263.69814687005714,1139.846986442895,-14584.104170365803,-3075.2998947405513,300781.9010583145,2373.7283,237.11032,   4027,7520,   1613,5934,   861,6275,   2627,5880,   6979,3733,   1999,4238,   1256,2678,   7829,2436,   4729,1652,   4215,1212,   
-6.713397,20,0,0,21175505,0,0,755312960,-1254.8329902711112,-395.4010879458919,1650.234078441079,-19727.607865828213,-4018.698199675753,698646.2335176269,2938.5432,306.22012,   3864,5398,   129,5919,   2249,7552,   8296,3050,   7740,3833,   5336,8158,   8405,7958,   2344,326,   4819,3195,   1623,3796,   
-4.1629777,20,0,0,10710258,0,0,361993540,-830.6036312713111,-251.09437337592703,1081.6980049148665,-13215.645788711648,-2702.622641172468,365839.8572832151,3174.5654,285.67548,   2610,8385,   1230,6100,   5884,5971,   4005,2881,   806,2105,   7770,6271,   912,7329,   3871,7064,   7391,4130,   3684,1744,   
-15.445669,20,0,0,15641281,0,0,725059200,-2365.679167761249,-871.6986341716706,3237.377802751202,-39618.723222016546,-9125.06268273985,701432.743221427,2565.0376,283.8352,   6414,8012,   6575,3146,   6832,2276,   4268,1734,   333,7502,   6053,1533,   28,419,   7038,3914,   4168,2465,   34,4714,   
-7.4120655,20,0,0,14287036,0,0,450969220,-1373.6492388474271,-491.21441466106273,1864.863652433052,-23763.61742890189,-6864.595459864709,560508.9576991512,3206.0723,322.8751,   3547,5415,   2244,5635,   4498,7501,   7246,1076,   4087,3716,   1371,688,   7946,8314,   5818,3034,   1810,6519,   7703,3608,   
-53.997578,20,0,0,21270182,0,0,769804700,-7619.868615726742,-4116.355228475961,11736.223847450265,-135111.3687585507,-117851.30600432392,3774536.082502868,2502.1748,260.94894,   1702,2270,   2548,1739,   4487,6236,   6242,492,   291,8392,   2895,4925,   4096,7406,   6633,999,   5768,939,   7084,7767,   
-72.754814,20,0,0,11777421,0,0,204051460,-7438.904711801887,-2640.280603871987,10079.185318871248,-125976.09745472355,-33970.82485545807,2117680.587925302,1731.5156,170.40103,   3465,3192,   6083,5052,   6131,5364,   2023,150,   3037,4004,   2104,6085,   3198,4861,   3011,1276,   2867,504,   1147,6697,   
-96.53301,20,0,0,19265588,0,0,519218050,-9629.93014124929,-3954.8093037785166,13584.739446271502,-160123.92354912453,-47582.98040760547,2494575.5526215117,1658.7478,255.00276,   1258,6753,   784,4130,   820,4881,   5028,540,   1681,4818,   5701,870,   7870,8371,   142,6946,   4623,5931,   4044,7559,   
-10.80142,20,0,0,19141422,0,0,523251800,-1598.316129961199,-549.3414468493019,2147.6575767665845,-27419.535139678006,-7572.676599994999,619306.8103161047,2538.512,226.77821,   4213,6092,   5891,4723,   6288,5246,   1727,7670,   4394,5356,   6568,5263,   8228,387,   6509,5147,   2407,1952,   4232,1249,   
-31.19399,20,0,0,11257605,0,0,194958880,-4488.084666707539,-2825.3465964468396,7313.431262970278,-70765.0621661707,-87862.02819676015,2479790.3475459083,2268.5479,196.81516,   335,1482,   6904,6654,   6738,1234,   6650,3262,   4719,4501,   5088,5371,   4895,2024,   2483,3602,   862,4497,   6277,4010,   
-21.453732,20,0,0,21778819,0,0,551559600,-2354.873400478942,-1026.58238710248,3381.4557875271807,-39423.84076250323,-17964.177943624825,651724.2355122718,1837.6216,291.40918,   3153,5793,   4581,4760,   6686,437,   1078,7483,   1862,3430,   4538,2670,   1699,2794,   7223,2731,   7623,7673,   6420,5054,   
-56.542747,20,0,0,22737863,0,0,495588960,-7262.5384724621845,-2543.3420685333,9805.880542558129,-127020.79396345495,-43994.12606627538,923590.2498447346,2246.456,229.20738,   7032,6901,   2951,8329,   267,1196,   367,6203,   6339,2906,   4285,6345,   4111,221,   6531,2977,   5337,2144,   8403,6300,   
-11.058234,20,0,0,14967840,0,0,795407360,-1561.2466461570957,-496.20023618113737,2057.4468828885956,-29142.928688774893,-9197.951645008287,298048.31628723023,2635.4053,261.69165,   156,7602,   1399,1288,   8398,2418,   3672,2100,   3236,8188,   4415,1625,   6513,1223,   5414,4688,   2842,4688,   4493,5490,   
-2.3082993,20,0,0,22081013,0,0,864089800,-396.2697766653178,-142.49917113576916,538.7689480798088,-7588.631817326085,-2382.18509512584,75747.3758004294,3287.5425,287.94302,   69,3310,   1143,7391,   7580,6629,   6995,1477,   4699,4245,   5829,5479,   7705,120,   4898,7865,   5501,1662,   8366,6285,   
-29.328133,20,0,0,10205635,0,0,308394200,-3356.6731569313724,-1266.4406798760508,4623.113837182898,-55748.60806549875,-17407.064404386227,499743.3587604136,1900.8578,209.91733,   5959,6703,   2967,6587,   6927,2660,   8268,2887,   3243,1843,   135,648,   6087,2913,   6230,5281,   6458,2444,   2144,1769,   
-39.20164,20,0,0,10343660,0,0,504934300,-5208.928421644892,-1655.8121829433942,6864.740608264253,-101099.88386611157,-19295.25994954159,1764573.0192827138,2578.9707,287.2758,   3858,2194,   5837,7426,   2358,7372,   2355,6393,   4761,5984,   7623,1180,   4758,6643,   7966,1802,   343,2992,   464,4920,   
-2.26148,20,0,0,18479049,0,0,814053440,-486.8023917222459,-239.45776226759384,726.2601538773507,-7236.3677068810775,-2807.601084130163,293722.5477734324,3199.837,285.02832,   6796,4108,   6669,2856,   4110,5181,   7827,4792,   2325,8052,   1406,3057,   7953,6596,   2427,3765,   865,3976,   4229,7990,   
-5.0150385,20,0,0,24874304,0,0,718801800,-806.4840050143426,-336.4520509627144,1142.936055655208,-14784.946822309541,-4256.892214581646,319328.2193218313,2948.1223,262.25107,   304,1875,   6561,5695,   2655,7390,   4326,7879,   3383,4428,   4938,3466,   1979,5660,   3409,8185,   3961,2981,   3316,5613,   
-107.265175,20,0,0,9257198,0,0,152665260,-8903.154505791306,-3463.643343146331,12366.797853820648,-173400.71198062523,-53336.773602978574,2072320.5698504364,1616.5612,202.32166,   7980,5999,   4067,5145,   4577,4565,   1662,6597,   4215,4201,   937,4803,   7199,909,   4615,4921,   5983,974,   200,5156,   
-29.475328,20,0,0,19049646,0,0,958560100,-5091.077893415274,-1440.0518121408977,6531.129708305738,-83014.88619840672,-14058.342609335876,1123564.100993901,2816.4192,235.80717,   854,8384,   1409,6333,   3114,6376,   1077,2293,   3186,2677,   8239,6320,   659,7051,   10,2741,   6243,1416,   1117,6526,   
-34.768925,20,0,0,16416164,0,0,518210900,-4017.074629140842,-1972.8939434857502,5989.968580637233,-78584.5312419631,-35252.92158573496,1054608.2782011481,2260.1946,213.21773,   5727,6164,   3664,7617,   3490,134,   4702,1069,   1044,6924,   2202,2986,   2780,6596,   4758,8032,   4590,6170,   2030,6636,   
-13.761533,20,0,0,25890385,0,0,1.0673404E+09,-2438.3767177768855,-1051.130867589095,3489.5075842519536,-39602.3938785796,-11383.849936683473,761844.1986203688,2877.7605,252.3976,   3487,7805,   3411,1537,   4397,3053,   4143,147,   899,1873,   7113,4567,   8293,2110,   7864,3125,   4720,2227,   2842,2979,   
-35.905567,20,0,0,15794596,0,0,404704770,-4896.520874356359,-1641.8326330863272,6538.353507971844,-76515.48021057491,-20281.469794566186,2270899.9840314896,2131.0198,192.73108,   1673,8,   1248,4698,   475,5253,   3539,2499,   2292,414,   6587,73,   7821,2916,   3038,6358,   2753,2126,   3220,437,   
-18.823284,20,0,0,20866972,0,0,1.05501664E+09,-3679.2226274196464,-1429.2476647075473,5108.470291572053,-54133.00370238753,-15940.779679478006,1468246.8455176272,2875.8533,262.45737,   4427,4555,   170,7607,   8246,6071,   3129,670,   7167,1633,   3312,2362,   3327,7487,   4963,3479,   6556,7148,   1062,7579,   
-6.0893145,20,0,0,15636479,0,0,469507140,-899.5502551484766,-268.77104940509105,1168.321303757427,-16485.924712608256,-3605.5286789851716,375397.0396142144,2707.353,279.30533,   7949,1643,   6290,484,   3722,7040,   5181,5376,   7507,1506,   371,2593,   7443,2404,   6988,5554,   8273,2077,   4888,2840,   
-73.585434,20,0,0,23986356,0,0,545543300,-9316.332322450295,-3816.5915436665146,13132.923867167608,-157607.2280179924,-72156.26310783968,2194871.7531737415,2141.8264,205.59737,   2124,2868,   3768,659,   5537,4224,   5181,334,   6389,7994,   8238,4041,   1063,4076,   924,2783,   6701,8121,   3884,1206,   
-64.82061,20,0,0,15417227,0,0,839453400,-9036.171665349659,-2728.7146212165144,11764.88628458429,-174451.6118096373,-32675.56956997425,1986624.967695449,2691.2983,245.31142,   889,6189,   1599,5661,   1261,718,   3355,923,   498,7844,   3641,4478,   2260,6658,   5455,5081,   6311,5630,   3382,7934,   
-11.872554,20,0,0,22511355,0,0,736247600,-1963.184886437464,-641.4285693480078,2604.613455007033,-33607.25784734922,-6800.703487358516,952283.5805090425,2830.668,294.42596,   1859,4847,   7422,7948,   1704,4766,   1530,3366,   1480,4204,   7289,152,   6629,3682,   1950,4370,   1269,6543,   7834,4819,   
-18.891085,20,0,0,16174404,0,0,473657280,-3829.3779099131307,-1863.7478468833872,5693.125755620732,-61107.891486919354,-26086.38805788426,1243031.8871673155,3234.7476,304.56302,   868,4258,   8271,6980,   4353,3759,   1781,2841,   7056,4278,   4907,1070,   4738,4385,   7782,4477,   7202,2086,   3957,4930,   
-173.49745,20,0,0,23439781,0,0,563948740,-19939.29522927618,-8959.84552301989,28899.140764288786,-360522.6386130625,-156828.2534150796,4809338.125626495,2077.9707,266.63232,   7624,8424,   7878,4729,   555,3489,   6284,7013,   4707,1085,   3811,8204,   6232,6999,   7066,6036,   5011,441,   3595,6380,   
-27.467287,20,0,0,16909982,0,0,458470820,-3760.538190851195,-1492.9353773307116,5253.473566214065,-60225.816318073725,-16492.226953582096,1276819.7037110012,2192.638,241.28523,   2985,7124,   4746,5637,   7733,6218,   3849,2243,   4335,5909,   5603,7619,   2585,2903,   5631,879,   4816,3541,   6425,863,   
-53.229225,20,0,0,20278195,0,0,466397900,-5418.694640854759,-1581.8951107731853,7000.589753311769,-90258.17112668158,-18244.643843945472,1649633.6922769113,1695.6506,203.21703,   5911,3203,   6570,5971,   467,5139,   3273,6175,   5755,1745,   7901,6761,   6926,6013,   1945,499,   3678,2240,   5432,2772,   
-18.26094,20,0,0,24639565,0,0,912290200,-4359.478231613712,-2035.4207457070747,6394.898979738653,-57217.603867380996,-32776.66098934151,1118129.1881136445,3133.333,290.76117,   8076,4041,   2678,7234,   3917,4628,   5618,3328,   1367,6186,   1220,1469,   2452,2732,   468,8217,   554,7211,   5170,2593,   
-7.700692,20,0,0,7594178,0,0,299641380,-968.8577326156654,-476.4303237736081,1445.2880566768526,-19932.075602155575,-7280.203982900918,205557.34863553182,2588.3486,255.3356,   2945,6110,   4923,2589,   6443,7278,   693,5008,   958,5131,   5636,2575,   6545,3652,   1222,1869,   524,7772,   2053,4275,   
-24.760157,20,0,0,21650936,0,0,785719550,-4251.1818155286055,-1976.0914786156475,6227.2732944944955,-73151.65182677453,-35984.19361204794,1210350.8308236762,2954.4097,305.53546,   7956,8381,   8381,4903,   4807,8004,   524,6431,   4309,4193,   5544,2163,   5506,2838,   8263,1966,   7553,89,   791,5075,   
-34.345776,20,0,0,20136577,0,0,597038300,-6064.568604217907,-2537.6301608289536,8602.198764333683,-100373.02173403928,-48439.26627126561,2602120.936710638,2922.427,256.0752,   3935,609,   2370,4672,   550,7081,   3360,7235,   1509,7035,   7692,1218,   5157,894,   3073,3000,   1302,5355,   2064,11,   
-11.730603,20,0,0,22325621,0,0,502998560,-1961.8579252829973,-684.1726741397167,2646.0305999441885,-33456.611573363945,-8470.320327459272,1030830.113257429,2852.0796,305.76654,   2968,4935,   7900,7230,   5185,733,   5505,3706,   3824,7692,   2752,435,   6981,5414,   340,7346,   6010,134,   7454,1879,   
-12.208965,20,0,0,16628477,0,0,697494340,-2206.035171095957,-644.6619838562696,2850.6971556828216,-36403.3099811518,-7468.85881092371,878120.2434011063,2981.6865,339.3717,   3071,5509,   2683,6944,   2906,7163,   8182,4611,   8201,5263,   663,2198,   6460,779,   2106,7435,   1144,3576,   7922,8253,   
-153.60065,20,0,0,33405977,0,0,628199000,-24300.279680694184,-7561.01392415789,31861.29360517621,-409432.0911637105,-96866.19496404566,9433438.197079046,2665.5623,277.32434,   1575,8089,   3411,2253,   4282,7257,   2672,8178,   554,4162,   5425,1167,   6336,184,   5375,5895,   2251,955,   4323,6458,   
-66.30871,20,0,0,16346780,0,0,306425380,-10952.404019020547,-2906.9385745556565,13859.342595299533,-175410.4666680206,-28219.268257043783,4053799.6719875014,2645.3608,248.0143,   986,894,   3941,6996,   7028,554,   2411,6201,   6201,2433,   3308,1340,   648,7637,   304,3417,   2098,429,   2662,4085,   
-30.886381,20,0,0,21218072,0,0,609326600,-3733.38677828321,-1331.8544916162386,5065.241268834086,-67957.98091871731,-16404.73642341898,764227.6917035775,2200.2573,297.88934,   4490,4,   4056,4038,   8274,7931,   4297,6275,   3839,4646,   5184,189,   7689,1464,   7266,680,   4147,4850,   3661,3728,   
-20.194084,20,0,0,22749559,0,0,886648960,-3798.8754521404608,-1310.2736316605092,5109.149083510016,-61366.58034722815,-14723.035680575498,1406116.6779465748,3038.8396,261.96335,   4845,4907,   4869,7649,   6397,2991,   519,7135,   8316,1958,   3797,1821,   6729,237,   1967,982,   5274,8339,   7158,7532,   
-8.38001,20,0,0,16995112,0,0,773120770,-1180.4908810199543,-440.277088028612,1620.7679682609505,-21397.895389756188,-5983.423972020376,446306.46464788256,2553.445,306.55023,   4692,4571,   2361,7097,   4592,6012,   3180,7620,   370,8059,   7706,5683,   5204,7369,   7676,8019,   3570,4842,   6077,5282,   
-36.699245,20,0,0,18289198,0,0,675095740,-5922.312095905434,-1864.6362168893236,7786.948314423611,-110070.6913499373,-22685.355018609524,829645.6819312881,2999.263,306.82816,   7412,5597,   6394,1881,   849,3362,   1895,7451,   7932,6284,   3842,4244,   6127,4564,   7471,273,   2545,6208,   3057,384,   
-25.158247,20,0,0,18954811,0,0,763818100,-3728.9974152151185,-1641.3672044049906,5370.364622905542,-60113.09331229404,-25205.204416696964,974934.024294248,2389.3992,254.3434,   8247,1335,   6765,257,   2688,6549,   5053,7796,   997,2384,   5848,431,   2262,1876,   120,7531,   6613,479,   6247,1229,   
-5.989136,20,0,0,16854551,0,0,555103300,-1125.1918404303494,-584.3758802105713,1709.567721323328,-15470.363548868956,-6909.119377941896,362966.4574716953,2583.0708,322.295,   4117,4165,   8123,2522,   4216,3461,   7991,639,   8333,7402,   5473,5797,   1784,5692,   5470,6077,   7268,6137,   7629,2735,   
-51.260372,20,0,0,20178685,0,0,609148160,-6438.431296921395,-2137.6851696808976,8576.116469274428,-125337.90743147141,-28453.83293125577,1053566.9969548578,2445.1228,253.66692,   6745,2534,   6453,5547,   435,3411,   1981,4251,   4444,8376,   2096,2066,   8396,1827,   4703,4081,   1647,4242,   4477,7662,   
-41.53011,20,0,0,19506473,0,0,591785200,-5749.161958165573,-3103.3363276574833,8852.498293596469,-95806.53822360164,-99595.13608331521,2411417.5907400283,2306.9175,207.41832,   6994,4413,   7898,2031,   5347,50,   7082,5006,   4841,2478,   263,476,   1286,3512,   2920,1582,   6147,2575,   2086,805,   
