idx,score,depth,netChgRoad,netChgBus,netChgRail,netSavedMinsRoad,netSavedMinsBus,netSavedMinsRail,savedMinsRoad,savedMinsBus,savedMinsRail,deltaDkRoad,deltaDkBus,deltaDkRail,deltaLkRoad,deltaLkBus,deltaLkRail,railNetworkKM,LBar,gameState0,gameState1,gameState2,gameState3,gameState4,gameState5,gameState6,gameState7,gameState8,gameState9,gameState10,gameState11,gameState12,gameState13,gameState14,gameState15,gameState16,gameState17,gameState18,gameState19,
0,-372.03766,20,0,0,1477030,0,0,290.94745,0,0,5098495,-3870.662328,-1811.190249,5681.852577,-57101.9962,-20512.73758,247208.2267,153.48445,30.20303,6957,6972,6972,6939,6939,6943,6943,6993,6993,6955,6955,6996,6996,6997,6997,7044,7044,7090,7090,7025,   
1,-240.38611,20,0,0,929367,0,0,354.06937,0,0,6655522.5,-2838.552395,-1492.274842,4330.827223,-37085.9016,-11322.75792,292435.9562,154.2764,23.33579,1209,5120,5120,6728,6728,5113,5113,1206,1206,5119,5119,5206,5206,2694,2694,5089,5089,2700,2700,5089,   
2,-717.58215,20,0,0,2241952,0,0,353.58948,0,0,6774590.5,-7505.050877,-1969.399603,9474.45048,-139262.5504,-19427.43242,493734.8492,194.07191,40.448925,3025,3000,3000,3840,3840,3889,3889,1345,1345,1361,1361,1030,1030,2334,2334,951,951,1064,1064,2323,   
3,-827.2082,20,0,0,1747667,0,0,284.97495,0,0,5253537,-8969.92154,-2261.541943,11231.46348,-155055.9355,-21436.65559,620524.0042,187.44487,21.539873,1018,2668,2668,2646,2646,1057,1057,1123,1123,1077,1077,1017,1017,2332,2332,1074,1074,1287,1287,1042,   
4,-1496.4603,20,0,0,4124198,0,0,331.0761,0,0,20185738,-16493.90825,-4664.100397,21158.00866,-288338.7264,-56485.69425,1305378.603,192.6805,27.623535,1036,961,961,1072,1072,2372,2372,1094,2372,2324,1094,2382,2382,2520,2520,1623,1623,2306,2306,2372,   
5,-147.7595,20,0,0,464345,0,0,362.8961,0,0,1510219.6,-1597.389222,-998.4171067,2595.80633,-26905.53094,-14031.18819,106540.545,182.09001,22.552874,6979,6938,6979,7193,6938,6941,6941,6932,6932,6979,7193,6963,6963,6934,6934,6930,6930,6948,6948,6956,   
6,-238.78548,20,0,0,623045,0,0,351.3715,0,0,4005805.2,-3756.12319,-1937.960923,5694.084098,-39896.72854,-17986.95997,255074.3179,167.0819,19.248207,4618,4675,4675,4722,4722,4627,4627,4666,4666,3595,3595,3558,3558,3537,3537,3549,3549,3591,3591,4630,   
7,-532.3324,20,0,0,1864137,0,0,123.12936,0,0,2961239.5,-3538.766832,-1452.895589,4991.662421,-58856.46418,-14453.89501,299672.1838,110.56337,15.009851,3521,6474,3521,3513,6474,3512,3512,6396,6396,3510,3510,3521,3513,6476,6476,3511,3511,6406,6406,6408,   
8,-1612.5881,20,0,0,3389347,0,0,273.4364,0,0,6401287,-17690.39991,-3345.921088,21036.32099,-274966.9114,-32745.95218,886480.218,170.51279,14.739156,163,785,785,827,827,299,299,837,837,620,620,6652,6652,572,572,818,818,305,305,58,   
9,-1960.6716,20,0,0,4534315,0,0,290.55206,0,0,11957059,-19194.24766,-3928.305154,23122.55281,-339662.8047,-41829.93847,1365679.431,173.23799,28.171938,3712,6278,6278,3426,3426,117,117,343,343,341,341,6237,6237,818,818,860,860,380,380,158,   
10,-1222.1298,20,0,0,1820069,0,0,268.97424,0,0,5843809.5,-11999.66841,-3107.078287,15106.74669,-245580.7599,-34993.81041,876704.7475,200.94492,28.755932,3715,3458,3458,6284,6284,3409,3409,5837,5837,3403,3403,3459,3459,4582,4582,3369,3369,6180,6180,901,   
11,-333.4637,20,0,0,861070,0,0,600.4506,0,0,9121995,-5824.281808,-2526.384429,8350.666229,-74957.96292,-21858.27665,455645.7759,224.78596,21.204853,3581,4681,4681,3565,3565,4638,4638,6688,6688,3575,3575,3593,3593,3589,3589,3535,3535,3603,3603,4682,   
12,-558.8049,20,0,0,900769,0,0,274.6073,0,0,3139486.8,-5521.352646,-3261.180037,8782.532684,-113981.1843,-97925.40493,458558.8307,203.97314,51.702824,5515,2916,2916,5514,5514,5568,5568,3483,3483,3663,3663,3475,3475,3670,3670,4765,4765,44,44,25,   
13,-184.07431,20,0,0,3337443,0,0,380.69214,0,0,18984764,-2756.213058,-1785.528135,4541.741195,-41951.14292,-25679.89582,237510.1424,227.9033,20.434235,7763,7719,7719,7725,7725,7497,7497,7728,7497,8417,7728,7497,8417,7716,7716,7610,7610,7751,7751,7602,   
14,-1028.7499,20,0,0,3129300,0,0,333.13257,0,0,7869591,-11760.10416,-2071.819937,13831.9241,-214862.7854,-21774.28023,798177.0671,208.85814,22.27071,6228,267,267,494,494,6193,6193,549,549,6192,6192,685,685,865,865,245,245,805,805,4745,   
15,-485.2103,20,0,0,563519,0,0,248.36043,0,0,1299501.9,-4108.902501,-1189.571086,5298.473588,-70216.96005,-11134.76017,161113.0963,144.7145,21.044815,3800,1143,1143,1587,1587,1501,1501,1127,1127,1491,1491,1128,1128,1527,1527,2648,2648,1444,1444,1410,   
16,-1700.333,20,0,0,1348728,0,0,284.5109,0,0,5928540.5,-16940.37744,-3497.006899,20437.38433,-296204.002,-43587.33034,1030361.812,174.20352,37.12288,3647,3280,3280,3277,3277,4871,4871,279,279,4472,4472,4396,4396,854,854,764,764,925,925,527,   
17,-1278.3367,20,0,0,2453605,0,0,138.34085,0,0,8099959,-6915.768699,-2378.067339,9293.836034,-128660.0457,-29707.87195,544071.8181,100.64645,20.796824,6577,6571,6571,6565,6565,1987,1987,1997,1997,2016,2016,2162,2162,2013,2013,2102,2102,1955,1955,1985,   
18,-1129.883,20,0,0,2038832,0,0,341.82642,0,0,7724368,-13610.33777,-2977.690642,16588.02842,-254424.0253,-37060.83243,996444.7788,225.1773,28.760525,213,6653,6653,864,864,676,676,8,8,735,735,341,341,481,481,4761,4761,4811,4811,4787,   
19,-2245.9546,20,0,0,5679087,0,0,261.6473,0,0,11583786,-23138.83867,-4256.086104,27394.92477,-398249.7401,-42570.47573,1461750.635,177.3187,18.971529,20,164,164,566,566,927,927,6260,6260,603,603,6188,6188,171,171,931,931,284,284,66,   
20,-96.51805,20,0,0,276022,0,0,492.36874,0,0,1388147.2,-1325.877443,-709.6439674,2035.521407,-21489.64248,-9188.985599,76029.42074,222.64896,37.210735,3141,4180,4180,4177,4180,4111,4177,4180,4111,4114,4114,1228,1228,4089,4089,4158,4158,4159,4159,3179,   
21,-496.1238,20,0,0,735022,0,0,357.2938,0,0,2679291.8,-5639.238375,-3478.893136,9118.131514,-103517.2772,-87258.33571,538670.0391,208.6521,36.741394,5566,5553,5553,3666,3666,5562,5562,3494,3494,5533,5533,5565,5565,5254,5254,2894,2894,5292,5292,6350,   
22,-639.31104,20,0,0,1178545,0,0,224.07889,0,0,4109983,-6535.386625,-2547.988047,9083.374674,-92509.32101,-21760.27939,467454.9963,144.70158,14.394188,4661,4627,4627,4624,4624,4642,4642,4677,4677,4623,4623,4606,4606,3574,3574,4621,4621,3581,3581,4661,   
23,-474.77628,20,0,0,962716,0,0,369.2947,0,0,3074137.8,-4983.004347,-1661.313015,6644.317361,-90263.19187,-23543.02696,355664.3438,190.11732,26.97514,4043,1678,1678,4039,4039,1735,1735,1703,1703,1617,1617,2342,2342,1618,1618,1648,1648,1666,1666,1647,   
24,-191.58987,20,0,0,358944,0,0,293.86478,0,0,2200766.5,-2675.778256,-1945.636265,4621.414521,-33833.6761,-41652.15637,188950.3087,176.59428,19.888977,5404,5455,5455,5415,5415,5405,5405,5407,5407,5479,5479,5423,5423,5416,5423,6168,5416,5459,5459,5423,   
25,-3067.392,20,0,0,5942575,0,0,285.02893,0,0,23822624,-32306.23938,-6668.999541,38975.2389,-564710.4799,-72492.40592,2436079.205,184.10118,19.440365,31,898,898,4793,4793,6650,6650,227,227,349,349,896,896,942,942,6265,6265,6653,6653,6254,   
26,-1448.9567,20,0,0,1915700,0,0,239.13446,0,0,5842019,-11881.42328,-2411.321944,14292.74523,-220578.8885,-28224.00043,783379.868,152.23291,31.057999,6310,6212,6212,593,593,6199,6199,669,669,125,125,134,134,343,343,4736,4736,455,455,352,   
27,-202.03412,20,0,0,420631,0,0,437.38306,0,0,3002457.8,-2397.266752,-983.4741203,3380.740872,-42538.13217,-11424.38078,132469.3856,210.54926,36.931557,4203,3220,3220,4196,4196,3208,4196,3201,3208,6535,6535,4196,3201,4192,4192,4205,4205,5955,5955,5937,   
28,-609.3786,20,0,0,1585198,0,0,345.16833,0,0,4781011,-7261.773473,-2478.572611,9740.346089,-123451.1832,-33419.31895,499032.856,202.58536,26.000608,2112,1920,1920,2120,2120,6045,6045,6017,6017,1973,1973,2099,2099,2012,2012,2059,2059,6371,6371,6583,   
29,-474.91116,20,0,0,768783,0,0,389.62732,0,0,2732820.8,-4918.601003,-2994.405546,7913.006547,-101504.9265,-78220.56446,378765.3161,213.73456,42.33974,5569,5539,5539,5255,5255,6347,6347,2036,2036,2174,2174,6383,6383,5498,5498,5538,5538,3663,3663,5825,   
30,-792.5377,20,0,0,2042135,0,0,309.9231,0,0,6277228.5,-8950.642329,-3670.233121,12620.87545,-156278.0256,-62961.35667,863867.4598,197.18687,37.910698,1980,2077,2077,1940,1940,2060,2060,5251,5251,5499,5499,5535,5535,6359,6359,5496,5496,5249,5249,5240,   
31,-207.73293,20,0,0,327561,0,0,321.5082,0,0,1381350.9,-2017.418248,-907.6309327,2925.049181,-35176.99178,-9719.796273,165590.7836,169.33759,18.045774,4917,5024,5024,4902,4902,4944,4944,4915,4915,6736,6736,4936,4936,4931,4931,4932,4932,4914,4914,4894,   
32,-1593.8683,20,0,0,2088727,0,0,253.22307,0,0,7237305.5,-12664.95067,-2378.632004,15043.58268,-223912.3218,-25473.10804,752832.8715,140.48358,18.425152,4862,905,905,659,659,159,159,829,829,669,669,811,811,904,904,520,520,441,441,796,   
33,-1198.454,20,0,0,3199827,0,0,325.61987,0,0,13661590,-13823.88561,-3897.869827,17721.75545,-236878.2719,-45020.42574,1118014.223,197.6532,50.511833,4321,5001,5001,4318,4318,4325,4325,4285,4285,4306,4306,4329,4329,6647,6647,6643,6643,11,11,551,   
34,-1769.4481,20,0,0,2321033,0,0,251.67464,0,0,7308563.5,-16912.88017,-3199.998019,20112.87818,-279139.0771,-32704.75528,943175.4886,157.75487,14.911784,388,173,173,726,726,779,779,874,874,169,169,68,68,690,690,800,800,6292,6292,550,   
35,-858.2531,20,0,0,1508021,0,0,314.0565,0,0,4221965.5,-9035.68064,-2699.479142,11735.15978,-158044.5211,-32673.73833,515394.8338,184.14674,45.96166,2362,2343,2343,2302,2302,2330,2330,1612,1612,1761,1761,4047,4047,1212,1212,2932,2932,5750,5750,5701,   
36,-1372.8055,20,0,0,1281060,0,0,327.23868,0,0,4814327.5,-15648.76153,-3079.974216,18728.73574,-277527.8424,-34387.26486,1072975.517,202.16107,21.405588,313,102,102,283,283,45,45,645,645,267,267,912,912,6781,6781,746,746,360,360,6230,   
37,-1791.0688,20,0,0,3889260,0,0,241.89948,0,0,7430397.5,-15781.1435,-3109.289403,18890.43291,-265206.2631,-32052.53346,978330.063,148.0715,17.579262,195,179,179,605,605,869,869,863,863,241,241,487,487,758,758,215,215,123,123,499,   
38,-203.55074,20,0,0,110503,0,0,550.1151,0,0,657928.06,-2185.109529,-623.9557486,2809.065278,-43307.81507,-7105.069083,110063.2527,212.76178,54.63783,4939,4912,4912,5005,5005,3296,3296,3294,3294,4958,4958,5057,5057,6648,6648,6195,6195,826,826,252,   
39,-1835.8114,20,0,0,1477991,0,0,264.9196,0,0,4198193.5,-17346.19102,-3247.339739,20593.53077,-296831.9426,-34418.06563,921728.8508,161.68977,15.846658,27,4867,4867,281,281,478,478,383,383,6781,6781,868,868,856,856,4745,4745,368,368,416,   
40,-777.768,20,0,0,3501810,0,0,240.05208,0,0,7030156,-7942.140118,-2469.318182,10411.4583,-134075.1552,-28851.74088,546957.6421,172.3845,17.31297,6638,1976,1976,1952,1952,2112,2112,1938,1938,2101,2101,2250,2250,1923,1923,2203,2203,2198,2198,2008,   
41,-98.91414,20,0,0,108810,0,0,404.80145,0,0,413910.84,-861.5743273,-327.2318352,1188.806163,-19591.98824,-5493.293996,40361.81222,198.07065,37.639057,3027,6033,6033,6056,6056,6030,6030,6070,6070,6021,6021,6051,6051,4053,4053,6684,6684,4027,4027,2934,   
42,-1882.871,20,0,0,1831283,0,0,257.11765,0,0,6397185.5,-17429.09268,-4740.443666,22169.53634,-324955.9225,-57639.26388,1317579.476,172.58534,53.76899,5864,5836,5836,3410,3410,3726,3726,267,267,900,900,915,915,689,689,74,74,64,64,4954,   
43,-414.8635,20,0,0,762759,0,0,200.41295,0,0,2055881.5,-4054.737145,-1756.300865,5811.038013,-62582.60154,-15951.54563,415600.9057,150.85107,52.476192,4661,4730,4730,3555,3555,3556,3556,6415,6415,6396,6396,3531,3531,4286,4286,4325,4325,4282,4282,4346,   
44,-545.73944,20,0,0,964380,0,0,349.88425,0,0,3330087.2,-5755.561972,-3116.7993,8872.361274,-102219.6762,-84875.78324,378327.9681,187.30492,38.324493,2739,2812,2812,5370,5370,5369,5369,1647,1647,1679,1679,6725,6725,1732,1732,5715,5715,1689,1689,4046,   
45,-357.08453,20,0,0,495836,0,0,371.22385,0,0,2036025.6,-3201.926791,-1048.683506,4250.610296,-58378.45634,-10886.69788,212515.5289,163.48637,34.193546,5168,5085,5085,5151,5151,5208,5208,2705,2705,2701,2701,5171,5171,5082,5082,5073,5073,2273,2273,2310,   
46,-328.10455,20,0,0,1109061,0,0,341.11423,0,0,3893843,-3974.484211,-1739.416866,5713.901073,-61714.77107,-19853.25756,302217.2403,188.09483,34.777866,6985,7044,7044,7018,7018,7112,7112,7121,7121,3135,3135,1171,1171,7139,7139,7140,7140,7142,7142,7104,   
47,-2352.6748,20,0,0,3984174,0,0,269.5819,0,0,8657413,-24868.69717,-4748.865703,29617.5629,-401674.2737,-47930.02383,1447254.773,170.7309,16.650375,434,93,93,283,283,678,678,285,285,180,180,743,743,166,166,848,848,250,250,660,   
48,-452.67682,20,0,0,525094,0,0,290.15347,0,0,1379588.5,-3584.471899,-846.8450931,4431.31699,-74541.94892,-10478.94499,187367.7505,164.66924,36.56499,4694,3373,3373,3449,3449,3702,3702,440,440,4818,4818,3273,3273,3271,3271,4827,4827,279,279,674,   
49,-78.4646,20,0,0,422907,0,0,494.48282,0,0,4442408,-1140.353119,-829.132647,1969.485774,-17206.75961,-10878.15731,98389.30582,219.29327,31.212059,6909,6908,6908,6907,6907,7195,7195,6923,7195,6930,6923,6919,6919,6911,6911,6912,6912,7195,6930,6908,   
50,-3074.3594,20,0,0,6093524,0,0,302.4216,0,0,27980352,-36622.18782,-8614.775859,45236.96368,-645164.7926,-111789.3605,3018429.817,209.85341,30.926142,4495,4407,4407,66,66,347,347,764,764,339,339,4826,4826,183,183,457,457,689,689,803,   
51,-873.792,20,0,0,2768688,0,0,183.2489,0,0,7472648.5,-6446.789799,-1623.15343,8069.943229,-109211.3702,-15026.9869,462386.1835,124.98554,22.150087,1545,1541,1541,1535,1535,1292,1292,1342,1342,1035,1035,1006,1006,1361,1361,1053,1053,1358,1358,1366,   
52,-1044.5397,20,0,0,1647141,0,0,279.92136,0,0,5192333,-9273.130342,-1880.606586,11153.73693,-169568.1978,-22748.50619,572673.8109,162.33774,24.20425,443,3428,3428,3694,3694,3709,3709,4853,4853,936,936,805,805,945,945,6239,6239,510,510,784,   
53,-143.00632,20,0,0,1651867,0,0,160.9016,0,0,7119449.5,-1310.200341,-761.6644151,2071.864756,-13098.75051,-7436.967775,68387.88079,91.59561,9.887222,7222,7231,7231,7266,7266,7263,7266,7272,7263,7208,7208,7233,7233,7266,7272,7232,7232,7242,7242,7238,   
54,-478.17435,20,0,0,440153,0,0,244.26251,0,0,2012919.1,-3097.963941,-1872.401917,4970.365858,-62754.11844,-43766.74082,287355.4448,131.2369,33.078434,5563,5793,5793,5791,5791,6374,6374,6384,6384,1968,1968,6340,6340,6341,6341,5224,5224,5269,5269,6378,   
55,-523.4148,20,0,0,514091,0,0,397.42917,0,0,2763386.8,-5494.145148,-1690.097854,7184.243002,-109661.8042,-22723.55002,316233.9979,209.51224,42.621548,4376,4432,4432,4382,4382,4483,4483,4401,4401,3357,3357,4964,3357,3321,4964,3357,3321,414,414,4394,   
56,-240.19589,20,0,0,468650,0,0,348.41162,0,0,2756222,-2632.96885,-1512.82654,4145.795389,-44227.04228,-20768.86497,179766.561,184.12906,26.36091,6964,6955,6955,6934,6934,6947,6934,6927,6947,6944,6944,6929,6929,6934,6927,6935,6935,6987,6987,7041,   
57,-676.4165,20,0,0,5074257,0,0,247.18016,0,0,11569846,-7195.663792,-2375.018194,9570.681988,-121619.6193,-30331.39726,521155.1875,179.7999,16.236027,2171,2182,2182,2004,2004,2018,2018,2150,2150,2157,2157,6015,6015,1962,1962,2000,2000,2223,2223,1914,   
58,-149.46454,20,0,0,534738,0,0,316.76215,0,0,961679.1,-1353.029624,-944.0665136,2297.096139,-18301.29724,-26146.45053,75705.69943,122.44574,24.364798,5678,2749,2749,2720,2720,2734,2734,2740,2740,2801,2801,2799,2799,2737,2737,2728,2728,2725,2725,2734,   
59,-283.1966,20,0,0,829998,0,0,257.96362,0,0,2393953.8,-3067.353402,-1457.539546,4524.892949,-46593.13424,-19129.60956,220976.4361,164.52576,34.58898,7627,7691,7691,7697,7697,7685,7685,7641,7641,8355,8355,7798,7798,8386,8386,8344,8344,8075,8075,7461,   
60,-2571.4924,20,0,0,5237687,0,0,280.05325,0,0,16125640,-25415.48684,-5689.849379,31105.33622,-457775.6788,-64007.32575,2014428.596,178.01945,23.216608,748,178,178,131,131,501,501,240,240,4870,4870,3724,3724,766,766,203,203,715,715,626,   
61,-708.2225,20,0,0,1510989,0,0,268.36673,0,0,4080816,-7037.62885,-2019.880814,9057.509671,-117145.947,-19866.06636,419658.264,165.4084,20.987091,1650,2513,2513,2410,2410,2295,2295,2360,2360,2436,2436,2286,2286,2483,2483,2480,2480,2343,2343,2374,   
62,-2849.7078,20,0,0,2781332,0,0,203.10588,0,0,10161644,-22309.43031,-4218.069231,26527.49954,-371851.8333,-41930.99009,1372847.93,130.48772,14.023642,935,6200,6200,116,116,557,557,4832,4832,164,164,927,927,706,706,388,388,947,947,6658,   
63,-25.658373,20,0,0,438936,0,0,550.66626,0,0,3256863.2,-266.9553764,-240.2177242,507.1731005,-5609.407575,-4426.124103,21700.42487,218.61899,29.127237,8232,5580,5580,8243,8243,8231,8243,8227,8231,8225,8225,8227,8227,8234,8227,8226,8234,8243,8226,8221,   
64,-401.60992,20,0,0,648241,0,0,576.4099,0,0,5075583.5,-4008.844096,-1679.069862,5687.913958,-75555.98089,-22299.96218,281637.6768,188.13277,45.523438,7035,7089,7089,7179,7179,3084,3084,3109,3109,4554,4554,4549,4549,4532,4532,1260,1260,4571,4571,4568,   
65,-252.34962,20,0,0,2086453,0,0,365.6589,0,0,15260402,-2679.436902,-3215.206755,5894.643658,-52184.37398,-132460.8539,474791.4095,206.79395,29.479977,5519,5485,5485,5501,5501,3266,3266,3758,3758,3762,3762,3761,3761,5343,5343,3751,3751,3263,3263,3254,   
66,-184.8173,20,0,0,187186,0,0,306.72867,0,0,1079105.4,-2297.465947,-1022.504372,3319.970321,-37616.58034,-9549.902796,158946.2924,203.53387,28.818113,4341,4310,4341,4312,4310,4287,4287,4301,4301,4341,4312,6489,6489,3533,3533,6401,6401,3506,3506,6396,   
67,-190.42966,20,0,0,925528,0,0,146.74144,0,0,1706681.4,-1579.99078,-871.4058903,2451.396672,-19484.02125,-9271.220574,61246.30631,102.31611,11.846235,3155,3165,3165,3160,3160,3161,3161,3141,3161,3158,3141,3145,3145,3903,3903,4142,4142,3161,3158,4143,   
68,-409.70346,20,0,0,608519,0,0,328.7936,0,0,2641490,-4921.333346,-1373.046451,6294.379799,-85665.16171,-14102.70072,316464.3673,209.09065,21.314861,2345,2543,2543,2488,2488,2393,2393,2309,2309,2377,2377,2333,2333,2454,2454,1617,1617,2504,2504,1618,   
69,-556.1379,20,0,0,1416078,0,0,229.15987,0,0,2848339,-5580.656174,-2182.201899,7762.858072,-98121.84767,-35767.52573,459686.1951,176.4344,22.078955,5262,6673,6673,2912,2912,6344,6344,2886,2886,2895,2895,5255,5255,6349,6349,2058,2058,2155,2155,6343,   
70,-593.28125,20,0,0,566861,0,0,380.51886,0,0,1903510.2,-6490.270653,-1819.830102,8310.100759,-118199.9128,-19696.37043,390173.0118,199.23083,19.815714,1382,1290,1290,2686,2686,5192,5192,954,954,1111,1111,1010,1010,5165,5165,1091,1091,2688,2688,1086,   
71,-903.9387,20,0,0,2330074,0,0,184.70206,0,0,3556514.5,-7849.654217,-2433.963655,10283.61787,-130264.7512,-27449.66712,481227.418,144.10794,17.102276,2076,5991,5991,1956,1956,6755,6755,2243,2243,2073,2073,2225,2225,1965,1965,2021,2021,2139,2139,6636,   
72,-1687.1042,20,0,0,4815009,0,0,252.68867,0,0,19292284,-20889.70626,-6415.874731,27305.58099,-345056.6635,-64257.57598,2341554.167,204.52599,45.128014,6477,3533,3533,6395,6395,6412,6412,3522,3522,6475,6475,6253,6253,148,148,455,455,852,852,665,   
73,-1141.9508,20,0,0,1609893,0,0,323.52008,0,0,6161788,-13575.18808,-2896.539929,16471.72802,-271207.9359,-37884.81468,859878.1752,237.4953,23.348944,3701,523,523,4847,4847,536,536,238,238,6680,6680,248,248,4880,4880,31,31,4451,4451,111,   
74,-112.82779,20,0,0,151830,0,0,143.20312,0,0,424836.94,-907.1035877,-656.4830475,1563.586628,-10444.31084,-6342.332042,32407.229,92.5686,14.324793,6915,6916,6915,6909,6916,6920,6916,6917,6916,6915,6920,6912,6912,6916,6917,6915,6909,6912,   ,,
75,-371.57913,20,0,0,1873878,0,0,279.2556,0,0,4200339.5,-4486.407036,-1951.238273,6437.645309,-71000.2465,-25627.04321,315942.7466,191.07707,24.571888,8300,8422,8422,8107,8107,8191,8191,8138,8138,8099,8099,7517,7517,8392,8392,8387,8387,8196,8196,7851,   
76,-55.385292,20,0,0,176812,0,0,544.3662,0,0,1040166.25,-421.1226888,-261.1009937,682.2236826,-12260.46618,-6508.562537,24654.32942,221.36682,30.61696,3995,3992,3992,3993,3992,3987,3992,3997,3993,4002,4002,3996,3996,3992,3987,3992,3997,4003,4003,5118,   
77,-461.27524,20,0,0,1862417,0,0,276.28836,0,0,3657011.5,-5363.458778,-2245.089683,7608.548462,-75395.5098,-26080.33046,331346.776,163.45015,15.164422,8210,7842,7842,8353,8353,7806,7806,7879,7879,8091,7879,8357,8091,7479,7479,8121,8121,8335,8335,7879,   
78,-57.54374,20,0,0,718700,0,0,290.08395,0,0,12310243,-894.4885856,-803.7684786,1698.25707,-9719.012482,-9248.975029,88906.20817,168.89783,19.577042,7940,7929,7929,7939,7939,7950,7950,7953,7953,7957,7957,7956,7956,7944,7944,7931,7931,7949,7949,7940,   
79,-992.6857,20,0,0,3072372,0,0,225.45404,0,0,8317211,-9021.400006,-3944.8228,12966.2228,-161047.0619,-69798.50173,867075.5176,162.23369,18.210516,6328,2048,2048,6344,6344,2033,2033,1963,1963,2068,2068,1961,1961,1962,1962,6385,6385,2063,2063,6356,   
80,-103.11599,20,0,0,402519,0,0,143.77844,0,0,1137972.9,-759.9787895,-541.4748228,1301.453612,-11347.52184,-6052.510127,60353.1908,110.04619,23.026533,8052,8035,8035,8041,8041,8036,8036,8055,8055,8209,8209,7907,7907,7972,7972,7978,7978,7973,7973,7978,   
81,-61.109287,20,0,0,143332,0,0,295.68002,0,0,776682.8,-700.5864483,-519.0777088,1219.664156,-8190.316525,-4881.197232,29449.24962,134.02736,13.214659,6921,6912,6912,6917,6917,6913,6917,6922,6913,6918,6918,6917,6922,6911,6911,6915,6915,6916,6916,6917,   
82,-111.526566,20,0,0,66501,0,0,396.0569,0,0,224332.97,-1368.835984,-604.8210377,1973.657022,-19005.7225,-6036.754546,62682.85327,170.4143,25.222315,7017,7054,7054,6997,6997,6950,6997,6954,6950,6937,6937,6944,6944,6955,6955,6964,6964,6997,6954,6989,   
83,-419.18225,20,0,0,2230766,0,0,429.94257,0,0,10071383,-5561.876447,-2363.868797,7925.745248,-84530.38356,-27479.1891,404464.0714,201.65544,20.975302,1900,4234,4234,2600,2600,2628,2628,2612,2612,4255,4255,2619,2619,2550,2550,2575,2575,2630,2630,2597,   
84,-485.30045,20,0,0,870976,0,0,313.3581,0,0,2105573.2,-5805.873021,-1993.121304,7798.994322,-101377.9306,-25044.79304,374806.6339,208.89725,25.323856,6011,1935,1935,2093,2093,2996,2996,5991,5991,2225,2225,2251,2251,6050,6050,1934,1934,2032,2032,1987,   
85,-34.264645,20,0,0,70615,0,0,587.377,0,0,550053.8,-369.6803389,-183.1947246,552.8750634,-7050.655384,-2543.692038,19474.13253,205.77055,28.935148,5964,4115,4115,4089,4089,5960,5960,5963,5960,5962,5963,5960,5962,5967,5967,5921,5921,5926,5926,5940,   
86,-50.629337,20,0,0,441525,0,0,209.2029,0,0,1368058.9,-441.5695844,-306.7725168,748.3421011,-6402.027103,-3186.287796,16500.85872,126.44897,16.565619,4129,4135,4129,4175,4135,4131,4135,4136,4131,4125,4131,4172,4125,4124,4124,4129,4175,4135,4136,4131,   
87,-233.12823,20,0,0,107293,0,0,333.36108,0,0,419416.12,-2206.088801,-835.1631388,3041.251938,-41732.59316,-15532.61562,104658.0431,179.01132,23.513575,1713,1689,1689,1698,1698,1647,1647,2544,2544,1655,1655,1633,1633,2511,2511,1653,1653,2519,2519,2357,   
88,-1313.157,20,0,0,2377101,0,0,290.18665,0,0,8937816,-13393.47252,-2713.024939,16106.49746,-243611.6779,-31604.72655,893174.8872,185.51604,27.508856,6468,6290,6290,908,908,4870,4870,4881,4881,836,836,755,755,90,90,243,243,6650,6650,737,   
89,-614.0855,20,0,0,957054,0,0,250.65694,0,0,3099674,-5611.324221,-2212.229098,7823.553315,-78522.18645,-18774.78268,364178.2549,127.86849,16.743258,6429,4656,4656,4623,4623,4644,4644,4636,4636,3603,3603,3578,3578,4622,4622,4658,4658,3544,3544,3536,   
90,-515.2947,20,0,0,1684852,0,0,356.5651,0,0,7022332.5,-6131.442009,-2793.714658,8925.156663,-108655.7711,-36034.4349,487464.7072,210.86143,28.595549,5927,5923,5923,3102,5923,5914,3102,3093,3093,3062,3062,3095,3095,5911,5911,5923,5914,3080,3080,1269,   
91,-1211.7125,20,0,0,1178979,0,0,264.44635,0,0,3613725,-11300.60135,-2072.826224,13373.42757,-196731.8024,-22120.53802,671818.4987,162.35847,18.707272,3430,4793,4793,905,905,875,875,30,30,6197,6197,775,775,594,594,493,493,171,171,114,   
92,-1264.0312,20,0,0,5744951,0,0,284.54993,0,0,13691109,-13205.02188,-3199.460121,16404.48199,-235127.0999,-34598.15662,1121398.099,186.01367,24.203962,866,144,144,193,193,6251,6251,626,626,857,857,876,876,393,393,4798,4798,6180,6180,433,   
93,-737.4832,20,0,0,1946292,0,0,255.59665,0,0,5528175,-7939.963946,-3154.057164,11094.02111,-135571.7197,-54294.35768,559529.0483,183.83025,17.71242,5782,5235,5235,6691,6691,5756,5756,5730,5730,2932,2932,2875,2875,2939,2939,2942,2942,2858,2858,5783,   
94,-761.8289,20,0,0,1185408,0,0,282.89893,0,0,5324841,-7612.507913,-2050.287742,9662.795653,-139499.1619,-20923.24829,435991.2044,183.11087,26.898684,5072,1073,1073,1055,1055,1000,1000,987,987,954,954,5143,5143,1411,1411,1545,1545,2657,2657,983,   
95,-596.6663,20,0,0,856334,0,0,381.66153,0,0,3023356,-6309.598213,-2091.721264,8401.319477,-117474.3761,-20365.71057,432927.6161,196.88454,47.525467,4692,3587,3587,4644,4644,3586,3586,4604,4604,4597,4597,4579,4579,4581,4581,3462,3462,3368,3368,3717,   
96,-319.0584,20,0,0,5330659,0,0,270.47076,0,0,18260462,-3197.655958,-2035.431261,5233.087219,-46424.53912,-28945.03532,239564.2949,145.50482,34.306038,7429,7403,7403,7783,7783,7428,7428,8173,8173,7759,7759,7627,7627,7739,7739,7557,7557,7629,7629,7566,   
97,-174.07784,20,0,0,355288,0,0,321.16714,0,0,2038399.5,-1583.743499,-1553.842397,3137.585894,-30784.12904,-60057.13592,171297.5218,176.84117,41.55082,3255,3762,3762,3763,3763,3263,3263,3262,3262,2917,2917,5364,5364,5490,5490,5292,5292,5264,5264,5283,   
98,-356.21036,20,0,0,1787553,0,0,352.8579,0,0,7597442,-3836.963175,-2066.565412,5903.528588,-61704.35384,-29408.06462,257403.468,173.22449,31.57718,7663,8307,8307,8313,8313,8282,8282,8287,8287,8299,8299,8406,8406,7678,7678,7692,7692,7598,7598,7998,   
99,-376.63678,20,0,0,4408613,0,0,297.26505,0,0,19558606,-4317.507911,-2507.105281,6824.613195,-65895.2692,-35215.62235,289022.9484,174.95706,17.87533,7699,7565,7565,8002,8002,7723,7723,7736,7736,7535,7535,7578,7578,7576,7576,7700,7700,7507,7507,7618,   
100,-227.72978,20,0,0,361109,0,0,302.01587,0,0,2326077.5,-2101.395907,-979.5855438,3080.981452,-39414.1369,-11702.49787,162185.1346,173.07414,23.188038,5958,4220,4220,5953,4220,1235,5953,4220,1235,5956,5956,5923,5923,5951,5951,5949,5951,4205,5949,5951,   
101,-86.544365,20,0,0,254094,0,0,445.6425,0,0,1658714.2,-884.589103,-971.704284,1856.293387,-17144.02829,-40948.64183,86724.84344,198.09525,46.62725,5315,5313,5313,5294,5313,5316,5294,5313,5316,5331,5331,5328,5328,5318,5318,5372,5372,5710,5710,1647,   
102,-933.05597,20,0,0,2361896,0,0,374.94482,0,0,9673729,-10785.5726,-2919.281917,13704.85451,-193295.9714,-29869.48655,733497.8457,207.16438,26.242216,1533,3858,3858,2665,2665,1306,1306,987,987,1382,1382,1077,1077,1347,1347,6772,6772,5165,5165,1028,   
103,-229.96136,20,0,0,303903,0,0,361.20026,0,0,1350649.1,-2823.423537,-901.7158223,3725.139356,-49449.02986,-14785.81156,169265.554,215.0319,27.292088,1661,2512,2512,1621,2512,1675,1621,1687,1687,2546,2546,1632,1632,2512,1675,2522,2522,2287,2287,2475,   
104,-103.741356,20,0,0,239848,0,0,416.74295,0,0,710430.5,-1268.524803,-524.5928451,1793.117647,-17663.05072,-5051.044307,62440.4982,170.26045,36.055878,7166,7187,7187,7070,7070,7031,7031,6983,6983,6949,6949,6938,6938,6941,6941,6959,6959,7014,7014,7158,   
105,-377.72412,20,0,0,757400,0,0,315.81616,0,0,3913623.5,-3677.276747,-2913.361721,6590.638466,-71175.33699,-102503.0836,374556.2132,188.43207,43.796173,5242,5266,5266,2898,2898,5485,5485,5487,5487,3267,3267,3253,3253,3251,3251,3262,3262,3771,3771,3735,   
106,-168.20422,20,0,0,423741,0,0,354.69543,0,0,1400811.5,-2055.281968,-803.6112637,2858.893234,-31273.22112,-7270.28353,130699.0613,185.92412,17.417795,4717,4678,4678,4610,4610,4616,4616,3557,3557,4607,4607,4664,4664,4683,4683,3570,3570,4730,4730,4613,   
107,-489.84653,20,0,0,1234825,0,0,329.77716,0,0,5285305.5,-5632.619757,-1608.506194,7241.125952,-96996.71659,-16239.54715,417285.7303,198.01451,39.963314,1114,1109,1109,5087,5087,1095,1095,2382,2382,2414,2414,2283,2283,2488,2488,1617,1617,4084,4084,1740,   
108,-336.37433,20,0,0,657798,0,0,242.75128,0,0,1706562.5,-3709.728937,-1851.395266,5561.124205,-49426.84721,-20532.99402,172543.9365,146.94002,14.890713,1255,4252,4252,1807,1807,1901,1901,1853,1853,1788,1788,1862,1862,1824,1824,1800,1800,4223,4223,1884,   
109,-490.8772,20,0,0,1131199,0,0,247.44226,0,0,5568818,-5163.145019,-5234.281446,10397.42648,-84234.4951,-122231.1312,665340.8831,171.59993,39.129486,4510,6119,6119,6116,6116,6156,6156,6109,6109,4434,4434,4504,4504,4382,4382,4417,4417,4357,4357,448,   
110,-1096.209,20,0,0,3795611,0,0,286.8549,0,0,12319070,-10837.95285,-2928.496917,13766.44977,-198262.0459,-30120.13676,798316.987,180.86154,25.942799,1368,1326,1326,1399,1399,1414,1414,5138,5138,2673,2673,1103,1103,985,985,1121,1121,1310,1310,1078,   
111,-375.06937,20,0,0,744969,0,0,370.65887,0,0,2423570.2,-4463.379279,-1633.994336,6097.373618,-83235.01317,-28104.64944,299604.4906,221.91899,28.591503,1212,5712,5712,5763,5763,2935,2935,2878,2878,6692,6692,5740,5740,5230,5230,1213,1213,5278,5278,5777,   
112,-271.0827,20,0,0,756935,0,0,361.45346,0,0,3804579.5,-3320.283401,-1469.126858,4789.410263,-49470.12232,-17714.97337,219918.9464,182.49089,34.88431,8126,8129,8129,7641,7641,8412,8412,7607,7607,7499,7607,7990,7499,7991,7991,7592,7592,7607,7990,8293,   
113,-73.070435,20,0,0,219056,0,0,280.01163,0,0,1057560.1,-1027.298166,-619.8985473,1647.196713,-12555.93696,-6710.018171,51908.0641,171.83334,19.976843,3920,3934,3934,3928,3928,3915,3928,3955,3915,3936,3936,3954,3954,3957,3957,3924,3924,3928,3955,3924,   
114,-372.78592,20,0,0,1456464,0,0,359.08987,0,0,5267143.5,-3961.39072,-2088.007904,6049.398624,-67487.37872,-30863.88191,286772.8344,181.0352,21.344393,7649,8428,8428,8411,8411,7538,7538,7692,7692,7352,7352,7667,7667,8373,8373,7641,7641,7703,7703,8412,   
115,-171.56892,20,0,0,156751,0,0,405.23392,0,0,866108,-2171.036264,-1990.837084,4161.873346,-38328.60985,-72721.03943,177495.4924,223.40065,30.333694,5371,2819,2819,1653,1653,2809,2809,2773,2809,2767,2773,2763,2763,2764,2764,2809,2767,6748,6748,2726,   
116,-50.08336,20,0,0,119291,0,0,429.19757,0,0,844428.06,-609.6194732,-432.6974771,1042.31695,-10459.40068,-7295.092974,41318.81589,208.83983,28.908693,8180,8178,8178,8162,8162,8177,8177,8175,8175,7414,7414,7771,7771,7782,7782,7428,7428,8168,8168,7751,   
117,-62.90745,20,0,0,191059,0,0,431.79474,0,0,1162796.5,-712.3217046,-457.068019,1169.389724,-14443.03074,-8333.001616,60240.89201,229.59172,29.774727,7657,7738,7738,8169,8169,8178,8169,8170,8178,7310,7310,8159,8159,8158,8158,8164,8164,8176,8176,8169,   
118,-197.31044,20,0,0,464106,0,0,275.6524,0,0,1554910.4,-2219.757948,-1021.574094,3241.332042,-35747.17491,-8990.369553,124884.9479,181.17224,21.085897,4892,4905,4905,5027,5027,5029,5029,6712,6712,4943,4943,5031,5031,5032,5032,4914,4914,4937,4937,4941,   
119,-139.03447,20,0,0,251393,0,0,512.61725,0,0,769030.75,-1272.091221,-951.423664,2223.514887,-27692.31252,-28109.08151,110280.7783,199.17589,46.950443,5508,3634,3634,6731,6731,3610,3610,3769,3769,3730,3730,3785,3785,3746,3746,6101,6101,6128,6128,6131,   
120,-1665.549,20,0,0,2272851,0,0,257.59137,0,0,6209201.5,-16923.93733,-3380.496719,20304.43406,-288622.7799,-39676.85349,954191.6577,173.28989,25.55967,4518,4456,4456,554,554,743,743,152,152,818,818,826,826,403,403,438,438,944,944,842,   
121,-476.88785,20,0,0,908358,0,0,313.50345,0,0,2802527.2,-4751.2412,-1542.780648,6294.021844,-83090.20871,-17594.00605,269242.6233,174.23428,17.303452,1738,4088,4088,6725,6725,1717,1717,1753,1753,2546,2546,1737,1737,1697,1697,1682,1682,1731,1731,1606,   
122,-1355.2161,20,0,0,3724770,0,0,195.36124,0,0,9207381,-9261.294764,-2269.015357,11530.31012,-159484.4301,-21221.2252,575139.7769,117.68192,15.005982,1082,1302,1302,1106,1106,1433,1433,2651,2651,1398,1398,1037,1037,1314,1314,1363,1363,1360,1360,1052,   
123,-336.94708,20,0,0,2483831,0,0,263.47125,0,0,4388951,-3990.165939,-1660.837275,5651.003216,-56460.04098,-19477.15536,239003.2303,167.56352,14.3444195,7835,7842,7842,8078,8078,7865,7865,7867,7867,8335,8335,8198,8198,7510,7510,8207,8207,8100,8100,7882,   
124,-401.12762,20,0,0,935675,0,0,336.6855,0,0,4924052.5,-4667.551564,-1953.437496,6620.989059,-82575.35482,-40260.48083,372984.3621,205.85805,29.552505,5358,5779,5779,5277,5277,2878,2878,5703,5703,2941,2941,6692,6692,2852,2852,5743,5743,5746,5746,1747,   
125,-2176.558,20,0,0,5241459,0,0,323.93256,0,0,11104489,-22787.52746,-4799.283779,27586.81123,-411605.4072,-55409.28528,1503793.719,189.10838,30.569164,947,545,545,268,268,847,847,419,419,3430,3430,3724,3724,6274,6274,6324,6324,4593,4593,3463,   
126,-115.26961,20,0,0,389314,0,0,552.2966,0,0,3435198.8,-1584.122254,-844.9666039,2429.088856,-23044.39348,-10490.93037,101132.093,199.91733,26.770662,4181,4152,4152,3183,4152,4161,3183,4159,4159,4100,4100,4152,4161,3185,3185,3178,3178,4090,4090,4109,   
127,-307.50735,20,0,0,950529,0,0,209.70786,0,0,2877605.5,-2645.455976,-1021.502091,3666.958067,-47429.12233,-11228.9178,218863.4542,154.23735,16.137339,3525,6394,6394,3510,3510,3523,3523,3528,3528,3517,3517,6458,6458,6470,6470,4314,4314,3513,3513,6479,   
128,-480.69043,20,0,0,909293,0,0,427.89572,0,0,3494244.8,-4950.036278,-1308.900787,6258.937066,-87117.60291,-12901.20149,304767.0777,181.23431,32.658382,1030,1063,1063,991,991,1077,1077,6741,6741,1305,1305,1383,1383,1429,1429,5186,5186,1563,1563,2700,   
129,-1705.727,20,0,0,2233657,0,0,275.05908,0,0,6089736,-17621.05273,-3261.998714,20883.05143,-286765.5451,-31216.68802,1033037.55,168.11923,17.435072,218,510,510,6187,6187,844,844,899,899,45,45,662,662,6659,6659,166,166,891,891,6230,   
130,-551.15344,20,0,0,2191746,0,0,222.23193,0,0,6604255,-7084.711768,-3256.941622,10341.65339,-114183.7902,-41876.84471,551890.3874,207.17242,26.592464,8414,8110,8414,7655,8110,8414,7655,8345,8345,8203,8203,7975,7975,7880,7880,8216,8216,7901,7901,8133,   
131,-483.87515,20,0,0,1243065,0,0,211.5053,0,0,2710119.2,-4882.292759,-2020.996136,6903.288895,-68064.15433,-23331.79097,241552.7614,140.6647,15.354538,8325,7865,7865,8099,8099,8315,8315,8199,8199,8062,8062,7798,7798,7468,7468,7812,7812,7472,7472,7856,   
132,-321.98828,20,0,0,1284216,0,0,277.99677,0,0,5078538.5,-3830.511929,-3348.995993,7179.507922,-52296.00478,-86281.05625,289779.8167,162.41586,25.645245,5410,5460,5460,5476,5476,5469,5469,5422,5469,5379,5422,6165,6165,6170,6170,5411,5411,5469,5379,5480,   
133,-318.08984,20,0,0,1579801,0,0,367.95074,0,0,7875175,-3617.771288,-1628.569565,5246.340852,-54599.94012,-18389.23835,217106.5753,171.64943,28.53206,6992,6968,6968,6967,6967,6937,6937,6927,6927,6957,6957,6945,6945,6994,6994,6988,6988,7034,7034,7088,   
134,-302.17328,20,0,0,934056,0,0,277.83075,0,0,4848620,-3603.02299,-1611.100384,5214.123372,-44516.35107,-13507.12957,235178.0578,147.3206,18.382664,3608,3545,3545,4628,4628,6688,6688,4643,4643,3561,3561,4680,3561,3589,4680,3561,3589,3596,3596,4635,   
135,-133.82568,20,0,0,1611563,0,0,445.93045,0,0,9551637,-1535.92292,-1359.407471,2895.33039,-27081.00951,-18374.62399,173697.787,202.36032,46.378807,7198,6900,6900,6901,6901,6903,6903,6904,6904,6907,6907,6930,6930,6924,6924,6931,6931,6965,6965,7006,   
136,-919.9363,20,0,0,1246084,0,0,191.8322,0,0,2969678.5,-7106.559164,-1729.166621,8835.725784,-122945.5333,-16507.65326,370447.8498,133.6457,17.6173,2649,1031,1031,1329,1329,1054,1054,1030,1030,1401,1401,1076,1076,1025,1025,979,979,1003,1003,5194,   
137,-1133.2458,20,0,0,1630310,0,0,303.65292,0,0,5076807.5,-10903.62825,-2525.468335,13429.09659,-202403.806,-30262.39442,617961.7736,178.6054,50.38757,4964,3357,3357,4954,4954,79,79,302,302,940,940,26,26,4763,4763,3709,3709,3373,3373,3467,   
138,-390.12546,20,0,0,1723821,0,0,320.2161,0,0,5267717.5,-4946.379378,-2166.849206,7113.228582,-82342.10115,-29591.35089,378517.6755,211.0657,21.550985,8185,7803,7803,7852,7852,8206,8206,7338,7338,7915,7915,8111,8111,8203,8203,7451,7451,7787,7787,8118,   
139,-230.45708,20,0,0,215639,0,0,447.7009,0,0,823131.4,-2112.771156,-1335.582117,3448.353271,-41788.51228,-34139.9867,118974.0254,181.32883,26.111555,5527,5511,5511,5531,5531,5510,5510,5549,5549,3476,3476,3484,3484,3649,3649,3633,3633,3609,3609,3642,   
140,-2165.57,20,0,0,6376405,0,0,220.51736,0,0,27541820,-18411.73517,-4352.389175,22764.12434,-324573.3787,-51924.17753,1724569.26,149.87895,18.741243,617,658,658,190,190,6640,6640,6252,6252,625,625,227,227,133,133,549,549,469,469,464,   
141,-1879.0791,20,0,0,5403526,0,0,263.132,0,0,13625750,-17939.04671,-4026.4581,21965.50481,-311485.7337,-48337.46208,1351719.425,165.76509,16.673923,943,190,190,353,353,129,129,708,708,27,27,338,338,4924,4924,141,141,458,458,162,   
142,-211.49059,20,0,0,277769,0,0,347.24228,0,0,864856.25,-1935.389606,-718.6621402,2654.051747,-36461.06703,-8970.955918,102539.1164,172.40042,30.859655,4524,4566,4566,4536,4536,4535,4535,4523,4523,4550,4550,6570,6570,6578,6578,6615,6615,6580,6580,2083,   
143,-169.4303,20,0,0,1002390,0,0,494.05704,0,0,11625388,-2427.162496,-1250.325949,3677.488443,-40604.60498,-14709.28031,292912.8629,239.65375,44.0451,5958,5939,5939,5924,5924,5930,5930,5975,5975,5961,5961,4222,4222,1225,1225,4105,4105,4121,4121,4111,   
144,-792.93286,20,0,0,3016310,0,0,258.00638,0,0,7885009.5,-7190.031304,-2680.283075,9870.314384,-131911.6537,-37049.22917,651566.6339,166.35918,26.1222,6338,6768,6768,2906,2906,6677,6677,1221,1221,5784,5784,1217,1217,5725,5725,2873,2873,6004,6004,1217,   
145,-404.24042,20,0,0,515201,0,0,276.84064,0,0,1879067.4,-4174.530078,-1248.05243,5422.582506,-76596.17228,-13737.63905,240469.7017,189.48172,16.281893,5643,2436,2436,5640,5640,2423,2423,6718,6718,2526,2526,2459,2459,5647,5647,2484,2484,2253,2253,2421,   
146,-667.94995,20,0,0,2615209,0,0,200.69986,0,0,5422839.5,-5140.85959,-1753.157488,6894.017075,-92107.054,-22953.10374,403694.9547,137.89514,24.724442,5682,2530,2530,2500,2500,2509,2509,2425,2425,2471,2471,2833,2833,2835,2835,2827,2827,2400,2400,5648,   
147,-1866.8318,20,0,0,3585247,0,0,316.71814,0,0,9842158,-20976.69042,-4319.26505,25295.95547,-356073.7302,-47280.64767,1289567.614,190.73691,25.048918,3691,421,421,927,927,6242,6242,167,167,852,852,368,368,560,560,6244,6244,6320,6320,6243,   
148,-532.3504,20,0,0,1045800,0,0,241.1159,0,0,3749592.5,-5234.601438,-1324.877298,6559.478735,-97298.49582,-13063.27118,351168.565,182.77151,22.876461,1396,3878,3878,6023,6023,3818,3818,3866,3866,1314,1314,1113,1113,1053,1053,1303,1303,1373,1373,1010,   
149,-335.9301,20,0,0,1933036,0,0,343.5683,0,0,5670001.5,-4728.498713,-2137.164101,6865.662815,-72169.75171,-26924.15366,298932.8346,214.8356,29.945545,8418,7567,7567,8411,8411,8072,8072,7784,7784,8288,8288,7870,7870,8134,8134,7909,7909,8090,8090,7814,   
150,-200.03624,20,0,0,2692390,0,0,293.2317,0,0,10239456,-2343.959985,-1443.333038,3787.293023,-39369.23016,-22202.29686,201102.7192,196.81049,44.579094,7409,7311,7311,7414,7414,7407,7407,7425,7425,8169,8169,8158,8158,8373,8373,7352,7352,7702,7702,7540,   
151,-134.5147,20,0,0,191321,0,0,414.43228,0,0,1085818.6,-1577.447497,-1612.351598,3189.799095,-31814.28327,-64251.49333,189578.9184,236.51158,35.74112,1657,5369,5369,2816,2816,2719,2816,2775,2719,2816,2775,2824,2824,1632,1632,5684,5684,5681,5681,2837,   
152,-211.00925,20,0,0,917887,0,0,271.3441,0,0,3043600.8,-2396.785979,-970.3359383,3367.121915,-35505.49331,-11755.04525,121915.2738,168.2651,20.33522,8363,7902,7902,7673,7673,7867,7867,7860,7860,8197,8197,7878,7878,8311,8311,8406,8406,8079,8079,7523,   
153,-2081.8762,20,0,0,1889271,0,0,276.7854,0,0,7479053.5,-20509.37576,-3989.145997,24498.52175,-359346.1388,-38729.37088,1538846.419,172.60686,20.581017,382,916,916,903,903,6320,6320,3419,3419,6257,6257,592,592,250,250,849,849,667,667,6189,   
154,-727.83,20,0,0,485506,0,0,308.10962,0,0,1918362,-6998.013975,-1336.822456,8334.836433,-130282.0246,-15029.80276,372891.0619,179.00063,25.80107,3460,6279,6279,6205,6205,519,519,3695,3695,262,262,3704,3704,771,771,254,254,27,27,189,   
155,-1392.1224,20,0,0,1771397,0,0,294.81982,0,0,5292804,-15834.07287,-3125.707813,18959.78068,-277568.2361,-31688.55454,1053625.074,199.38495,36.78379,3462,3392,3392,6218,6218,6281,6281,3701,3701,558,558,881,881,512,512,195,195,385,385,74,   
156,-356.95642,20,0,0,1176700,0,0,200.71881,0,0,2149115.5,-3079.656057,-1329.49277,4409.148827,-45999.34924,-16781.90814,150965.6437,128.86545,20.195911,7855,7799,7799,7865,7865,8343,8343,7821,7821,8347,8347,7478,7478,7671,7671,7676,7676,7660,7660,8102,   
157,-462.7476,20,0,0,1578977,0,0,314.3442,0,0,4487761,-5228.55205,-2311.967781,7540.519829,-94668.20113,-44935.99968,414502.86,204.57849,36.70831,5289,5265,5265,5244,5244,5780,5780,2924,2924,4069,4069,2855,2855,5739,5739,2931,2931,4050,4050,1732,   
158,-2188.4646,20,0,0,6427946,0,0,306.48773,0,0,23097094,-25084.23181,-4852.20384,29936.43565,-438871.7042,-55006.78649,1738222.498,200.53865,19.858042,143,387,387,912,912,4862,4862,6652,6652,507,507,587,587,937,937,412,412,77,77,582,   
159,-631.5902,20,0,0,1003683,0,0,173.08038,0,0,3247500.5,-5457.281304,-2851.432552,8308.713852,-75539.4778,-33760.33307,279276.7809,119.602036,15.512459,1851,1887,1887,1775,1775,1810,1810,5596,5596,1804,1804,1902,1902,1901,1901,1829,1829,1822,1822,1845,   
160,-795.73553,20,0,0,1584530,0,0,345.06714,0,0,4703692,-8711.854448,-3100.164638,11812.01907,-151768.0336,-32265.24503,639441.919,190.72673,33.078697,6867,6856,6856,1511,1511,1136,1136,3880,3880,3856,3856,1548,1548,1121,1121,1311,1311,2648,2648,3864,   
161,-363.79852,20,0,0,542959,0,0,359.8995,0,0,1706464.4,-3634.092106,-1121.72689,4755.818997,-74154.68589,-19887.37571,256308.3537,203.83449,38.344913,3793,3629,3629,4804,4804,3737,3737,3611,3611,3610,3610,4803,4803,4785,4785,745,745,19,19,394,   
162,-1597.5271,20,0,0,4638522,0,0,300.53488,0,0,17856304,-20198.63129,-4174.504494,24373.13578,-329675.7983,-46640.12792,1333120.583,206.36633,20.110188,6648,764,764,133,133,283,283,552,552,210,210,4921,4921,836,836,795,795,535,535,72,   
163,-1261.1641,20,0,0,2248904,0,0,289.89346,0,0,6850870.5,-12675.46262,-3177.308158,15852.77076,-218942.812,-29233.36922,952988.2092,173.60376,33.401505,1509,1522,1522,1454,1454,1495,1495,2652,2652,1321,1321,3864,3864,1003,1003,5071,5071,5165,5165,1309,   
164,-826.85645,20,0,0,605309,0,0,231.09798,0,0,1214936.5,-7117.695062,-1631.486132,8749.181198,-125506.7439,-15285.02827,344281.2861,151.78783,20.294886,460,454,454,5,5,4365,4365,11,11,4978,4978,6239,6239,724,724,397,397,386,386,855,   
165,-900.39545,20,0,0,809785,0,0,299.82855,0,0,3063761.8,-9109.553686,-1650.574351,10760.12804,-171014.0526,-17858.82297,556007.9448,189.93216,22.60532,3426,3427,3427,528,528,638,638,4789,4789,120,120,816,816,234,234,3695,3695,3440,3440,770,   
166,-977.79755,20,0,0,952020,0,0,337.10828,0,0,3804714,-11117.34973,-2043.747463,13161.09719,-204363.72,-21338.9477,690297.7517,209.00412,25.996788,4468,4741,4741,613,613,54,54,724,724,829,829,300,300,4465,4465,565,565,6255,6255,486,   
167,-894.9434,20,0,0,1057731,0,0,285.3526,0,0,4774314,-8794.19572,-2829.858958,11624.05467,-156478.2996,-29703.21071,595504.0268,174.84714,37.717438,1599,6862,6862,3808,3808,1474,1474,1420,1420,1421,1421,1109,1109,1371,1371,1337,1337,1304,1304,1016,   
168,-280.75443,20,0,0,4416334,0,0,311.0103,0,0,10247564,-3254.302821,-1479.832627,4734.135448,-54024.24753,-20255.7337,233150.2029,192.42528,25.739408,8122,7466,7466,8212,8212,8335,8335,7448,7448,8052,8052,7456,7456,7794,7794,8090,8090,8081,8081,7817,   
169,-466.0072,20,0,0,857629,0,0,184.1376,0,0,2620211,-3822.569331,-1653.567706,5476.137039,-56650.39716,-19359.11746,257435.5415,121.5655,11.794964,8220,7858,7858,7913,7913,8199,7913,8344,8199,7902,7902,7913,8344,8186,8186,7523,7523,8211,8211,8361,   
170,-433.64807,20,0,0,495929,0,0,438.77203,0,0,2510744.8,-3333.047389,-1202.00722,4535.054609,-77788.28315,-21569.79966,216267.0893,179.38113,30.320274,4808,3279,3279,3277,3277,3284,3284,4785,4785,3283,3283,4872,4872,3652,3652,3705,3705,3719,3719,3417,   
171,-181.75114,20,0,0,812080,0,0,280.44867,0,0,2419351,-2703.942633,-1307.453705,4011.39633,-32648.43058,-10973.67544,152056.7085,179.6326,19.91341,4103,3174,3174,4147,4147,3175,3175,3182,3182,6697,6697,4110,4110,4151,4151,4165,4165,3171,3171,4101,   
172,-665.4003,20,0,0,933256,0,0,268.5936,0,0,3224395.8,-6125.155367,-2487.066494,8612.221863,-112619.2337,-27097.0589,371667.6739,169.25035,18.415503,2637,3800,3800,6875,6875,3803,3803,1593,1593,2639,2639,1491,1491,1131,1131,1526,1526,1485,1485,1516,   
173,-462.75827,20,0,0,1723096,0,0,243.84378,0,0,6362188,-5206.170981,-2464.433881,7670.604863,-81745.24303,-30271.67476,424437.9904,176.64783,17.342884,8130,7801,7801,7901,7901,8217,8217,7470,7470,7808,7808,8387,8387,8329,8329,8186,8186,7882,7882,7984,   
174,-2227.766,20,0,0,1844225,0,0,218.43605,0,0,5827299.5,-15946.40477,-3504.690915,19451.09569,-292896.6223,-44272.18475,1026067.456,131.47548,26.553282,3682,3712,3712,493,493,397,397,118,118,379,379,99,99,111,111,62,62,727,727,459,   
175,-536.61487,20,0,0,1192353,0,0,218.76857,0,0,2218973.8,-4700.690461,-1403.840075,6104.53053,-79892.43399,-14767.59107,273514.4935,148.88226,18.644123,1937,1927,1927,2028,2028,1997,1997,2207,2207,5983,5983,2082,2082,6637,6637,2110,2110,2111,2111,2247,   
176,-1337.1843,20,0,0,1285850,0,0,338.8208,0,0,3898830.5,-14817.30293,-3101.774566,17919.0775,-275231.6023,-33623.26476,827530.2887,205.82921,39.85286,6258,3724,3724,3462,3462,1280,1280,6286,6286,520,520,617,617,81,81,472,472,415,415,712,   
177,-43.32333,20,0,0,614180,0,0,325.13147,0,0,5683043,-683.0706415,-491.2153543,1174.285996,-9480.36812,-5886.610391,58630.81931,218.82825,40.82286,8021,8018,8021,7283,8018,8021,7283,7297,7297,7280,7297,7291,7280,7297,7291,7290,7290,7275,7275,7238,   
178,-298.54602,20,0,0,632561,0,0,576.7746,0,0,3649849.5,-3181.79183,-1745.418759,4927.210588,-66064.737,-39743.48387,325641.4943,221.28827,56.740536,6588,2072,2072,6557,6557,6389,6389,6366,6366,5793,5793,5561,5561,3471,3471,3627,3627,3614,3614,4871,   
179,-112.97922,20,0,0,258304,0,0,389.02155,0,0,3041854,-1462.73927,-935.4612962,2398.200567,-23217.67265,-11997.6348,68986.9554,205.50392,45.14252,6900,6903,6903,6902,6903,6924,6902,6905,6905,6903,6924,6934,6934,6935,6935,6969,6969,6950,6950,6940,   
180,-1020.467,20,0,0,2531470,0,0,305.84894,0,0,9265137,-12861.08118,-3590.580225,16451.6614,-219835.5809,-34496.34108,911799.2709,215.42645,31.697126,1560,1537,1537,1486,1486,1448,1448,6759,6759,1090,1090,955,955,1107,1107,5100,5100,5170,5170,2689,   
181,-341.4158,20,0,0,1457425,0,0,375.32587,0,0,7515055.5,-3173.169425,-1354.077081,4527.246504,-49815.72313,-14838.23082,162225.1851,145.90924,22.24832,3089,7112,7112,7181,7112,7110,7181,7112,7110,7058,7058,7047,7047,7079,7079,7065,7065,7064,7064,7059,   
182,-745.63605,20,0,0,2026521,0,0,405.90643,0,0,7075980.5,-9018.347973,-3531.411271,12549.75925,-175246.0551,-61811.79488,837008.941,235.02896,58.133465,6130,6121,6121,4436,4436,4383,4383,4487,4487,4495,4495,3336,3336,4984,4984,777,777,6243,6243,142,   
183,-1904.0353,20,0,0,3337863,0,0,285.39825,0,0,8108654,-17359.54496,-3533.175958,20892.72092,-307253.1077,-40122.64891,1222968.927,161.36943,18.372448,223,640,640,332,332,775,775,6778,6778,393,393,189,189,6236,6236,6230,6230,579,579,416,   
184,-782.5534,20,0,0,1419548,0,0,259.2119,0,0,4260955.5,-8319.746372,-2716.757369,11036.50374,-141556.0403,-33361.55986,526977.861,180.88995,19.606844,1975,2097,2097,2019,2019,6611,6611,2015,2015,2033,2033,1912,1912,2196,2196,1990,1990,2087,2087,1954,   
185,-2221.2668,20,0,0,3139770,0,0,289.42526,0,0,10729923,-21906.44312,-4389.113304,26295.55643,-387195.0906,-45344.14296,1581411.534,174.31273,20.621777,647,398,398,172,172,4856,4856,24,24,4767,4767,4794,4794,924,924,708,708,617,617,256,   
186,-820.67706,20,0,0,1551466,0,0,305.69034,0,0,8946697,-8960.617817,-2747.19776,11707.81557,-152091.6362,-34054.45745,667350.0037,185.32458,24.6624,2537,2520,2520,2290,2290,5640,5640,2462,2462,2408,2408,2449,2449,1609,1609,2513,2513,2539,2539,1718,   
187,-553.54504,20,0,0,7277795,0,0,285.5291,0,0,28138390,-6283.733956,-3599.510874,9883.244832,-95531.73366,-49469.28584,468981.7087,172.58168,20.17824,8001,7577,7577,8007,8007,7597,7597,7717,7717,7741,7741,7573,7573,7726,7726,7554,7554,8423,8423,8434,   
188,-1036.0146,20,0,0,739686,0,0,281.08646,0,0,2436963.2,-7388.491375,-1723.775462,9112.266836,-143975.1778,-22853.67495,443130.6993,138.97021,25.809654,396,389,389,693,693,4468,4468,4477,4477,4846,4846,4770,4770,4872,4872,4859,4859,424,424,895,   
189,-917.7909,20,0,0,3294155,0,0,335.0605,0,0,16280666,-11066.756,-7008.37423,18075.13023,-200282.3687,-201546.9144,1251982.394,218.22223,55.29977,6352,2067,2067,6354,6354,2032,2032,5291,5291,2887,2887,2916,2916,3250,3250,5341,5341,5296,5296,5347,   
190,-139.84985,20,0,0,352418,0,0,313.98428,0,0,553323.6,-1621.66383,-671.3360577,2292.999888,-23060.81216,-7674.422134,64083.52659,164.89694,18.679377,8094,8070,8070,8327,8327,7524,7524,7830,7830,8335,8335,8208,8208,7826,7826,8320,8320,8127,8127,8201,   
191,-829.4347,20,0,0,1912884,0,0,289.7323,0,0,6448629.5,-7152.044014,-1797.941732,8949.985746,-134760.4149,-18378.02029,555268.69,162.47261,18.899122,3885,3824,3824,1407,3824,3867,1407,1054,1054,3824,3867,1370,1370,1380,1380,1091,1091,6774,6774,1401,   
192,-2005.8391,20,0,0,4546607,0,0,261.19974,0,0,8216817.5,-18246.07961,-3554.50306,21800.58267,-294107.7615,-38696.69947,1041520.834,146.6258,16.456247,380,183,183,391,391,6785,6785,604,604,402,402,301,301,508,508,279,279,4849,4849,99,   
193,-522.17804,20,0,0,1121639,0,0,228.78061,0,0,6357896,-4594.422533,-2026.502567,6620.925103,-76639.06877,-23776.05108,303661.5621,146.76808,16.383032,3083,1172,1172,3133,3133,5924,5924,3137,3137,6540,6540,3082,3082,1174,1174,3055,3055,3042,3042,3037,   
194,-1020.9499,20,0,0,1672838,0,0,425.97922,0,0,6626638.5,-11419.70411,-2681.527466,14101.23158,-211148.5462,-35619.30161,727405.8445,206.81578,42.143887,3674,3494,3494,3632,3632,4803,4803,4821,4821,929,929,43,43,490,490,6271,6271,668,668,6778,   
195,-872.8882,20,0,0,1640047,0,0,203.99823,0,0,3340568.5,-6787.568581,-1628.087327,8415.655908,-115424.7311,-15227.81599,316481.0927,132.23312,15.322817,3882,1047,1047,1033,1033,1375,1375,1302,1302,990,990,1401,1401,1317,1317,1011,1011,1023,1023,994,   
196,-365.81638,20,0,0,1439725,0,0,310.43237,0,0,4970964.5,-3617.395881,-1712.270116,5329.665998,-57976.66236,-22760.19384,316621.5785,158.4857,36.126335,8273,8261,8261,7430,7430,8272,8272,8064,8064,8185,8185,8387,8387,7911,7911,7879,7879,8096,8096,8356,   
197,-192.43176,20,0,0,242322,0,0,341.5181,0,0,771940.2,-2145.118901,-1028.967043,3174.085946,-31416.70194,-12163.16209,105667.5956,163.26152,24.568775,5606,1818,1818,1803,1803,5591,5591,5593,5593,1794,1794,1855,1855,1836,1836,1900,1900,4278,4278,4233,   
198,-89.46015,20,0,0,271674,0,0,362.81354,0,0,1274186.1,-1249.333456,-667.5311947,1916.864648,-19381.23335,-8057.283286,91710.3141,216.64655,27.367767,4160,4093,4093,1230,1230,4123,4123,4179,4123,4154,4179,4123,4154,3186,3186,4151,4151,3183,3183,4143,   
199,-1197.8959,20,0,0,2705817,0,0,241.59335,0,0,9674110,-12785.80711,-4867.852105,17653.65922,-220380.9339,-75898.69597,1032492.895,183.97337,21.26845,2068,2008,2008,2206,2206,1995,1995,2107,2107,1932,1932,2079,2079,2004,2004,2059,2059,6387,6387,1980,   
200,-765.009,20,0,0,751516,0,0,295.867,0,0,1936839.9,-7465.447589,-1369.783358,8835.230949,-134965.8811,-14789.26036,380280.2768,176.4239,20.063627,257,758,758,625,625,6193,6193,58,58,452,452,383,383,329,329,276,276,62,62,234,   
201,-2907.0347,20,0,0,3094762,0,0,233.80037,0,0,7198960,-28169.72735,-5205.199863,33374.92722,-455280.6978,-53869.24972,1499151.031,156.61343,20.045527,859,542,542,754,754,639,639,40,40,138,138,4983,4983,89,89,790,790,520,520,238,   
202,-4504.3145,20,0,0,9039006,0,0,215.7438,0,0,36423652,-36205.81218,-7543.112247,43748.92441,-597239.9173,-87488.72812,2533460.445,132.59286,13.8934355,142,722,722,110,110,607,607,560,560,184,184,679,679,693,693,652,652,634,634,870,   
203,-329.31146,20,0,0,760764,0,0,277.14978,0,0,4057193,-3527.003089,-2171.934467,5698.937559,-53506.83933,-30717.93749,292119.875,162.48096,41.57165,7989,7547,7547,7993,7993,8426,8426,7734,7734,7742,7742,7775,7775,7783,7783,7418,7418,7409,7409,8175,   
204,-9.267453,20,0,0,286532,0,0,154.45811,0,0,850857,-126.5742317,-157.8500525,284.4242842,-957.82068,-1425.600084,5217.937015,103.35317,12.050138,8147,8145,8147,8144,8145,8147,8145,8146,8144,8148,8148,8147,8148,8146,8146,8148,8146,8143,   ,,
205,-1698.1542,20,0,0,2225845,0,0,217.25795,0,0,8955985,-14510.41709,-5313.703793,19824.12089,-247039.4829,-77246.13903,1196996.75,145.4753,22.506516,5278,6088,6088,1914,1914,1931,1931,1930,1930,2156,2156,5267,5267,2043,2043,2168,2168,2092,2092,6753,   
206,-312.25137,20,0,0,1273584,0,0,245.02309,0,0,1567641.8,-3703.690761,-1568.139177,5271.829941,-55524.54653,-20445.03099,213027.0847,177.82002,29.621563,8289,8404,8404,8407,8407,8285,8285,8077,8077,7828,7828,7869,7869,7842,7842,7483,7483,7670,7670,7569,   
207,-484.29266,20,0,0,1900271,0,0,315.15213,0,0,8543192,-5171.778901,-1928.631169,7100.410068,-82433.48987,-18096.97652,467764.3222,170.2142,37.82216,4600,6679,6679,4624,4624,4671,4671,3590,3590,4673,4673,3564,3564,4679,4679,4203,4203,4212,4212,3194,   
208,-2673.2336,20,0,0,4196767,0,0,284.3568,0,0,14609936,-29744.31417,-6223.103634,35967.41778,-495386.1786,-67188.18438,2120790.208,185.31346,26.045952,4400,4412,4412,457,457,176,176,902,902,840,840,857,857,612,612,27,27,73,73,667,   
209,-466.11945,20,0,0,847766,0,0,402.59048,0,0,5751182,-4641.065837,-1379.396835,6020.462673,-84968.95835,-15192.54269,365522.4904,182.2901,29.612316,2537,2281,2281,5072,5072,5166,5166,5167,5167,2316,2316,6741,6741,1379,1379,2649,2649,1309,1309,1035,   
210,-1965.1433,20,0,0,1621594,0,0,281.3954,0,0,6323641.5,-19126.36773,-4228.515389,23354.88313,-355486.3915,-48034.72203,1389782.857,180.89592,36.656353,5845,5840,5840,3365,3365,521,521,593,593,213,213,205,205,224,224,244,244,700,700,674,   
211,-276.23007,20,0,0,945048,0,0,279.3524,0,0,4894500,-2413.949171,-2396.990637,4810.939806,-49198.21097,-88741.48835,242215.0491,178.10593,41.350456,6722,5296,5296,5297,5297,5344,5344,3255,3255,3764,3764,3265,3265,3268,3268,3771,3771,3732,3732,3745,   
212,-194.74442,20,0,0,938933,0,0,480.4538,0,0,6420814,-3163.470625,-1537.228506,4700.699124,-39037.14465,-14237.57126,235113.9364,200.45322,30.136072,4199,6529,6529,6532,6532,4717,4717,3590,3590,3599,3599,6687,6687,4607,4607,4635,4635,3583,3583,3595,   
213,-444.54797,20,0,0,3857609,0,0,332.9529,0,0,23678286,-6115.40386,-3643.187178,9758.591038,-94800.10439,-46668.53239,533044.9428,213.25055,52.768574,7335,7981,7981,8191,8191,8342,8342,8404,8404,7683,7683,8149,8149,7687,7687,8007,8007,7723,7723,7571,   
214,-53.9936,20,0,0,328797,0,0,579.81964,0,0,3805198.5,-561.1499225,-523.7053804,1084.855303,-11197.71452,-9220.715292,64445.31138,207.38968,29.197828,8243,5578,5578,8247,8247,8232,8232,8235,8232,8233,8235,8226,8226,8232,8233,8225,8225,8238,8238,8235,   
215,-826.34375,20,0,0,1085983,0,0,235.63947,0,0,3537505.5,-6938.297476,-2944.790009,9883.087489,-131134.037,-52918.58419,538233.9253,158.69186,43.441196,4068,5724,5724,4011,4011,5720,5720,2931,2931,5230,5230,2906,2906,6355,6355,6356,6356,6383,6383,2011,   
216,-2483.6711,20,0,0,4332924,0,0,262.8631,0,0,11323621,-24243.37341,-4580.456649,28823.83005,-395478.6424,-49203.1797,1432204.873,159.23149,20.230757,3316,861,861,118,118,890,890,225,225,6291,6291,702,702,939,939,268,268,177,177,260,   
217,-710.66833,20,0,0,1634521,0,0,256.39453,0,0,5447772,-4976.64679,-1631.16811,6607.814901,-88962.07396,-19655.93387,337753.8723,125.180855,21.906301,1757,1676,1676,1693,1693,1708,1708,1680,1680,1736,1736,1727,1727,1614,1614,2531,2531,2471,2471,2355,   
218,-1995.8539,20,0,0,4864595,0,0,354.95407,0,0,14837886,-24066.07364,-5037.122715,29103.19635,-410134.1419,-54792.20063,1688119.007,205.49307,19.126837,780,110,110,531,531,831,831,6272,6272,205,205,856,856,595,595,158,158,910,910,180,   
219,-253.58879,20,0,0,1051652,0,0,366.22308,0,0,5082497.5,-3216.683878,-1401.013848,4617.697724,-49879.65161,-18242.29803,186707.9311,196.69502,25.47065,7338,7890,7890,8072,8072,8425,8425,7673,7673,8354,8354,7880,7880,7815,7815,7512,7512,8294,8294,7903,   
220,-753.6587,20,0,0,1833452,0,0,293.39734,0,0,7950565.5,-7628.609235,-2765.787428,10394.39667,-136458.2683,-39240.07286,647058.0587,181.0611,20.827269,5755,5775,5775,1212,1212,4031,4031,5694,5694,2864,2864,6000,6000,5722,5722,5733,5733,5700,5700,2861,   
221,-694.1053,20,0,0,1213298,0,0,257.70303,0,0,3078277,-7489.528044,-2738.256664,10227.78471,-132428.3902,-43246.53276,518534.9799,190.79007,37.671234,2909,5230,5230,2930,5230,5215,2930,2933,2933,2871,2871,5785,5785,5230,5215,6663,6663,1927,1927,1968,   
222,-354.0145,20,0,0,1368563,0,0,402.08542,0,0,5958853,-3928.712409,-1647.52854,5576.24095,-58527.40801,-17103.18428,199171.3389,165.32489,17.327625,7188,7111,7111,7075,7075,7131,7131,7151,7151,7069,7069,7104,7104,7067,7067,7060,7060,7163,7163,7134,   
223,-956.51996,20,0,0,1751355,0,0,286.7932,0,0,5137694,-10230.7947,-3332.643684,13563.43838,-175667.0455,-32981.2725,695295.7967,183.65225,18.333275,1146,1126,1126,1483,1483,6857,6857,1506,1506,1548,1548,5193,5193,1580,1580,2636,2636,1130,1130,5198,   
224,-793.8528,20,0,0,1298731,0,0,324.62878,0,0,4037774.2,-7596.256277,-2246.748913,9843.005192,-141553.7733,-24734.34362,468683.9572,178.31236,30.610546,5201,5122,5122,2674,2674,2676,2676,1006,1006,1017,1017,1106,1106,5071,5071,5075,5075,965,965,1108,   
225,-1254.8184,20,0,0,1479576,0,0,189.71724,0,0,6264535,-8886.417528,-2256.522665,11142.94019,-155707.0073,-22616.48072,512782.9044,124.08728,18.719254,1402,1077,1077,1083,1083,996,996,1304,1304,1308,1308,1336,1336,1339,1339,1321,1321,1066,1066,2319,   
226,-826.6285,20,0,0,1240805,0,0,307.02618,0,0,6740085,-7248.605334,-2945.77656,10194.38189,-124933.8334,-47549.73615,595052.8569,151.13663,17.741814,4016,2938,2938,6684,6684,2924,2924,2868,2868,4015,4015,6763,6763,5703,5703,4014,4014,1212,1212,4083,   
227,-1367.5002,20,0,0,1914958,0,0,321.1819,0,0,6760675.5,-14400.11301,-3448.557103,17848.67011,-276930.5824,-44417.4977,975646.3247,202.50862,34.303684,47,142,142,4984,4984,6711,6711,86,86,588,588,46,46,476,476,4847,4847,3678,3678,3714,   
228,-406.21408,20,0,0,1187510,0,0,415.38757,0,0,5182600,-4483.452963,-3026.556496,7510.009462,-83969.30532,-90964.22485,398548.5026,206.71194,38.799446,6337,2050,2050,5222,5222,2898,2898,2904,2904,5491,5491,5539,5539,5559,5559,5494,5494,5489,5489,3264,   
229,-395.05496,20,0,0,1025400,0,0,211.35355,0,0,2450151.8,-3596.148008,-1538.122356,5134.270365,-66697.72202,-29049.0865,303807.5385,168.8315,25.823994,5743,2946,2946,2881,2881,4022,4022,5229,5229,5785,5785,2906,2906,5266,5266,5260,5266,5235,5260,5266,   
230,-2890.4915,20,0,0,12227126,0,0,267.0313,0,0,23336026,-27367.35677,-6465.275375,33832.63214,-480262.6007,-81967.16136,2291715.528,166.15257,19.729132,4393,707,707,118,118,603,603,897,897,545,545,131,131,159,159,674,674,726,726,660,   
231,-197.91365,20,0,0,4687075,0,0,218.1003,0,0,13162276,-2139.754082,-1514.026879,3653.780961,-31535.71098,-23420.62421,233110.4642,159.34076,18.034933,7399,8161,8161,8176,8176,7413,7413,7418,7418,7311,7311,7403,7403,7429,7403,7317,7429,7403,7317,7427,   
232,-101.022,20,0,0,3019513,0,0,427.16592,0,0,4451246.5,-1067.049375,-649.4562072,1716.505582,-14107.23195,-8135.608692,68479.71723,139.64514,27.158857,3946,3939,3939,3938,3938,4181,4181,3903,3903,3163,3163,3906,3906,3158,3158,3904,3904,3154,3154,3170,   
233,-784.2996,20,0,0,634793,0,0,355.25995,0,0,2128430.5,-8088.469535,-1526.476158,9614.945699,-149049.4498,-16227.86713,424744.9288,190.04147,26.454252,4743,474,474,714,714,418,418,25,25,757,757,6274,6274,823,823,267,267,6228,6228,3429,   
234,-525.1062,20,0,0,1068855,0,0,325.45297,0,0,3484296,-5226.217699,-2019.592649,7245.810349,-96540.15576,-32050.07403,356672.8211,183.84882,19.598633,5702,2944,2944,4032,4032,2948,2948,5763,5763,5776,5776,5721,5721,5728,5728,1217,1217,4053,4053,4058,   
235,-1287.89,20,0,0,1322660,0,0,240.00203,0,0,2703758,-9869.532102,-1954.739298,11824.2714,-182386.751,-21722.77084,577095.8545,141.61671,28.725384,717,753,753,12,12,704,704,694,694,480,480,252,252,3437,3437,3366,3366,3695,3695,91,   
236,-1058.1609,20,0,0,1389364,0,0,283.11438,0,0,6086728,-10119.95797,-3478.626601,13598.58456,-183540.3999,-36862.66537,687488.5651,173.45227,29.003214,1289,956,956,1446,1446,2646,2646,1580,1580,1141,1141,1565,1565,1483,1483,1128,1128,6789,6789,6855,   
237,-1190.0841,20,0,0,2119669,0,0,324.59186,0,0,6621180.5,-11349.06132,-2616.294153,13965.35548,-217307.0253,-38320.47669,708753.8697,182.59804,25.52408,31,723,723,535,535,111,111,4864,4864,4846,4846,3271,3271,4851,4851,92,92,526,526,261,   
238,-1084.4495,20,0,0,3774360,0,0,327.9364,0,0,14084080,-12621.22806,-3851.567108,16472.79517,-219645.8853,-36780.24695,1105121.836,202.54138,30.700706,2704,5176,5176,1121,1121,1053,1053,967,967,5075,5075,5095,5095,1449,1449,1543,1543,1569,1569,1470,   
239,-628.71106,20,0,0,770250,0,0,342.64716,0,0,2746869.2,-6947.312347,-2668.691485,9616.003825,-125279.7673,-28183.07524,446122.8544,199.26445,19.536188,3804,1510,1510,1554,1554,1503,1503,1147,1147,1565,1565,3847,3847,1481,1481,1463,1463,1517,1517,6855,   
240,-443.27823,20,0,0,4933502,0,0,345.44324,0,0,25275218,-6338.052885,-3262.705417,9600.758301,-98059.08999,-43779.40649,476854.6073,221.21342,40.915394,7716,7582,7582,7494,7494,7729,7729,7602,7602,8420,8420,8290,8290,8113,8113,8388,8388,8138,8138,8095,   
241,-1297.2192,20,0,0,1061005,0,0,259.3337,0,0,2968411.2,-10759.45145,-2029.707395,12789.15886,-194215.6246,-23129.97228,658825.3785,149.71689,19.117762,651,109,109,842,842,277,277,943,943,922,922,6260,6260,776,776,210,210,824,824,6187,   
242,-790.273,20,0,0,1180322,0,0,286.7485,0,0,4688344,-5987.075125,-2059.293113,8046.368237,-116219.6273,-25089.89793,396844.2958,147.06262,42.901455,1263,4566,4566,4574,4574,4549,4549,6577,6577,6595,6595,6606,6606,6637,6637,6590,6590,1925,1925,2193,   
243,-689.9417,20,0,0,884520,0,0,328.9639,0,0,2946376.2,-8533.553232,-2174.24084,10707.79407,-144933.2019,-19813.68334,599127.9112,210.06587,28.562044,2312,2333,2333,1066,1066,2325,2325,1296,1296,1380,1380,1061,1061,1543,1543,1396,1396,1079,1079,1405,   
244,-420.61252,20,0,0,1275103,0,0,454.14484,0,0,8405998,-4448.008805,-2214.319756,6662.32856,-78379.92657,-48419.32104,478770.7743,186.34712,41.109383,2716,2768,2768,2786,2786,2760,2760,2724,2724,2770,2770,2775,2775,1636,1636,2780,2780,1651,1651,1617,   
245,-271.23355,20,0,0,1265873,0,0,361.35052,0,0,3142298.2,-3897.461104,-2018.399747,5915.860854,-59802.1831,-27258.78005,313445.3085,220.48225,28.309975,7847,8084,8084,8409,8409,7534,7534,7540,7540,7696,7696,7992,7992,8431,8431,7717,7717,7586,7586,7654,   
246,-374.4791,20,0,0,725010,0,0,517.5071,0,0,5282042,-4380.332056,-1409.467223,5789.799282,-80101.74956,-14462.43313,316970.3063,213.9018,34.79401,5615,5153,5153,5110,5110,5156,5156,5211,5211,5149,5149,5091,5149,2686,5091,5185,5185,5149,2686,1416,   
247,-529.17554,20,0,0,342794,0,0,313.21097,0,0,1009268.4,-4444.32502,-1328.389863,5772.714881,-77660.48409,-12833.82572,207686.8314,146.7575,23.480837,5179,5203,5203,1554,1554,1474,1474,1141,1141,5193,5193,1527,1527,1530,1530,1455,1455,1535,1535,2650,   
248,-227.99754,20,0,0,524678,0,0,282.0553,0,0,3683241.8,-2286.759154,-1225.705118,3512.464273,-35676.77158,-15784.00099,132845.5632,156.47876,27.666138,6904,6926,6926,6939,6939,6948,6948,6955,6955,6973,6973,6987,6987,6940,6940,6975,6975,6986,6986,6972,   
249,-740.2478,20,0,0,1742644,0,0,220.46783,0,0,4660664.5,-5958.859232,-2505.23959,8464.098824,-96038.00303,-29427.5155,340026.9871,129.73764,12.112318,1154,1181,1181,3052,3052,1156,1156,3118,3118,3058,3058,1177,1177,3093,3093,6744,6744,3136,3136,3034,   
250,-1309.2865,20,0,0,974882,0,0,284.02786,0,0,3253566,-12186.20076,-2484.623554,14670.82431,-206023.8822,-25670.81971,647813.4187,157.35583,33.363598,5007,3325,3325,3350,3350,80,80,817,817,823,823,62,62,30,30,758,758,798,798,64,   
251,-661.5392,20,0,0,495484,0,0,354.08334,0,0,1648066,-6024.872268,-2582.502716,8607.37498,-84985.60896,-28571.57167,432146.6262,128.46648,20.527958,4277,4270,4270,4264,4264,4265,4265,2601,2601,2551,2551,1877,1877,1896,1896,1250,1250,4269,4269,4266,   
252,-68.79653,20,0,0,263467,0,0,460.45096,0,0,1021628.4,-975.2649179,-965.9320871,1941.197005,-15451.88943,-22517.77218,101530.4737,224.60274,24.902603,4504,4443,4443,4505,4505,6163,6163,6779,6779,6160,6160,4512,4512,6159,6159,6120,6120,4433,4433,6144,   
253,-2409.3455,20,0,0,2924007,0,0,242.75662,0,0,7494228.5,-24226.15583,-4555.467862,28781.62368,-380748.745,-45050.90468,1273609.407,158.02995,19.099836,3318,6781,6781,683,683,573,573,83,83,741,741,838,838,101,101,356,356,376,376,581,   
254,-249.72165,20,0,0,323001,0,0,467.59772,0,0,2093182.2,-1650.917277,-1086.195436,2737.112713,-36783.37976,-26313.36849,111378.0061,147.29752,40.314068,3671,5809,5809,5815,5815,5810,5810,5857,5857,5561,5561,3499,3499,3631,3631,3641,3631,3612,3641,3631,   
255,-473.91367,20,0,0,448897,0,0,294.5667,0,0,2286368,-5012.391272,-1874.323885,6886.71516,-93456.58144,-31480.57347,302812.9848,197.20169,20.962463,5752,4017,4017,2937,2937,5230,5230,5738,5738,4032,5738,4011,4032,5738,4011,5702,5702,5733,5733,5716,   
256,-827.4825,20,0,0,4654588,0,0,329.419,0,0,11383672,-8242.955052,-3764.842743,12007.79781,-132486.3094,-43795.84001,547134.3675,160.1077,33.251102,2576,2587,2587,2562,2562,2559,2559,4258,4258,4281,4281,2618,2618,4241,4241,1775,1775,1834,1834,1816,   
257,-486.27982,20,0,0,581348,0,0,339.94043,0,0,2767226.5,-4903.31017,-1369.664823,6272.974994,-86518.08366,-14367.70553,249689.2394,177.91832,33.58863,2389,2276,2276,2411,2411,2266,2266,2465,2465,2486,2486,2324,2324,6741,6741,1047,1047,1328,1328,1307,   
258,-655.16705,20,0,0,2363251,0,0,349.66403,0,0,11970992,-6537.443738,-2638.798264,9176.241996,-100107.1981,-28137.51695,355128.1043,152.79645,17.111092,7051,7035,7035,7059,7059,7046,7046,7052,7052,7086,7052,7175,7086,7007,7007,7052,7175,7113,7113,7145,   
259,-455.98883,20,0,0,2731829,0,0,310.8426,0,0,8835413,-4905.691814,-2169.725266,7075.417077,-80028.42089,-29481.88025,317803.907,175.50522,24.67775,7524,8399,8399,8220,8220,8367,8367,8131,8131,8088,8088,7890,7890,7860,7860,7458,7458,7452,7452,8320,   
260,-317.8592,20,0,0,1071539,0,0,186.56749,0,0,1006933.44,-2788.420523,-1197.477152,3985.897667,-39420.01008,-14608.36882,135197.1337,124.01721,20.212658,7657,8135,8135,7855,7855,7518,7518,7786,7786,7523,7523,8106,8106,8327,8327,8318,8318,7828,7828,7815,   
261,-172.02347,20,0,0,533541,0,0,345.0887,0,0,2508024.8,-2642.190828,-2057.322336,4699.513166,-34000.2466,-47595.45165,188037.0567,197.64888,19.899145,5416,5457,5457,6166,5457,5463,6166,5418,5418,5461,5461,5412,5412,6171,6171,5407,5407,5401,5401,5457,   
262,-229.11154,20,0,0,128772,0,0,338.18784,0,0,1215360,-1744.641042,-860.7357699,2605.376812,-38441.6545,-13845.01335,124922.2511,167.78577,20.36186,4561,4548,4548,3231,3231,3241,3241,3229,3229,5864,5864,6706,6706,3230,3230,4544,4544,3227,3227,6502,   
263,-465.4662,20,0,0,575814,0,0,225.256,0,0,1301440.2,-4661.548515,-1979.069958,6640.618477,-70397.64699,-25384.73829,286956.56,151.24117,18.758242,7518,8322,8322,7837,7837,7850,7850,8109,8109,8071,8071,8139,8139,8364,8364,7464,7464,7884,7884,7897,   
264,-613.09076,20,0,0,3075516,0,0,271.8259,0,0,9730492,-7567.9797,-3196.172191,10764.15189,-103194.707,-28369.90927,593948.3102,168.3188,17.714832,3570,3575,3575,4615,4615,4657,4657,3572,3572,3597,3597,4629,4629,3559,3559,4673,4673,4687,4687,4719,   
265,-527.498,20,0,0,4813202,0,0,195.54568,0,0,15858651,-4988.015524,-2912.632133,7900.647661,-73028.90517,-40358.11404,289982.1403,138.44395,17.218122,7552,7576,7576,7566,7566,7530,7530,7688,7688,7565,7565,7686,7686,7594,7594,7737,7737,7707,7707,7767,   
266,-74.98454,20,0,0,1003671,0,0,356.25464,0,0,6021900.5,-843.8062932,-797.155186,1640.96148,-13022.0127,-10790.52367,99653.91743,173.66263,31.510782,7385,7374,7374,7381,7381,7383,7383,7378,7378,1194,1194,3976,3976,3987,3987,3972,3972,3977,3977,3974,   
267,-1374.0757,20,0,0,1854120,0,0,270.33463,0,0,6633893,-14182.59102,-2946.92217,17129.51319,-273668.1584,-32636.73203,993367.5271,199.16527,24.170835,820,6204,6204,679,679,730,730,650,650,107,107,4754,4754,96,96,3421,3421,765,765,208,   
268,-416.3164,20,0,0,860895,0,0,321.89227,0,0,2646074.8,-4417.016002,-1584.394858,6001.410858,-78625.6263,-25302.67015,273491.9534,188.86026,20.937346,1634,1672,1672,1696,1672,1718,1696,1695,1695,5716,5716,1672,1718,1661,1661,1600,1600,1723,1723,2537,   
269,-187.1254,20,0,0,960502,0,0,339.43918,0,0,3565239.2,-2189.630474,-848.6104942,3038.240969,-32914.50824,-7792.447565,159861.6677,175.89546,16.4492,3193,3213,3213,4691,4691,4217,4217,3212,3212,4212,4212,4186,4186,4214,4214,4199,4199,4187,4187,4691,   
270,-1655.056,20,0,0,5537739,0,0,279.0963,0,0,12019630,-17208.63216,-3695.683461,20904.31563,-309832.7413,-44588.16836,1250571.135,187.20378,20.303606,4857,177,177,805,805,199,199,916,916,113,113,136,136,182,182,4851,4851,928,928,4744,   
271,-597.3536,20,0,0,5756927,0,0,263.45322,0,0,12324149,-6424.019515,-2155.97279,8579.992306,-111894.0887,-27580.53382,504075.4646,187.31635,22.785885,6360,6331,6331,6753,6753,6757,6757,1914,1914,6558,6558,6563,6563,2082,2082,2017,2017,6015,6015,1979,   
272,-277.50745,20,0,0,1878731,0,0,387.3963,0,0,9089075,-3023.193427,-3076.431169,6099.624594,-55220.4045,-119043.0317,477160.0318,198.98712,45.540943,5345,5360,5360,5297,5297,5342,5342,5298,5298,5338,5338,5355,5355,5270,5270,5777,5777,5747,5747,4040,   
273,-118.060234,20,0,0,403291,0,0,533.6724,0,0,2029628,-1238.301312,-945.947337,2184.24865,-24907.11445,-30954.62007,97398.33193,210.96956,44.629303,3757,3258,3258,3756,3756,3765,3765,3785,3785,3775,3775,3630,3630,5505,5505,5571,5571,5557,5557,5558,   
274,-631.16296,20,0,0,1080626,0,0,184.96115,0,0,3479831,-5874.252812,-2267.213581,8141.466392,-89700.47053,-20359.02059,452564.5042,142.11935,16.240929,4627,3560,3560,4619,4619,4715,4619,4623,4715,3588,3588,3580,3580,4661,4661,3539,3539,4619,4623,4661,   
275,-68.02267,20,0,0,1178989,0,0,281.277,0,0,4638957,-905.7276503,-536.4459314,1442.173582,-10396.09473,-5782.36643,47376.0794,152.83281,21.63927,7274,7246,7246,7230,7230,7260,7260,7249,7249,7253,7253,7257,7257,7238,7238,7222,7222,7234,7234,7243,   
276,-858.8185,20,0,0,960139,0,0,326.9666,0,0,3871733.5,-11341.52517,-3440.790697,14782.31586,-195766.7855,-36167.73077,754204.6228,227.94896,32.00005,1668,1726,1726,2544,2544,2469,2469,1612,1612,2454,2454,2297,2297,5647,5647,5649,5649,2484,2484,2326,   
277,-543.02814,20,0,0,964352,0,0,287.82706,0,0,5924015.5,-4916.087806,-2338.559423,7254.647228,-91261.41734,-31197.03715,336700.8989,168.0602,27.450912,1177,3126,3126,6538,6538,6496,6496,6546,6546,3120,3120,3064,3064,3071,3071,3054,3054,5923,5923,5919,   
278,-2645.1614,20,0,0,8683020,0,0,243.26869,0,0,22414086,-21824.49,-4409.965936,26234.45593,-363077.0685,-46917.82913,1621387.403,137.26083,14.830056,361,815,815,228,228,6784,6784,202,202,6650,6650,412,412,131,131,548,548,942,942,442,   
279,-503.34152,20,0,0,790994,0,0,275.2574,0,0,2579074.8,-5133.647038,-1369.168568,6502.815606,-87407.74823,-12508.94809,294092.7214,173.65495,22.023066,1494,2672,2672,1482,1482,1576,1576,1527,1527,1544,1544,1590,1590,1140,1140,1521,1521,1422,1422,991,   
280,-421.55746,20,0,0,601200,0,0,312.77203,0,0,2667929.2,-4213.355727,-1626.042538,5839.398264,-79340.23379,-27849.81075,297376.8214,188.2074,41.169167,5719,4012,4012,2870,2870,2874,2874,1210,1210,1689,1689,1619,1619,6726,6726,1667,1667,1636,1636,2503,   
281,-157.07027,20,0,0,594724,0,0,402.62225,0,0,1661332.5,-1757.725683,-827.53424,2585.259924,-29765.12072,-10606.87851,125451.0161,189.50194,23.81874,7857,7974,7974,7463,7463,7478,7478,8396,8396,8399,8399,7468,7468,8093,8093,8323,8323,8292,8292,7457,   
282,-377.68192,20,0,0,727993,0,0,213.10449,0,0,2030746.9,-4269.758983,-2091.461257,6361.220244,-55904.53704,-22474.02422,184661.3366,148.02016,14.397734,1811,1772,1811,1251,1772,1856,1856,5607,5607,1811,1251,5583,5583,1776,1776,1800,1800,1804,1804,1897,   
283,-639.20026,20,0,0,739234,0,0,325.93167,0,0,2067409.5,-7835.107601,-1571.895988,9407.00359,-138928.734,-18955.77791,482912.926,217.34775,22.977402,880,443,443,6775,6775,88,88,802,802,382,382,4879,4879,28,28,4774,4774,863,863,6654,   
284,-712.3014,20,0,0,1732342,0,0,354.10257,0,0,6062957,-7878.473445,-2327.194336,10205.66778,-148543.9488,-24803.032,514059.1519,208.54088,38.21934,5068,5103,5103,5151,5151,5065,5065,965,965,1392,1392,1097,1097,1033,1033,2397,2397,1704,1704,1714,   
285,-314.21393,20,0,0,1791874,0,0,134.65076,0,0,4266772.5,-2391.402774,-1599.1092,3990.511975,-37121.47171,-24414.60262,259824.1033,118.14076,31.047789,8378,8157,8157,8164,8164,8159,8159,7404,7404,7408,7408,7409,7409,7399,7399,7414,7414,7405,7405,7311,   
286,-1034.3379,20,0,0,1411380,0,0,266.62732,0,0,5004961.5,-9086.563426,-2477.549339,11564.11277,-166104.5778,-25953.37534,544971.5044,160.59024,31.043018,1096,5069,5069,5077,5077,1422,1422,1004,1004,1384,1384,1342,1342,1063,1063,2370,2370,2361,2361,2379,   
287,-202.05562,20,0,0,190816,0,0,264.062,0,0,523705.8,-2167.761972,-915.0118151,3082.773787,-29453.54785,-10277.92245,86570.89618,145.76952,16.373226,7484,8331,8331,7510,7510,8318,8318,7878,7878,8096,8096,8121,8121,8319,8319,7511,7511,7816,7816,8340,   
288,-1089.93,20,0,0,1455571,0,0,351.08737,0,0,7283827,-12153.67183,-2389.870811,14543.54265,-218457.3958,-25104.18654,774419.8892,200.43248,30.590986,3438,3448,3448,434,434,812,812,371,371,290,290,875,875,158,158,447,447,141,141,311,   
289,-311.23468,20,0,0,951430,0,0,356.81247,0,0,3563813.5,-3984.901634,-1993.915709,5978.817351,-60680.0766,-24959.971,238419.9515,194.96567,21.04081,5586,5603,5603,1862,1862,1822,1822,1889,1889,4280,4280,4224,4224,1897,1897,1846,1846,1813,1813,4232,   
290,-453.03845,20,0,0,1308796,0,0,206.828,0,0,2956117.2,-4364.441822,-1815.423889,6179.86571,-61078.5945,-20995.97841,243590.3696,134.81989,12.245277,8126,7871,7871,8331,8331,8204,8204,8111,8111,8390,8390,7868,7868,7784,7784,7910,7910,7906,7906,7466,   
291,-284.5404,20,0,0,857111,0,0,255.24731,0,0,1890976.1,-3119.037306,-1298.455718,4417.493024,-46688.79865,-16167.22201,213951.4203,164.08495,14.484484,7528,7818,7818,7841,7841,7477,7477,7469,7469,8309,8309,7829,7829,8134,8134,7797,7797,7514,7514,7846,   
292,-343.69244,20,0,0,423780,0,0,279.18512,0,0,1225114.8,-2582.866074,-751.1940734,3334.060147,-52229.7157,-8515.491919,167942.9044,151.96643,19.314936,3018,3008,3008,3010,3010,6061,6061,6072,6072,5994,5994,3028,3028,6035,6035,6029,6029,6059,6059,6041,   
293,-833.08813,20,0,0,1258439,0,0,298.19623,0,0,3613605.5,-10164.72301,-1759.211059,11923.93406,-163753.7164,-16651.14903,477531.1666,196.5623,21.983946,893,6196,6196,6180,6180,360,360,218,218,6651,6651,445,445,946,946,933,933,273,273,124,   
294,-851.8655,20,0,0,1343302,0,0,412.53088,0,0,8610644,-9227.134982,-2491.157625,11718.2926,-186721.7046,-33868.05789,917749.1336,219.19154,42.927402,3674,3723,3723,3408,3408,3364,3364,4576,4576,4593,4593,6313,6313,6318,6318,821,821,351,351,106,   
295,-251.83797,20,0,0,1244010,0,0,280.1592,0,0,5102104,-2993.43923,-1315.80613,4309.24536,-44859.40862,-14629.86264,219204.5867,178.12807,35.880917,6934,6951,6951,6965,6965,6961,6961,6978,6978,6935,6935,6990,6990,7013,7013,7026,7026,7025,7025,7081,   
296,-580.3064,20,0,0,1068845,0,0,336.86157,0,0,4855305,-6627.990867,-2042.87328,8670.86415,-119761.1882,-28427.03935,465400.3926,206.3758,32.415314,1665,1691,1691,1669,1669,2523,2523,2264,2264,2322,2322,2529,2529,2512,2512,5683,5683,1646,1646,1693,   
297,-1347.6486,20,0,0,1559610,0,0,233.59845,0,0,4085314.5,-11934.45157,-2254.788612,14189.24019,-199323.9932,-23429.15386,661514.9142,147.90503,18.040192,4458,662,662,867,867,331,331,562,562,928,928,103,103,39,39,536,536,3315,3315,209,   
298,-432.75107,20,0,0,728821,0,0,260.50098,0,0,3302969.5,-3511.977995,-2024.159152,5536.137147,-61031.84623,-60390.02416,277728.0801,141.03223,42.696033,2725,2739,2739,2812,2812,2810,2810,1630,1630,2512,2512,1652,1652,1679,1679,1766,1766,1765,1765,1741,   
299,-344.22095,20,0,0,1417378,0,0,381.10156,0,0,8577652,-4160.990617,-2082.279042,6243.269657,-73554.46521,-25358.72175,425307.4527,213.68388,51.522575,6541,6496,6496,6515,6515,3235,3235,6495,6495,6548,6548,6525,6525,4672,4672,3585,3585,4667,4667,3599,   
