score,depth,netChgRoad,netChgBus,netChgRail,savedMinsRoad,savedMinsBus,savedMinsRail,deltaLkRoad,deltaLkBus,deltaLkRail,railNetworkKM,LBar,gameState0,gameState1,gameState2,gameState3,gameState4,gameState5,gameState6,gameState7,gameState8,gameState9
192.27922,10,0,0,1227097,0,0,50922692,726314.1558796857,137920.48860571923,-7789974.674540899,3777.3928,340.55954,5672,3788,   3788,5672,   43,7637,   7637,43,   3836,7345,   7345,3836,   2996,6257,   6257,2996,   2946,3527,   3527,2946,   
181.51445,10,0,0,23647906,0,0,816716160,651837.2801903135,-128676.46297283698,-6174621.012986446,3591.104,271.57825,4241,6241,   6241,4241,   7083,4048,   4048,7083,   2509,272,   272,2509,   3285,7460,   7460,3285,   6390,7884,   7884,6390,   
584.49615,10,0,0,2638884,0,0,62026288,662959.5226556165,-127897.05604671374,-5603720.362791908,1134.241,185.06721,2045,6802,   6802,2045,   4231,5659,   5659,4231,   3846,1456,   1456,3846,   3111,2879,   2879,3111,   3763,712,   712,3763,   
429.5965,10,0,0,4472657,0,0,67361330,628513.0104732503,-421982.27799120813,-4821537.929570836,1463.031,220.73956,6884,732,   732,6884,   1917,3115,   3115,1917,   1888,8032,   8032,1888,   2973,1273,   1273,2973,   1749,2543,   2543,1749,   
321.77533,10,0,0,7728261,0,0,229121060,799735.2109485543,-101619.72786321102,-7056563.354766852,2485.3838,297.20673,4741,4170,   4170,4741,   818,1864,   1864,818,   1431,1379,   1379,1431,   4939,4669,   4669,4939,   8167,1357,   1357,8167,   
213.8387,10,0,0,5942816,0,0,230815650,606274.7515667469,-35156.77721871415,-5051561.844061455,2835.1965,275.58548,5080,7137,   7137,5080,   754,6093,   6093,754,   765,7306,   7306,765,   7993,2819,   2819,7993,   3790,2379,   2379,3790,   
247.96178,10,0,0,2948906,0,0,44365776,699326.524827482,272999.8804997441,-6347306.489801087,2820.2996,220.78165,4233,117,   117,4233,   2493,2233,   2233,2493,   5079,3508,   3508,5079,   4323,3967,   3967,4323,   2159,2913,   2913,2159,   
388.35037,10,0,0,3532804,0,0,61654212,543621.4103240574,-24546.78804737382,-5246117.791862268,1399.8221,192.83882,5734,2012,   2012,5734,   5710,3847,   3847,5710,   3143,6311,   6311,3143,   5983,2366,   2366,5983,   4227,2467,   2467,4227,   
139.6258,10,0,0,4586474,0,0,102811064,386136.6453036576,234205.19940150276,-5270429.91402929,2765.511,269.99182,4952,6878,   6878,4952,   3147,2406,   2406,3147,   4068,8183,   8183,4068,   8414,4260,   4260,8414,   2350,3018,   3018,2350,   
278.24777,10,0,0,2935846,0,0,101583990,538267.4586647137,-43998.99479169436,-5694195.710712164,1934.4897,219.63647,39,154,   154,39,   5919,7805,   7805,5919,   6745,4623,   4623,6745,   1676,7021,   7021,1676,   5220,6358,   6358,5220,   
361.0251,10,0,0,2100598,0,0,25700924,511471.70911713765,-36229.04566953409,-4606823.355893074,1416.7207,114.366905,5491,972,   972,5491,   2509,5254,   5254,2509,   4058,3068,   3068,4058,   1426,5343,   5343,1426,   2949,2890,   2890,2949,   
392.41718,10,0,0,2629692,0,0,47655524,538675.0092891841,-42087.52667585092,-4762124.296187049,1372.7101,186.82098,1323,5626,   1323,7027,   5626,1323,   7027,1323,   5862,5791,   5791,5862,   5405,87,   87,5405,   6601,5332,   5332,6601,   
253.51204,10,0,0,3680054,0,0,73843910,484766.7341815922,20996.128427587566,-3623787.339649535,1912.204,252.8202,3530,63,   63,3530,   1617,7577,   7577,1617,   2874,5580,   5580,2874,   4528,6340,   6340,4528,   5538,6955,   6955,5538,   
127.802475,10,0,0,3547366,0,0,62567012,473246.14912897884,166955.2591334616,-3760100.8271874185,3702.95,275.90067,4634,7398,   7398,4634,   5581,6304,   6304,5581,   5411,3980,   3980,5411,   4369,6328,   6328,4369,   6783,999,   999,6783,   
235.48338,10,0,0,7030960,0,0,145156510,434513.8762256367,115722.42086874886,-3055584.9568616077,1845.1997,196.02248,6756,3071,   3071,6756,   1311,7896,   7896,1311,   1694,2848,   2848,1694,   1562,4595,   4595,1562,   1943,954,   954,1943,   
121.48837,10,0,0,6405621,0,0,195651170,442372.82731862756,96550.61826429286,-2225578.454887394,3641.2769,295.7602,7654,1588,   1588,7654,   419,8324,   8324,419,   2828,5428,   5428,2828,   7790,3367,   3367,7790,   2380,6914,   6914,2380,   
127.96888,10,0,0,1017064,0,0,14801278,351556.68568753166,114536.60272473087,-2178311.1190734175,2747.2046,266.9661,6975,3521,   3521,6975,   8240,4429,   4429,8240,   6691,2361,   2361,6691,   44,722,   722,44,   4347,1882,   1882,4347,   
155.07881,10,0,0,3787750,0,0,64499636,337897.73854558467,8046.21205921095,-2451037.2612945936,2178.8777,243.48154,1421,7513,   7513,1421,   1740,5602,   5602,1740,   7011,459,   459,7011,   7187,2157,   2157,7187,   5882,25,   25,5882,   
113.491486,10,0,0,4615484,0,0,84350944,395112.985645274,-258611.21927112635,-2068404.2558237098,3481.4329,304.4073,4017,8369,   8369,4017,   4397,4584,   4584,4397,   7737,3045,   3045,7737,   6978,5693,   5693,6978,   3476,8419,   8419,3476,   
134.34674,10,0,0,2230189,0,0,64235736,382174.3311175865,42088.19297333871,-707570.2250988516,2844.6865,300.85077,4626,1002,   1002,4626,   3947,8304,   8304,3947,   2459,3235,   3235,2459,   3266,5318,   5318,3266,   1204,7769,   7769,1204,   
119.4471,10,0,0,1960015,0,0,67916440,357295.4942702444,-188418.81485831828,-2046237.8102424117,2991.2446,302.14743,2803,840,   840,2803,   247,61,   61,247,   7968,140,   140,7968,   8284,3253,   3253,8284,   1312,2368,   2368,1312,   
145.2209,10,0,0,2971346,0,0,66099936,396549.8026315271,35100.23771956163,-1565886.9216989337,2730.6663,213.49661,6676,5633,   5633,6676,   5920,2355,   2355,5920,   2897,7042,   7042,2897,   7559,3656,   3656,7559,   5127,3645,   3645,5127,   
122.2964,10,0,0,1922650,0,0,44169296,341178.5806339303,-107299.4507988949,-1836701.6520238416,2789.768,230.725,3818,2787,   2787,3818,   5681,4363,   4363,5681,   5691,419,   419,5691,   3565,1871,   1871,3565,   3142,3776,   3776,3142,   
50.78154,10,0,0,2476532,0,0,40281140,200277.08506964025,-323848.9272631519,-839271.6306599109,3943.8953,315.7803,5629,1869,   1869,5629,   952,6549,   6549,952,   5658,3177,   3177,5658,   8121,4336,   4336,8121,   5051,7596,   7596,5051,   
134.51796,10,0,0,2288214,0,0,53488824,375924.84263673285,-121921.85287648322,-1506872.2125184345,2794.607,265.75104,3197,3725,   3725,3197,   4380,1108,   1108,4380,   1743,7428,   7428,1743,   3517,1592,   1592,3517,   5407,3853,   3853,5407,   
126.899605,10,0,0,1196018,0,0,42428728,408112.2566546855,-68842.13740330368,-1588304.1021188432,3216.0247,342.14343,4111,8045,   8045,4111,   190,5994,   5994,190,   3950,15,   15,3950,   3594,4319,   4319,3594,   2805,7548,   7548,2805,   
40.459248,10,0,0,2070062,0,0,63137992,118109.84562599767,-274584.75557790685,-771774.2349419136,2919.2297,311.90567,5011,6413,   6413,5011,   110,5972,   5972,110,   5175,4806,   4806,5175,   4680,7806,   7806,4680,   5133,8156,   8156,5133,   
184.68802,10,0,0,1494851,0,0,13445768,345701.38467446,-56379.79087223565,-1271875.1943938143,1871.8127,283.01044,7356,3222,   3222,7356,   7040,5966,   5966,7040,   448,93,   93,448,   6843,4573,   4573,6843,   2620,6699,   6699,2620,   
74.9252,10,0,0,2739066,0,0,55515320,211793.75205118457,105097.03997080938,-1345225.9674768725,2826.7358,255.92189,5338,1972,   1972,5338,   4899,7725,   7725,4899,   8100,6019,   6019,8100,   1679,3394,   3394,1679,   2598,5642,   5642,2598,   
125.14151,10,0,0,1773119,0,0,48412872,351047.90531850286,-197529.61288612636,-858130.766662397,2805.2075,263.49472,8018,3801,   3801,8018,   1531,5939,   5939,1531,   2585,5220,   5220,2585,   3615,6843,   6843,3615,   4369,5372,   5372,4369,   
113.04394,10,0,0,1199721,0,0,16707814,247210.52758295083,-161689.03911421087,-413443.7554647244,2186.8535,234.86328,2747,4146,   4146,2747,   4895,5687,   5687,4895,   4932,888,   888,4932,   1004,2659,   2659,1004,   5545,3857,   3857,5545,   
105.37066,10,0,0,2419425,0,0,38869052,309564.5244115754,54734.69300847525,-396266.38135146047,2937.8628,253.8038,1607,7457,   7457,1607,   1699,4541,   4541,1699,   2210,3038,   3038,2210,   1513,820,   820,1513,   6307,7591,   7591,6307,   
142.78516,10,0,0,1251727,0,0,19383854,236666.1745272018,142752.91589199967,-17929.792734298535,1657.4984,260.11676,3127,1286,   1286,3127,   5208,7926,   7926,5208,   137,3554,   3554,137,   1690,1101,   1101,1690,   3381,3664,   3664,3381,   
96.578804,10,0,0,2624078,0,0,40638924,245481.2396950872,-193825.8843943731,-180846.14588842646,2541.7712,376.03915,4913,0,   0,4913,   204,5683,   5683,204,   3952,1191,   1191,3952,   5513,7647,   7647,5513,   2792,7211,   7211,2792,   
86.626465,10,0,0,2334446,0,0,48027260,291863.1307295063,-199607.5948156119,102497.82481676023,3369.2144,280.68927,5015,7455,   7455,5015,   6284,7177,   7177,6284,   4034,561,   561,4034,   2102,5426,   5426,2102,   3728,7982,   7982,3728,   
114.53426,10,0,0,1675678,0,0,31245374,269682.45014087314,-119043.08565299805,620192.5534169328,2354.6006,195.76004,3706,2794,   2794,3706,   535,5213,   5213,535,   2245,1461,   1461,2245,   7374,5404,   5404,7374,   5550,1377,   1377,5550,   
60.831455,10,0,0,3228112,0,0,89169776,195203.118845713,-108745.03503239602,290597.7139386769,3208.9175,337.27008,7634,8339,   8339,7634,   7714,1881,   1881,7714,   7379,1607,   1607,7379,   7252,4451,   4451,7252,   589,1018,   1018,589,   
48.461502,10,0,0,2364526,0,0,53041380,186163.67019180732,-327298.1854445022,830610.2475824049,3841.4753,345.0463,5961,2301,   2301,5961,   6464,7531,   7531,6464,   2576,4107,   4107,2576,   3438,6466,   6466,3438,   3891,8012,   8012,3891,   
57.666004,10,0,0,6074394,0,0,118975080,192445.97565808502,-170130.81471848788,1168974.0861282551,3337.2517,251.16626,1452,4700,   4700,1452,   5808,3834,   3834,5808,   8393,2119,   2119,8393,   7900,3426,   3426,7900,   3438,2490,   2490,3438,   
65.22111,10,0,0,788901,0,0,11274960,213094.7766591278,-6732.368776396013,1752968.535195147,3267.267,291.2456,2252,108,   108,2252,   2097,1415,   1415,2097,   8013,5112,   5112,8013,   8177,4402,   4402,8177,   8233,2427,   2427,8233,   
103.338005,10,0,0,2463614,0,0,32258460,163831.78009796012,30424.282008823353,1504447.899882411,1585.3972,134.20119,1744,6087,   6087,1744,   4837,2710,   2710,4837,   2021,1405,   1405,2021,   4766,1439,   1439,4766,   2636,6574,   6574,2636,   
116.76857,10,0,0,1593313,0,0,28861612,194478.45372422904,-87188.76850733385,2515469.3623910677,1665.5034,223.82858,6459,907,   907,6459,   1513,5974,   5974,1513,   8361,2933,   2933,8361,   2530,3880,   3880,2530,   1924,5260,   5260,1924,   
56.62845,10,0,0,2549575,0,0,47775072,175554.94642238718,-124230.85990835541,2949032.14475205,3100.1194,317.9328,2142,3826,   3826,2142,   1013,6534,   6534,1013,   7201,5852,   5852,7201,   204,5048,   5048,204,   7953,5900,   5900,7953,   
41.560684,10,0,0,2620198,0,0,50809768,156701.85159385635,-225897.20245724195,2076804.2980527917,3770.435,289.2973,4366,7471,   7471,4366,   6669,1463,   1463,6669,   6267,3800,   3800,6267,   8299,3098,   3098,8299,   1812,6988,   6988,1812,   
102.75492,10,0,0,903312,0,0,11966143,146555.75683310957,94725.9069491778,2527345.51557725,1426.265,186.91978,5789,6460,   6460,5789,   789,5299,   5299,789,   4467,1345,   1345,4467,   7031,4559,   4559,7031,   1489,5080,   5080,1489,   
55.707905,10,0,0,1940803,0,0,15231343,116671.71728714224,-58134.49864370423,2704898.6235627476,2094.3477,248.0716,2581,4296,   4296,2581,   2478,2973,   2973,2478,   285,6354,   6354,285,   5073,6738,   6738,5073,   3944,4605,   4605,3944,   
37.52157,10,0,0,3319803,0,0,63654048,114991.2131057522,-168599.65464443687,2481691.8630003384,3064.6697,262.82126,1200,8153,   8153,1200,   1921,5172,   5172,1921,   2207,7423,   7423,2207,   2674,49,   49,2674,   8142,4560,   4560,8142,   
13.731383,10,0,0,2167891,0,0,42041200,38174.59082505581,-163397.5598297828,2926711.535388323,2780.098,266.1204,3070,7867,   7867,3070,   2067,3371,   3371,2067,   7906,4117,   4117,7906,   3036,4149,   4149,3036,   2066,5856,   5856,2066,   
34.713577,10,0,0,2703940,0,0,49062428,89268.1779813583,-393801.2588238468,4067528.096601987,2571.564,302.56854,7257,4080,   4080,7257,   3559,2873,   2873,3559,   3318,69,   69,3318,   4992,3695,   3695,4992,   1178,8349,   8349,1178,   
15.069392,10,0,0,575156,0,0,10759519,30462.217763108794,-132051.66156482828,2461529.0129108177,2021.4629,216.66356,7163,1560,   1560,7163,   7590,5643,   5643,7590,   5787,6072,   6072,5787,   4538,4053,   4053,4538,   3092,5480,   5480,3092,   
15.804439,10,0,0,1602731,0,0,47335876,27365.496142006887,-277614.55889810546,2575956.2835938395,1731.507,240.63028,7106,6982,   6982,7106,   4853,5364,   5364,4853,   2010,3149,   3149,2010,   2228,7542,   7542,2228,   3502,4604,   4604,3502,   
20.514011,10,0,0,824058,0,0,20448772,42233.24514858761,-199909.63292863604,3279493.857938822,2058.7512,244.25986,3317,923,   923,3317,   4672,6523,   6523,4672,   5784,5556,   5556,5784,   4593,7484,   7484,4593,   1853,2138,   2138,1853,   
15.651645,10,0,0,1449124,0,0,23910484,29446.009783234385,-367629.86800414533,3437730.673918487,1881.3364,279.97,2430,7414,   7414,2430,   7306,8228,   8228,7306,   5833,1509,   1509,5833,   277,4860,   4860,277,   6019,1834,   1834,6019,   
-3.5207632,10,0,0,1724960,0,0,29220890,-7859.21217728419,-40155.27979951438,4334688.637921796,2232.2468,351.5696,8014,7418,   7418,8014,   1057,5022,   5022,1057,   7186,274,   274,7186,   7663,6631,   6631,7663,   863,169,   169,863,   
-19.079237,10,0,0,646951,0,0,7861180.5,-38401.12940702372,-270609.060569719,5352818.0082598,2012.7183,223.53355,6276,5885,   5885,6276,   193,5010,   5010,193,   5031,6239,   6239,5031,   5324,1067,   1067,5324,   8294,231,   231,8294,   
-9.173995,10,0,0,1209854,0,0,46288456,-40648.9113858425,-206768.36972723086,2112380.075715326,4430.8843,342.76978,1478,5490,   5490,1478,   2199,954,   954,2199,   3049,8127,   8127,3049,   8111,5061,   5061,8111,   7966,500,   500,7966,   
5.6894355,10,0,0,326925,0,0,4179218.5,9293.993789175523,585.0064723508107,4415603.1634676,1633.553,298.27,2872,5803,   5803,2872,   1522,1668,   1668,1522,   5025,4335,   4335,5025,   8302,8085,   8085,8302,   7772,5509,   5509,7772,   
-2.2272615,10,0,0,1037524,0,0,30106634,-7032.471311233121,5025.0665745326305,2736975.151772816,3157.452,343.24966,6329,6397,   6397,6329,   6620,1684,   1684,6620,   4297,4980,   4980,4297,   7221,2296,   2296,7221,   3196,8030,   8030,3196,   
-14.573721,10,0,0,6182850,0,0,99503310,-46081.61895923966,-18179.36935019831,4017113.2589290994,3161.9666,267.1387,4621,7646,   7646,4621,   5002,5788,   5788,5002,   356,2523,   2523,356,   5218,103,   103,5218,   1972,7494,   7494,1972,   
-14.802402,10,0,0,3145006,0,0,65160584,-47083.86150778708,-31050.230148465544,3673669.686083328,3180.826,244.93546,599,2601,   2601,599,   7101,363,   363,7101,   5733,472,   472,5733,   4363,6960,   6960,4363,   8420,696,   696,8420,   
-25.842049,10,0,0,1607226,0,0,42929156,-78426.57691245405,15113.802922878265,6880032.409828277,3034.8438,243.87738,6372,5674,   5674,6372,   1730,2785,   2785,1730,   2338,3516,   3516,2338,   7305,515,   515,7305,   5092,6504,   6504,5092,   
-61.565098,10,0,0,3341545,0,0,48224912,-92416.14230650035,-143921.57305483712,7303318.634152995,1501.1125,276.9699,906,5814,   5814,906,   1864,8372,   8372,1864,   4315,3661,   3661,4315,   801,4170,   4170,801,   1312,2501,   2501,1312,   
-67.782974,10,0,0,1710002,0,0,21438736,-148440.4770515724,9678.067963911244,10508035.969074298,2189.9375,302.001,7552,8199,   8199,7552,   6113,278,   278,6113,   4909,3727,   3727,4909,   7732,6257,   6257,7732,   4387,3824,   3824,4387,   
-118.8439,10,0,0,1573788,0,0,13620193,-132490.0074133507,-222852.2554677936,8774249.313943943,1114.8237,195.8882,617,260,   260,617,   2312,2500,   2500,2312,   1657,7382,   7382,1657,   5916,2216,   2216,5916,   3450,5275,   5275,3450,   
-74.464134,10,0,0,1543036,0,0,25139008,-139744.67716147256,-401990.1353522454,4517924.355878647,1876.6709,158.74904,3654,4703,   4703,3654,   3446,3903,   3903,3446,   6588,3220,   3220,6588,   737,7164,   7164,737,   4483,2071,   2071,4483,   
-62.076736,10,0,0,2270762,0,0,37805064,-187724.75817458722,7967.239404704953,9333091.428218784,3024.076,273.67285,8107,192,   192,8107,   5648,5918,   5918,5648,   1580,6609,   6609,1580,   7997,1451,   1451,7997,   6311,7046,   7046,6311,   
-51.81843,10,0,0,959388,0,0,19678288,-152641.59024317306,-321477.925147358,7635359.640007801,2945.7007,250.54494,4219,1047,   1047,4219,   4564,1268,   1268,4564,   5887,645,   645,5887,   3502,7800,   7800,3502,   6714,5368,   5368,6714,   
-140.39182,10,0,0,1423846,0,0,16249343,-245280.3666061452,-21145.713540150726,13471225.682624806,1747.1129,245.88583,6181,7021,   7021,6181,   719,4472,   4472,719,   7283,2849,   2849,7283,   4752,2209,   2209,4752,   2125,1688,   1688,2125,   
-196.20766,10,0,0,2617279,0,0,38290448,-326167.89144130587,-234645.0609296711,19330293.370664403,1662.3607,201.55357,2989,567,   567,2989,   1774,2316,   2316,1774,   4153,424,   424,4153,   3047,4829,   4829,3047,   919,3484,   3484,919,   
-130.65671,10,0,0,2906465,0,0,44667616,-296869.2155094392,-443966.24940265535,12085750.160080526,2272.1316,251.57858,7821,4464,   4464,7821,   4341,4839,   4839,4341,   1055,2606,   2606,1055,   139,2177,   2177,139,   6452,5943,   5943,6452,   
-107.496445,10,0,0,3824938,0,0,63904640,-374852.84439657995,-433762.85799150314,19228555.73350809,3487.1184,319.43625,8154,1373,   1373,8154,   450,7550,   7550,450,   4326,1085,   1085,4326,   7909,1176,   1176,7909,   7070,7167,   7167,7070,   
-103.131065,10,0,0,1220802,0,0,20472072,-332485.05595215864,-425744.3197549413,18469985.82889857,3223.908,267.53732,1856,5787,   5787,1856,   7761,4622,   4622,7761,   4056,3651,   3651,4056,   7709,2247,   2247,7709,   5551,5462,   5462,5551,   
-193.21085,10,0,0,615206,0,0,4989449,-331968.2274294651,-314690.10903867194,17141941.062550712,1718.1655,174.0748,6033,7108,   7108,6033,   6880,3230,   3230,6880,   5983,1716,   1716,5983,   2679,4315,   4315,2679,   3417,4677,   4677,3417,   
-263.4861,10,0,0,2558014,0,0,32905970,-373054.0411602482,-21045.847642636407,16693951.213214623,1415.8395,207.41365,2709,2575,   2575,2709,   4193,4618,   4618,4193,   1970,1616,   1616,1970,   117,2659,   2659,117,   6425,3067,   3067,6425,   
-276.8584,10,0,0,854297,0,0,9910929,-446385.48724682647,-534155.066433468,19333221.300511427,1612.3242,232.33775,951,1871,   1871,951,   6195,2188,   2188,6195,   1627,2033,   2033,1627,   5138,8154,   8154,5138,   783,5839,   5839,783,   
-174.23172,10,0,0,1891529,0,0,30868536,-402014.0159795054,-438778.614280747,19952923.12387611,2307.3528,223.13023,3333,6327,   6327,3333,   5062,990,   990,5062,   8345,1046,   1046,8345,   2928,5656,   5656,2928,   1566,2609,   2609,1566,   
-146.03018,10,0,0,1278373,0,0,18425936,-443188.1856383952,-264460.0076259657,25294521.444352627,3034.9082,262.306,6842,3593,   3593,6842,   6194,2393,   2393,6194,   4457,7717,   7717,4457,   1594,3142,   3142,1594,   2652,2440,   2440,2652,   
-166.88962,10,0,0,1061546,0,0,25030402,-371066.1821981822,-107115.23983571502,18463725.609089717,2223.4229,280.06738,3534,5049,   5049,3534,   4258,2483,   2483,4258,   4510,4162,   4162,4510,   913,4691,   4691,913,   1603,3950,   3950,1603,   
-305.46756,10,0,0,991504,0,0,13716302,-523257.5012982788,-412393.1249954431,21318378.771163207,1712.9724,163.73325,5013,2961,   2961,5013,   3532,6013,   6013,3532,   1343,4818,   4818,1343,   5948,3203,   3203,5948,   4709,923,   923,4709,   
-261.64526,10,0,0,534393,0,0,9468700,-479657.6140084022,-222108.62727792384,19977425.64444592,1833.2363,200.40451,7124,2897,   2897,7124,   1092,3816,   3816,1092,   4661,5794,   5794,4661,   4112,3801,   3801,4112,   6167,2345,   2345,6167,   
-292.62277,10,0,0,1511466,0,0,18744434,-610618.8850850438,-395524.3888406731,21650353.288467158,2086.71,207.0197,438,1995,   1995,438,   5502,6779,   6779,5502,   2305,6719,   6719,2305,   2069,2578,   2578,2069,   4915,4183,   4183,4915,   
-568.44037,10,0,0,3121266,0,0,24109902,-607662.034185097,-440875.0156889942,20869230.262845498,1068.9988,189.42505,132,6673,   6673,132,   4052,6052,   6052,4052,   6031,3880,   3880,6031,   60,181,   181,60,   1049,8075,   8075,1049,   
-259.908,10,0,0,837462,0,0,15545813,-552074.7110187842,-643126.642646392,19748174.67326711,2124.116,255.95157,1769,6827,   6827,1769,   6869,1728,   1728,6869,   3751,637,   637,3751,   3957,441,   441,3957,   6258,7151,   7151,6258,   
-244.56079,10,0,0,1106470,0,0,18698898,-523388.4932017024,-507769.46079641255,19872726.44848754,2140.1162,232.51361,49,5548,   5548,49,   6960,7693,   7693,6960,   3511,3018,   3018,3511,   5895,5189,   5189,5895,   3708,3060,   3060,3708,   
-264.15317,10,0,0,1412899,0,0,10826424,-610405.6659161232,-265271.4194486517,27415397.89336221,2310.802,220.30997,2749,3369,   3369,2749,   6723,526,   526,6723,   790,451,   451,790,   7280,3476,   3476,7280,   6220,780,   780,6220,   
-297.56113,10,0,0,1262095,0,0,13098207,-688921.8043079326,-504763.6398601712,26860954.88969515,2315.2278,208.1283,5734,3931,   3931,5734,   2751,6528,   6528,2751,   576,2047,   2047,576,   3562,3773,   3773,3562,   3027,1668,   1668,3027,   
-293.44226,10,0,0,625885,0,0,9411959,-594959.9220547833,-405324.1303266548,23727385.25101077,2027.5195,233.15623,2762,1627,   1627,2762,   4755,6199,   6199,4755,   4134,3020,   3020,4134,   8149,4795,   4795,8149,   2540,3013,   3013,2540,   
-459.61688,10,0,0,1032092,0,0,7666591,-606610.8007697839,-430297.11619807495,19213175.059348136,1319.8184,159.55946,6421,3306,   3306,6421,   4909,6425,   6425,4909,   5326,6835,   6835,5326,   103,6343,   6343,103,   937,3300,   3300,937,   
-244.66228,10,0,0,887947,0,0,12691212,-617784.2156177405,-316192.7616484858,22286489.3440681,2525.0488,206.34708,1792,480,   480,1792,   2656,5478,   5478,2656,   1417,4553,   4553,1417,   2796,431,   431,2796,   7117,1464,   1464,7117,   
-353.8034,10,0,0,2671077,0,0,36853956,-669538.7203422241,-350502.18055246014,23685493.42697609,1892.4033,204.34633,7891,2121,   2121,7891,   2162,2040,   2040,2162,   298,1121,   1121,298,   7050,523,   523,7050,   4828,6205,   6205,4828,   
-307.0765,10,0,0,4779695,0,0,62609316,-795587.422407532,-505104.8060938343,29750289.601083983,2590.8442,250.14207,738,2485,   2485,738,   936,3207,   3207,936,   2794,2427,   2427,2794,   7458,4761,   4761,7458,   1202,2177,   2177,1202,   
-228.67656,10,0,0,1205975,0,0,18351716,-691829.5370221005,-361481.7898568483,26729482.464856658,3025.3628,271.5026,1943,5655,   5655,1943,   2835,8162,   8162,2835,   8311,2281,   2281,8311,   7407,7713,   7713,7407,   4782,8016,   8016,4782,   
-209.9553,10,0,0,1079165,0,0,18640464,-562026.0473310817,-499704.5881895349,23590169.203906916,2676.8843,262.7292,223,7717,   7717,223,   6113,1076,   1076,6113,   3558,4300,   4300,3558,   1144,2868,   2868,1144,   6126,4204,   4204,6126,   
-373.04633,10,0,0,1210866,0,0,23714166,-862802.8908896059,-405701.6686178158,27789970.318311308,2312.8572,280.24982,8221,8016,   8016,8221,   1514,3167,   3167,1514,   2562,7743,   7743,2562,   7980,7885,   7885,7980,   2684,7426,   7426,2684,   
-196.71231,10,0,0,674390,0,0,19224416,-721394.2917864212,-476741.1287768101,21235340.04201055,3667.2556,347.3171,5531,6470,   6470,5531,   7665,4940,   4940,7665,   7956,2235,   2235,7956,   7721,2435,   2435,7721,   2164,6453,   6453,2164,   
-237.35825,10,0,0,525600,0,0,6960155,-824765.3848401248,-646447.8980203727,27635337.311925933,3474.7703,287.77438,2150,7772,   7772,2150,   4177,5248,   5248,4177,   5981,1456,   1456,5981,   4807,8296,   8296,4807,   8085,6929,   6929,8085,   
-313.95367,10,0,0,584636,0,0,11002524,-831552.492647819,-179552.28646239822,22608720.55414794,2648.6472,276.90952,1282,4589,   4589,1282,   7071,5433,   5433,7071,   2392,2363,   2363,2392,   4140,8103,   8103,4140,   5600,567,   567,5600,   
-399.5323,10,0,0,1199224,0,0,18730762,-847975.9367635513,-302481.9947325334,22219327.54149206,2122.4216,273.7386,2737,7958,   7958,2737,   5028,5791,   5791,5028,   2484,2189,   2189,2484,   52,1173,   1173,52,   1555,1322,   1322,1555,   
-281.6682,10,0,0,2480729,0,0,28867424,-692947.097972342,-441948.9122653014,23194473.04725287,2460.1538,237.35677,5014,7144,   7144,5014,   704,8109,   8109,704,   2054,448,   448,2054,   3838,4702,   4702,3838,   5621,1105,   1105,5621,   
-259.37057,10,0,0,2788643,0,0,39475744,-757238.323908975,-611200.5146032273,25347518.73489911,2919.523,295.99518,2936,8119,   8119,2936,   8235,4190,   4190,8235,   6144,942,   942,6144,   7835,2231,   2231,7835,   2548,5592,   5592,2548,   
-262.54312,10,0,0,271739,0,0,3971763,-774814.4199823313,-498210.37399919244,20275965.43895878,2951.1892,240.27812,6531,8054,   8054,6531,   5271,1597,   1597,5271,   3715,2628,   2628,3715,   2743,6822,   6822,2743,   2763,3792,   3792,2763,   
-489.05112,10,0,0,517602,0,0,8858662,-995949.7750747042,-485803.6161290701,30356638.716595765,2036.4941,194.22224,1404,3633,   3633,1404,   6740,6763,   6763,6740,   1915,2573,   2573,1915,   3885,7397,   7397,3885,   3378,1943,   1943,3378,   
-283.7381,10,0,0,1206206,0,0,20603696,-1010680.4077342869,-287593.2598378001,22864047.90598884,3562.0188,310.34506,6961,7873,   7873,6961,   2481,4494,   4494,2481,   6066,3053,   3053,6066,   8158,838,   838,8158,   8083,1542,   1542,8083,   
-272.8624,10,0,0,1168321,0,0,13524795,-800476.1661773843,-189377.2950136718,28322374.622639254,2933.626,300.9739,2789,6257,   6257,2789,   7061,4399,   4399,7061,   3226,5396,   5396,3226,   1873,7542,   7542,1873,   4394,7862,   7862,4394,   
-623.67206,10,0,0,1445668,0,0,22958868,-975098.2128256385,-544355.769115628,29067824.431282427,1563.479,265.64713,6140,5452,   5452,6140,   1939,1828,   1828,1939,   8137,7739,   7739,8137,   1379,1472,   1472,1379,   2274,3570,   3570,2274,   
-291.1784,10,0,0,393691,0,0,11851287,-782667.6035121471,-692846.8137863337,14584668.40620303,2687.9316,266.2787,5493,438,   438,5493,   7288,604,   604,7288,   7067,7093,   7093,7067,   5572,776,   776,5572,   3966,661,   661,3966,   
-394.24878,10,0,0,954373,0,0,17069580,-911164.9401167328,-379359.4374299866,23751322.042290956,2311.142,216.80524,2905,1905,   1905,2905,   7174,1221,   1221,7174,   1003,3583,   3583,1003,   5007,2341,   2341,5007,   3536,4955,   4955,3536,   
-474.2883,10,0,0,851198,0,0,10329029,-921617.1421273752,-479309.712239887,33454024.682655923,1943.1581,237.46272,700,4778,   4778,700,   3003,3952,   3952,3003,   4239,1508,   1508,4239,   5934,652,   652,5934,   4793,6763,   6763,4793,   
-226.7047,10,0,0,305478,0,0,5467552.5,-768613.3765241842,-416730.629509089,33838041.01987702,3390.3726,261.2973,1674,6686,   6686,1674,   6999,4512,   4512,6999,   4485,2350,   2350,4485,   7404,6457,   6457,7404,   5767,4568,   4568,5767,   
-291.49026,10,0,0,834154,0,0,10431350,-633495.4558278484,-239903.8296354868,18494265.53611669,2173.2988,253.22801,8259,1096,   1096,8259,   3576,3732,   3732,3576,   4956,4235,   4235,4956,   6713,718,   718,6713,   825,4554,   4554,825,   
-463.30746,10,0,0,706375,0,0,11433672,-902629.6513463097,-83282.66688256762,19332325.860071413,1948.2302,200.69699,2731,7473,   7473,2731,   6371,5755,   5755,6371,   2870,714,   714,2870,   5871,3335,   3335,5871,   4801,5558,   5558,4801,   
-174.95401,10,0,0,1087406,0,0,18873818,-573153.9127999999,-124876.48960285395,22048337.050851215,3276.0264,264.94855,1159,4919,   4919,1159,   4419,5639,   5639,4419,   7423,4655,   4655,7423,   3341,2662,   2662,3341,   5172,7088,   7088,5172,   
-274.50482,10,0,0,438860,0,0,9460411,-956736.4687475448,-681437.9993091291,34309825.38917288,3485.3174,335.93802,4614,6986,   6986,4614,   5009,7403,   7403,5009,   5131,8039,   8039,5131,   1202,7706,   7706,1202,   7431,4,   4,7431,   
-354.10605,10,0,0,523063,0,0,8259469.5,-768749.9866081772,-367336.51332818036,22695373.251644507,2170.9597,218.62166,3231,5216,   5216,3231,   8263,239,   239,8263,   4031,2637,   2637,4031,   314,1244,   1244,314,   1641,3770,   3770,1641,   
-536.76,10,0,0,504180,0,0,6318964,-884907.5832007716,-429438.15596386243,39624413.93840827,1648.6093,164.39012,4915,4068,   4068,4915,   1656,209,   209,1656,   3409,3340,   3340,3409,   5113,6372,   6372,5113,   4745,301,   301,4745,   
-330.89236,10,0,0,1213039,0,0,19238830,-1005358.7261622632,-642731.8388960013,39234860.293768294,3038.3257,300.9484,893,4050,   4050,893,   3982,2172,   2172,3982,   8375,4181,   4181,8375,   2464,7403,   7403,2464,   623,3267,   3267,623,   
-315.89505,10,0,0,262044,0,0,4456943.5,-964539.0567264443,-628564.4490378546,20310261.527048662,3053.3528,297.84027,7948,6600,   6600,7948,   4340,4797,   4797,4340,   2327,4379,   4379,2327,   5092,4180,   4180,5092,   1607,4786,   4786,1607,   
-813.3986,10,0,0,1190596,0,0,9217885,-1088295.4012237964,-681257.2564253954,30652003.64810081,1337.9607,197.88173,4340,2097,   2097,4340,   1020,1401,   1401,1020,   2173,545,   545,2173,   5330,4799,   4799,5330,   3994,1791,   1791,3994,   
-578.37134,10,0,0,740270,0,0,9173272,-1125315.5135077657,-592476.6356490543,30575885.015952468,1945.6626,301.88614,2926,3265,   3265,2926,   2961,7130,   7130,2961,   7546,7616,   7616,7546,   1233,6091,   6091,1233,   299,8286,   8286,299,   
-362.76184,10,0,0,1689612,0,0,25958300,-1326672.541098457,-1012141.8110293257,40764426.59184685,3657.1445,287.77054,172,1347,   1347,172,   620,6810,   6810,620,   4257,6751,   6751,4257,   8164,5294,   5294,8164,   6318,7466,   7466,6318,   
-343.70154,10,0,0,1841033,0,0,26716128,-1096506.1234280071,-767868.550414791,32913367.67072792,3190.286,318.68542,6684,932,   932,6684,   4764,8395,   8395,4764,   4396,7232,   7232,4396,   3030,2580,   2580,3030,   8435,7829,   7829,8435,   
-282.96353,10,0,0,523317,0,0,8370810,-1167610.848865343,-840004.202585495,30131189.03036934,4126.365,356.2648,7286,6100,   6100,7286,   3408,7267,   7267,3408,   341,4683,   4683,341,   3638,5645,   5645,3638,   5686,3146,   3146,5686,   
-504.33075,10,0,0,304709,0,0,3349613.2,-1154071.3534066256,-326763.73554340587,28962740.2250429,2288.3225,229.47781,3145,7436,   7436,3145,   3880,1757,   1757,3880,   4613,2993,   2993,4613,   1476,2646,   2646,1476,   5580,3857,   3857,5580,   
-598.5488,10,0,0,926631,0,0,17205326,-1265384.5518936126,-346289.91076906165,36777115.5238269,2114.0874,205.14188,817,35,   35,817,   6917,4964,   4964,6917,   3543,1993,   1993,3543,   6936,3002,   3002,6936,   2734,313,   313,2734,   
-421.43588,10,0,0,596789,0,0,5481322,-1156194.5042062819,-595555.2488166485,26170466.110860202,2743.4648,291.13867,4586,7089,   7089,4586,   6092,905,   905,6092,   999,2508,   2508,999,   6374,1788,   1788,6374,   6469,8009,   8009,6469,   
-345.86194,10,0,0,454514,0,0,6723690.5,-1215736.6694507468,-486348.1884140637,39755418.151497796,3515.0923,287.75012,3113,2518,   2518,3113,   8044,3171,   3171,8044,   4320,7683,   7683,4320,   5487,3007,   3007,5487,   3781,1402,   1402,3781,   
-395.6498,10,0,0,366014,0,0,6325477.5,-1093562.0403728816,-754944.5355341943,43685874.88390348,2763.9644,291.7056,5756,383,   383,5756,   5436,4577,   4577,5436,   7011,7251,   7251,7011,   7618,6880,   6880,7618,   3724,6783,   6783,3724,   
-906.99445,10,0,0,1641463,0,0,19348308,-1357360.6736781322,-700508.06880827,41959733.204863854,1496.5479,163.8796,6183,635,   635,6183,   2911,5373,   5373,2911,   6996,4491,   4491,6996,   1344,2975,   2975,1344,   758,2105,   2105,758,   
-626.35126,10,0,0,713843,0,0,8493975,-1365125.523877471,-870179.8164892759,45787540.582531445,2179.4888,201.67877,5054,8123,   8123,5054,   4613,6006,   6006,4613,   743,6735,   6735,743,   427,3746,   3746,427,   643,4296,   4296,643,   
-520.281,10,0,0,1220031,0,0,16373058,-1288233.2511011623,-650978.2441747693,45569039.740644455,2476.0337,269.96442,4941,3929,   3929,4941,   7656,1331,   1331,7656,   2993,4202,   4202,2993,   1653,1514,   1514,1653,   2330,2183,   2183,2330,   
-226.99158,10,0,0,607918,0,0,8630572,-1017004.2294486471,-316782.7978351628,35078400.38652826,4480.3613,336.8738,3325,7930,   7930,3325,   6500,8121,   8121,6500,   1826,2477,   2477,1826,   8042,2671,   2671,8042,   4610,8264,   8264,4610,   
-332.6814,10,0,0,622081,0,0,6567395,-821540.904159826,-660211.3408390732,39747844.26243837,2469.4524,201.47954,6338,2512,   2512,6338,   2248,1676,   1676,2248,   4784,6068,   6068,4784,   4206,7866,   7866,4206,   3834,276,   276,3834,   
-734.85645,10,0,0,810747,0,0,6953002.5,-1379689.1250178202,-586635.1353757128,51892171.393049285,1877.4948,192.65059,6824,3872,   3872,6824,   6236,7863,   7863,6236,   1841,2254,   2254,1841,   1414,1580,   1580,1414,   2379,2794,   2794,2379,   
-315.60605,10,0,0,1003395,0,0,13343252,-915890.9710457297,-462653.59856408206,37084671.742896475,2902.007,321.08746,2838,8266,   8266,2838,   644,7011,   7011,644,   7215,5560,   5560,7215,   1622,4927,   4927,1622,   4179,6702,   6702,4179,   
-383.77585,10,0,0,1176857,0,0,16158889,-1176389.9928194676,-745035.6992360908,44886177.698050946,3065.305,248.59865,7128,6192,   6192,7128,   7571,814,   814,7571,   6393,2429,   2429,6393,   1680,5980,   5980,1680,   4983,5360,   5360,4983,   
-263.46967,10,0,0,940128,0,0,15165195,-1049157.897772933,-288687.78823672887,25678533.69463105,3982.082,317.86185,8431,2222,   2222,8431,   6115,2053,   2053,6115,   3795,7888,   7888,3795,   1693,7072,   7072,1693,   6280,8008,   8008,6280,   
-394.7722,10,0,0,1222274,0,0,17898696,-1332072.3042897615,-600414.0704074487,33151231.44757587,3374.281,254.5426,1062,6462,   6462,1062,   291,1816,   1816,291,   5425,6507,   6507,5425,   1867,3673,   3673,1867,   2896,7659,   7659,2896,   
-582.5338,10,0,0,2044213,0,0,30302208,-1560364.1928416933,-804047.3753231787,55550355.6015943,2678.5815,274.17892,4446,7715,   7715,4446,   3686,5568,   5568,3686,   1584,632,   632,1584,   4737,5421,   5421,4737,   1469,7848,   7848,1469,   
-488.61496,10,0,0,1363138,0,0,12931716,-1369406.9264422143,-730324.1387423666,50390592.71462069,2802.63,266.67447,573,3870,   3870,573,   5032,5455,   5455,5032,   2798,616,   616,2798,   2150,7027,   7027,2150,   3215,7763,   7763,3215,   
-813.8294,10,0,0,214823,0,0,2557748,-1530563.7139727022,-728982.7549028633,52243901.234154396,1880.6936,206.96834,3867,2985,   2985,3867,   7082,4607,   4607,7082,   5639,665,   665,5639,   5900,5754,   5754,5900,   3825,8322,   8322,3825,   
-768.934,10,0,0,2198347,0,0,29277556,-1365988.590207157,-906273.9627173227,36499642.51079461,1776.4705,166.13425,561,6443,   6443,561,   3083,5760,   5760,3083,   914,716,   716,914,   6972,547,   547,6972,   468,3163,   3163,468,   
-517.4555,10,0,0,293992,0,0,4539363,-1421419.4603342237,-409555.4702583761,49239588.53324475,2746.9407,287.7213,3150,4707,   4707,3150,   5603,6868,   6868,5603,   7434,5627,   5627,7434,   1429,3272,   3272,1429,   7454,4809,   4809,7454,   
-400.24115,10,0,0,1957963,0,0,23594084,-1256996.5661290537,-388538.3906718129,36110335.80983169,3140.5981,261.44427,4357,3276,   3276,4357,   457,3569,   3569,457,   3792,1460,   1460,3792,   632,7515,   7515,632,   8364,919,   919,8364,   
-453.90384,10,0,0,911193,0,0,11661116,-1492489.2040470028,-683498.405994926,46225710.580794096,3288.1177,336.50574,3167,7419,   7419,3167,   1596,1583,   1583,1596,   7286,2565,   2565,7286,   787,7708,   7708,787,   4540,2081,   2081,4540,   
-667.1022,10,0,0,1554064,0,0,13062587,-1791224.695148925,-900798.6978559087,49845858.5730216,2685.083,235.53458,2079,1603,   1603,2079,   6558,51,   51,6558,   4612,7595,   7595,4612,   5818,214,   214,5818,   5608,11,   11,5608,   
-442.7878,10,0,0,1771537,0,0,25677804,-1598765.6591345812,-604942.8517791217,51759124.816869795,3610.6812,268.79114,7671,2627,   2627,7671,   6735,7451,   7451,6735,   3965,5721,   5721,3965,   5985,7949,   7949,5985,   1967,7890,   7890,1967,   
-248.25716,10,0,0,1574763,0,0,21502116,-1311083.4628751613,-765707.0696178259,46912846.29744145,5281.151,376.29813,83,7893,   7893,83,   618,7985,   7985,618,   8432,4167,   4167,8432,   3110,4019,   4019,3110,   8017,4869,   4869,8017,   
-574.4607,10,0,0,349861,0,0,4747957.5,-1390068.7095373305,-695796.0686322494,41639320.21776057,2419.7805,223.47424,4840,2157,   2157,4840,   7168,5372,   5372,7168,   2730,2753,   2753,2730,   5153,405,   405,5153,   7392,4632,   4632,7392,   
-679.011,10,0,0,707451,0,0,8752615,-1495209.277710197,-571770.1111393906,52398226.132693104,2202.0398,228.70406,4077,417,   417,4077,   1906,8353,   8353,1906,   1683,539,   539,1683,   683,2581,   2581,683,   6054,1564,   1564,6054,   
-1066.5919,10,0,0,825172,0,0,8772741,-1777547.3859328832,-595642.335680488,53842273.132034004,1666.5674,197.3148,5015,1273,   1273,5015,   5740,5085,   5085,5740,   1998,2622,   2622,1998,   984,7009,   7009,984,   55,445,   445,55,   
-971.2094,10,0,0,305804,0,0,1970251,-1735232.3467206482,-985945.8892131671,63868547.1548587,1786.6718,202.70044,4484,1799,   1799,4484,   633,739,   739,633,   3606,5514,   5514,3606,   3895,1363,   1363,3895,   4721,1211,   1211,4721,   
-500.80264,10,0,0,821184,0,0,10195637,-1690464.2416549579,-305540.48386425024,38977217.73413169,3375.5098,281.04095,568,5580,   5580,568,   556,5771,   5771,556,   3813,8101,   8101,3813,   5986,700,   700,5986,   6302,7892,   7892,6302,   
-787.44446,10,0,0,877849,0,0,6386218,-1335310.231651333,-366837.14760755067,31309339.0826638,1695.7517,173.09476,3483,529,   529,3483,   6400,6452,   6452,6400,   8289,3566,   3566,8289,   4852,2082,   2082,4852,   3374,107,   107,3374,   
-375.48047,10,0,0,2435446,0,0,35824180,-1123511.9503055415,-565919.2264971749,32770522.837730143,2992.1982,269.27948,1769,6580,   6580,1769,   350,6947,   6947,350,   147,2277,   2277,147,   8220,1167,   1167,8220,   4746,4605,   4605,4746,   
-626.5441,10,0,0,1056050,0,0,12686366,-1721301.0252061517,-774377.695272932,58106445.87791838,2747.2942,284.28192,5080,7756,   7756,5080,   6296,4843,   4843,6296,   996,7871,   7871,996,   716,8405,   8405,716,   1272,2332,   2332,1272,   
-735.5494,10,0,0,922882,0,0,5517372.5,-1512049.1556747104,-541821.2575815214,47060932.18249195,2055.673,230.725,5071,283,   283,5071,   707,599,   599,707,   5397,3955,   3955,5397,   3834,2616,   2616,3834,   885,40,   40,885,   
-1043.8624,10,0,0,1882049,0,0,25624090,-1903271.5059220484,-798244.2622410253,42713726.47413104,1823.2974,253.62239,662,1813,   1813,662,   6425,4613,   4613,6425,   7877,2424,   2424,7877,   5229,2045,   2045,5229,   5623,1535,   1535,5623,   
-561.0806,10,0,0,345739,0,0,4183586.8,-1509439.0008900887,-749172.5575776879,45912628.00584907,2690.2354,257.86804,8316,4819,   4819,8316,   4390,1696,   1696,4390,   2812,4163,   4163,2812,   2669,1556,   1556,2669,   5456,417,   417,5456,   
-606.3209,10,0,0,1065312,0,0,10444214,-1746894.4466152657,-502095.50241915835,54761290.011264965,2881.1384,226.34052,2849,4882,   4882,2849,   809,1041,   1041,809,   3471,1485,   1485,3471,   5872,8186,   8186,5872,   1550,4628,   4628,1550,   
-732.28754,10,0,0,392250,0,0,5645958,-1676166.1874244944,-391934.4853921317,59791227.40698326,2288.9453,246.90533,6878,5604,   5604,6878,   281,4706,   4706,281,   3943,3266,   3266,3943,   1330,1682,   1682,1330,   5401,7008,   7008,5401,   
-551.90875,10,0,0,683155,0,0,7916742.5,-1789407.6098793263,-995461.5913998208,60080018.73286586,3242.2166,307.57727,2641,7107,   7107,2641,   2781,8173,   8173,2781,   2451,252,   252,2451,   4329,7446,   7446,4329,   6223,1233,   1233,6223,   
-471.56497,10,0,0,723336,0,0,8850231,-1368018.7338394043,-699185.8581232909,42318562.43709312,2901.0186,231.48323,1285,2278,   2278,1285,   5596,467,   467,5596,   5626,4215,   4215,5626,   1004,5383,   5383,1004,   1141,6392,   6392,1141,   
-439.4709,10,0,0,658562,0,0,8324734,-1564361.4371128953,-464534.3569927788,52002142.755336255,3559.6475,294.89276,4987,5479,   5479,4987,   495,994,   994,495,   3092,2712,   2712,3092,   4538,8119,   8119,4538,   6189,7981,   7981,6189,   
-1181.6884,10,0,0,306007,0,0,3731418,-1897970.35224267,-1089881.3356605635,75251401.16520746,1606.1514,203.67151,2833,986,   986,2833,   4591,6883,   6883,4591,   6212,4178,   4178,6212,   2100,1071,   1071,2100,   7025,3219,   3219,7025,   
-718.7852,10,0,0,1388130,0,0,15485842,-1596179.2059692126,-388123.9337396064,39412703.139986426,2220.6624,320.1263,5592,6862,   6862,5592,   1963,316,   316,1963,   3342,4600,   4600,3342,   7,8249,   8249,7,   7516,8163,   8163,7516,   
-450.9011,10,0,0,769150,0,0,11151432,-1565258.1181290653,-505904.6219726896,57237593.687248684,3471.4001,267.9218,2262,4382,   4382,2262,   540,7445,   7445,540,   2020,5598,   5598,2020,   6612,1786,   1786,6612,   5081,8174,   8174,5081,   
-535.7439,10,0,0,886610,0,0,13496788,-1191115.5417570723,-401586.6347094885,34278667.89353195,2223.2927,237.25365,4150,4646,   4646,4150,   1256,6677,   6677,1256,   6836,298,   298,6836,   6122,7148,   7148,6122,   2691,1448,   1448,2691,   
-558.806,10,0,0,1142838,0,0,12032033,-1221892.3974101085,-603545.2445906807,37102975.75872957,2186.6128,231.0898,2114,8369,   8369,2114,   6794,6358,   6358,6794,   799,6560,   6560,799,   3515,178,   178,3515,   6088,6927,   6927,6088,   
-583.77594,10,0,0,823910,0,0,7245993,-1180023.1213276756,-430489.5886235367,41882068.05926232,2021.3632,213.18422,2705,4724,   4724,2705,   603,6461,   6461,603,   5719,6886,   6886,5719,   446,5581,   5581,446,   4863,613,   613,4863,   
-459.64035,10,0,0,820958,0,0,9539528,-1756507.0627269861,-483768.6210237803,66699893.05110476,3821.4817,302.15057,6001,314,   314,6001,   4425,7286,   7286,4425,   7504,946,   946,7504,   5605,3722,   3722,5605,   1916,3043,   3043,1916,   
-824.6798,10,0,0,291287,0,0,3693415,-1579616.7122794264,-916452.6142179059,62726167.60158866,1915.4304,163.6061,6914,1294,   1294,6914,   5557,6067,   6067,5557,   6049,2329,   2329,6049,   6024,2617,   2617,6024,   6645,3895,   3895,6645,   
-519.7334,10,0,0,781816,0,0,12553878,-1433074.3178151252,-1017858.8335932983,48489874.984980844,2757.326,283.0695,2082,6434,   6434,2082,   4134,6590,   6590,4134,   5469,7862,   7862,5469,   4043,3231,   3231,4043,   957,8386,   8386,957,   
-435.25662,10,0,0,511463,0,0,7473991.5,-1641310.8398914002,-727490.0739269954,58310136.737388276,3770.9038,351.45734,8288,541,   541,8288,   2285,2078,   2078,2285,   3882,1800,   1800,3882,   3943,7943,   7943,3943,   7290,8289,   8289,7290,   
-953.59235,10,0,0,738999,0,0,9615153,-2222448.0188601385,-861784.5894369084,67547505.67143077,2330.606,277.36887,955,8229,   8229,955,   6697,3044,   3044,6697,   13,1410,   1410,13,   7602,2971,   2971,7602,   411,3390,   3390,411,   
-947.9845,10,0,0,495852,0,0,7083448.5,-1853989.0235899151,-955609.9767425548,76893188.990749,1955.7166,312.0766,861,6264,   6264,861,   7371,967,   967,7371,   6966,8003,   8003,6966,   4615,6270,   6270,4615,   1817,8078,   8078,1817,   
-601.94275,10,0,0,514953,0,0,7645510,-1416519.1916013286,-1047339.5734221366,67357071.06949982,2353.2458,213.81645,5339,2374,   2374,5339,   2764,1966,   1966,2764,   3191,6372,   6372,3191,   7444,3479,   3479,7444,   2184,4249,   4249,2184,   
-877.0316,10,0,0,335510,0,0,4737203.5,-1875695.4575217124,-769072.4370831314,54439701.2316123,2138.6863,203.51186,6821,6516,   6516,6821,   3763,6792,   6792,3763,   2940,2288,   2288,2940,   8172,1090,   1090,8172,   6577,4058,   4058,6577,   
-1265.3994,10,0,0,788135,0,0,7393543.5,-2293641.8760074996,-470862.4746205247,41431697.26442385,1812.5835,224.59067,259,1072,   1072,259,   2819,6002,   6002,2819,   7524,2024,   2024,7524,   1605,1318,   1318,1605,   3547,4315,   4315,3547,   
-529.87665,10,0,0,213284,0,0,3654510,-1769414.393000013,-600416.5449069731,79553971.55860557,3339.295,287.9305,5620,6108,   6108,5620,   6126,7647,   7647,6126,   2950,7016,   7016,2950,   5465,4731,   4731,5465,   8288,2076,   2076,8288,   
-1018.1452,10,0,0,694749,0,0,6412658,-2250429.359184776,-742718.6993499844,65209957.35222425,2210.3225,203.7992,2402,4122,   4122,2402,   786,4598,   4598,786,   5005,2780,   2780,5005,   2500,579,   579,2500,   6462,4678,   4678,6462,   
-515.48303,10,0,0,759276,0,0,8925564,-1860733.6551213376,-804438.9918341057,34280019.68686943,3609.6892,304.9628,8266,3524,   3524,8266,   8129,6194,   6194,8129,   7819,4267,   4267,7819,   7990,5197,   5197,7990,   2878,1166,   1166,2878,   
-365.99707,10,0,0,400566,0,0,6343681,-1004431.0864370825,-405410.00653705007,42073920.56478698,2744.3691,223.5328,4767,6126,   6126,4767,   8368,6305,   6305,8368,   7064,713,   713,7064,   390,4552,   4552,390,   3841,4359,   4359,3841,   
-1105.2278,10,0,0,713091,0,0,5857351.5,-2013787.276668704,-1166026.2399684114,70868147.76017259,1822.0563,168.51685,5259,3441,   3441,5259,   1237,4501,   4501,1237,   1656,4572,   4572,1656,   285,6656,   6656,285,   997,4743,   4743,997,   
-374.805,10,0,0,233437,0,0,4638280,-1785390.0912830022,-955444.323450022,69990721.79047802,4763.5176,377.44986,7959,1025,   1025,7959,   3291,7305,   7305,3291,   4485,2096,   2096,4485,   6414,8367,   8367,6414,   8264,7119,   7119,8264,   
-748.0055,10,0,0,558990,0,0,6239029.5,-2403701.348317396,-790164.9116676155,49802511.65477235,3213.4807,268.5291,7462,268,   268,7462,   1853,7122,   7122,1853,   5744,4711,   4711,5744,   4190,2917,   2917,4190,   5970,4292,   4292,5970,   
-769.09296,10,0,0,526943,0,0,4996960.5,-1638619.263094261,-677240.7061820898,56528335.15585893,2130.5867,190.98257,2390,6384,   6384,2390,   5174,2103,   2103,5174,   7854,4825,   4825,7854,   2286,3628,   3628,2286,   4538,3246,   3246,4538,   
-913.9291,10,0,0,401299,0,0,6773951.5,-1813470.4712773648,-1306564.7117945238,40071683.14283594,1984.2573,219.919,3981,1334,   1334,3981,   4199,6570,   6570,4199,   1642,3742,   3742,1642,   2834,1063,   1063,2834,   1819,4968,   4968,1819,   
-378.91736,10,0,0,527067,0,0,6431257.5,-977374.3798740186,-880261.8999983417,33906659.83865389,2579.3867,230.25993,2734,459,   459,2734,   4724,5157,   5157,4724,   5333,4991,   4991,5333,   1588,2551,   2551,1588,   7192,5380,   5380,7192,   
-1282.5334,10,0,0,1025031,0,0,11761180,-2222311.92419835,-896515.2142787614,56277046.8508739,1732.7517,313.19794,382,5804,   5804,382,   686,5141,   5141,686,   2353,1575,   1575,2353,   4286,1188,   1188,4286,   7886,8096,   8096,7886,   
-546.33,10,0,0,335076,0,0,5271653,-1329923.9677923042,-572250.0403836729,55228733.24495775,2434.2869,231.34853,8245,2786,   2786,8245,   3828,5017,   5017,3828,   3138,6127,   6127,3138,   4504,3718,   3718,4504,   5479,2002,   2002,5479,   
-1351.1652,10,0,0,622936,0,0,7055844,-2485633.891381961,-1182222.9117757187,103735742.46869346,1839.6226,163.53061,1877,3126,   3126,1877,   1097,1002,   1002,1097,   1557,1931,   1931,1557,   1660,16,   16,1660,   5205,2863,   2863,5205,   
-623.9415,10,0,0,825302,0,0,8473556,-2328475.5435033306,-1177735.4094824952,100216913.69280823,3731.8809,305.2683,3237,8171,   8171,3237,   4872,7594,   7594,4872,   2864,6612,   6612,2864,   647,7493,   7493,647,   4216,66,   66,4216,   
-893.755,10,0,0,719845,0,0,9000605,-2581677.8210999058,-1190694.373078289,143869165.05480006,2888.5742,224.55313,7891,1645,   1645,7891,   1613,2159,   2159,1613,   5158,8383,   8383,5158,   5066,8142,   8142,5066,   2019,7641,   7641,2019,   
-1232.5333,10,0,0,358267,0,0,3832515.5,-2874772.816261868,-1218042.2550582744,108291282.26478708,2332.4097,217.38919,486,6305,   6305,486,   5507,5190,   5190,5507,   3503,5691,   5691,3503,   4707,8120,   8120,4707,   3584,422,   422,3584,   
-1700.3723,10,0,0,620624,0,0,7227162,-2399122.8836186,-1008490.8322200439,131452470.33321187,1410.9398,239.61662,8351,4270,   4270,8351,   4419,5023,   5023,4419,   4859,74,   74,4859,   6350,4670,   4670,6350,   2153,4961,   4961,2153,   
-1040.9655,10,0,0,157809,0,0,1875124.1,-2605633.9816991617,-1053026.4513446242,98695072.48744005,2503.0935,280.05032,5480,5447,   5447,5480,   7937,5412,   5412,7937,   2546,231,   231,2546,   1513,7373,   7373,1513,   4279,1610,   1610,4279,   
-1043.1791,10,0,0,267226,0,0,3027445.2,-2622642.0414886097,-1232823.2281310207,107232717.67445171,2514.086,243.87352,5300,1953,   1953,5300,   6433,5999,   5999,6433,   2376,5367,   5367,2376,   2663,8117,   8117,2663,   4090,5608,   5608,4090,   
-1232.0239,10,0,0,791647,0,0,11868198,-2626027.456147052,-1412258.761353334,130905300.3023287,2131.4744,242.56976,1905,963,   963,1905,   3909,3794,   3794,3909,   151,3621,   3621,151,   5662,5026,   5026,5662,   5736,5083,   5083,5736,   
-1463.8959,10,0,0,922662,0,0,9377917,-2410850.6531243753,-1152366.3393066423,82281411.80089515,1646.873,128.26828,2033,396,   396,2033,   5989,5493,   5493,5989,   2161,3475,   3475,2161,   6803,95,   95,6803,   2643,3272,   3272,2643,   
-1083.1385,10,0,0,1127102,0,0,10722247,-2569295.883339881,-977451.2567386726,97058168.87056789,2372.0842,276.82965,4178,5769,   5769,4178,   3840,1974,   1974,3840,   3557,6398,   6398,3557,   6273,6855,   6855,6273,   2646,7927,   7927,2646,   
-751.9017,10,0,0,236082,0,0,3409539.5,-2028532.0370327642,-672579.8550018581,51467052.54135842,2697.8687,271.23727,5847,6668,   6668,5847,   579,4980,   4980,579,   3056,4517,   4517,3056,   1537,4143,   4143,1537,   5261,7361,   7361,5261,   
-411.58917,10,0,0,327635,0,0,5030293,-1655771.798302378,-525731.5343585756,43042447.158199,4022.8748,386.38983,3004,4923,   4923,3004,   1637,7632,   7632,1637,   8012,4904,   4904,8012,   4399,939,   939,4399,   3838,7337,   7337,3838,   
-955.97156,10,0,0,642823,0,0,6926759,-1801497.4110072418,-454922.8631903861,43874106.77995771,1884.4675,184.54715,7000,2568,   2568,7000,   5474,818,   818,5474,   1429,4571,   4571,1429,   5558,1935,   1935,5558,   236,2189,   2189,236,   
-587.17487,10,0,0,602641,0,0,27136298,-2296564.5084736426,-1182808.4075053483,57694695.774898745,3911.2107,339.01144,5783,7242,   7242,5783,   2379,6244,   6244,2379,   7672,3800,   3800,7672,   8252,1008,   1008,8252,   2436,6080,   6080,2436,   
-881.65173,10,0,0,766538,0,0,6956621,-2134532.591333749,-1318114.9361389065,55101294.61575259,2421.0608,242.03683,1938,2660,   2660,1938,   3269,3717,   3717,3269,   267,7691,   7691,267,   4132,4644,   4644,4132,   2397,7089,   7089,2397,   
-725.4578,10,0,0,449352,0,0,6552230.5,-1832611.0819927126,-1272718.9232488656,86239569.704377,2526.1443,273.1339,1998,5333,   5333,1998,   3017,3745,   3745,3017,   926,3279,   3279,926,   1193,8196,   8196,1193,   3550,6921,   6921,3550,   
-1015.70404,10,0,0,316633,0,0,6626825,-2528444.242181727,-983763.4935878465,82076241.15702283,2489.3513,301.2177,7394,8038,   8038,7394,   3906,3072,   3072,3906,   1578,4198,   4198,1578,   2543,3828,   3828,2543,   8395,4211,   4211,8395,   
-847.8349,10,0,0,1876896,0,0,16904704,-2067638.8990997544,-1014262.080408209,93425774.71672429,2438.7283,252.79953,5087,3391,   3391,5087,   6938,6193,   6193,6938,   5398,4340,   4340,5398,   7734,1757,   1757,7734,   551,2174,   2174,551,   
-1435.7521,10,0,0,854687,0,0,4954822,-2589291.0528388694,-1103866.2892545331,81179626.69523787,1803.4388,253.79807,439,913,   913,439,   7974,1583,   1583,7974,   191,450,   450,191,   4225,7070,   7070,4225,   5318,4392,   4392,5318,   
-850.57544,10,0,0,1104292,0,0,14903286,-2324736.336977958,-1105310.7438177145,78204263.72120608,2733.1335,241.38889,2607,55,   55,2607,   5894,3951,   3951,5894,   7121,2336,   2336,7121,   7189,197,   197,7189,   2139,4505,   4505,2139,   
-1481.9613,10,0,0,660597,0,0,7797642,-2429310.4363530083,-1081532.2560185865,61278454.11121232,1639.2537,191.809,5147,304,   304,5147,   4684,6621,   6621,4684,   2001,7042,   7042,2001,   6830,5259,   5259,6830,   6782,5022,   5022,6782,   
-1529.2655,10,0,0,567147,0,0,4994830,-2671066.874298794,-909077.7551630508,95231206.87811989,1746.6338,281.34464,3981,7872,   7872,3981,   7645,1376,   1376,7645,   6482,6481,   6481,6482,   64,2323,   2323,64,   2881,1127,   1127,2881,   
-574.5132,10,0,0,189566,0,0,3069913,-2203798.7053300883,-878992.3643402132,57786107.81032195,3835.9412,313.22952,8408,3909,   3909,8408,   6946,4003,   4003,6946,   1604,5032,   5032,1604,   5933,2987,   2987,5933,   7508,3062,   3062,7508,   
-689.75275,10,0,0,1150071,0,0,16699063,-2254323.021170366,-999089.3005473355,85827812.9106561,3268.306,347.81674,5586,7536,   7536,5586,   8054,4482,   4482,8054,   5462,135,   135,5462,   4665,1352,   1352,4665,   8017,1584,   1584,8017,   
-1242.6525,10,0,0,1066206,0,0,16096280,-2630802.1354349083,-1027506.1567229781,100139651.93716808,2117.0862,224.10533,2055,7401,   7401,2055,   287,295,   295,287,   411,3170,   3170,411,   846,4517,   4517,846,   5905,640,   640,5905,   
-820.7936,10,0,0,875276,0,0,9223828,-1711576.582057741,-616105.9708887303,61460167.30184494,2085.2705,225.96066,2272,4866,   4866,2272,   5752,1011,   1011,5752,   4532,1238,   1238,4532,   1793,681,   681,1793,   5017,5405,   5405,5017,   
-502.39478,10,0,0,451617,0,0,8008531,-1914362.3445719143,-672165.174378517,75218669.50260484,3810.4744,379.29584,1109,3843,   3843,1109,   6187,3719,   3719,6187,   7871,4880,   4880,7871,   8254,3163,   3163,8254,   4349,6346,   6346,4349,   
-611.8071,10,0,0,206730,0,0,2923904.2,-1432271.8904074517,-942096.0115714663,47107097.87114043,2341.0513,255.01085,1815,7147,   7147,1815,   2741,1296,   1296,2741,   7507,1007,   1007,7507,   3621,6650,   6650,3621,   3591,6869,   6869,3591,   
-1151.1438,10,0,0,433766,0,0,3347516.2,-2479048.3916050214,-344424.86687061744,71703553.04726917,2153.5525,273.66315,4185,1415,   1415,4185,   5517,6868,   6868,5517,   790,720,   720,790,   1784,7042,   7042,1784,   8385,4224,   4224,8385,   
-418.32617,10,0,0,437277,0,0,7812597.5,-1014076.8730030715,-333501.18361714826,43949150.0772182,2424.1296,220.14095,6777,3984,   3984,6777,   4770,2612,   2612,4770,   474,6648,   6648,474,   1214,5004,   5004,1214,   859,3967,   3967,859,   
-440.23532,10,0,0,564643,0,0,6931229,-1483299.8331915252,-784421.2244900896,81892011.90660948,3369.334,286.5831,3352,6118,   6118,3352,   168,7994,   7994,168,   7260,3560,   3560,7260,   2125,4455,   4455,2125,   1939,3524,   3524,1939,   
-776.60974,10,0,0,266864,0,0,3983955.5,-1981751.529828482,-959709.865281325,58437603.22880394,2551.7983,232.41545,6053,3578,   3578,6053,   5525,6583,   6583,5525,   1219,8130,   8130,1219,   6761,7755,   7755,6761,   2928,7151,   7151,2928,   
-688.6363,10,0,0,823975,0,0,6913290,-1663018.9545366163,-325229.43401715544,42149246.6768861,2414.9453,219.90846,3096,1211,   1211,3096,   3213,124,   124,3213,   8005,6267,   6267,8005,   2377,128,   128,2377,   822,859,   859,822,   
-489.41312,10,0,0,81156,0,0,1242293,-1351659.17676268,-786613.3299103398,77044339.70936391,2761.796,322.37164,8229,7052,   7052,8229,   5791,8060,   8060,5791,   3516,6503,   6503,3516,   1246,5958,   5958,1246,   8043,5666,   5666,8043,   
-859.8772,10,0,0,1220276,0,0,10825544,-1807188.537370747,-698336.309635179,67537046.60556872,2101.6821,171.46776,7030,5764,   5764,7030,   5102,4860,   4860,5102,   6607,3198,   3198,6607,   6894,6622,   6622,6894,   1392,780,   780,1392,   
-860.7373,10,0,0,1719656,0,0,14839770,-1328073.6484577558,-889108.1055532723,48012409.32203377,1542.9489,237.67873,8322,1894,   1894,8322,   2075,2143,   2143,2075,   870,2141,   2141,870,   2905,44,   44,2905,   8425,993,   993,8425,   
-955.3131,10,0,0,638479,0,0,11154004,-2592248.1027692235,-1158282.4605705263,78835197.25080457,2713.506,259.91064,1183,1996,   1996,1183,   3633,1080,   1080,3633,   3731,7436,   7436,3731,   6223,5900,   5900,6223,   3066,3152,   3152,3066,   
-604.1536,10,0,0,647518,0,0,10753778,-1730874.4813777206,-631761.5911714743,72051855.09039246,2864.9575,269.0882,6883,802,   802,6883,   8147,5698,   5698,8147,   120,5767,   5767,120,   4544,6789,   6789,4544,   1953,4806,   4806,1953,   
-801.10785,10,0,0,852920,0,0,10441810,-1984741.3433398122,-421790.885815641,29921708.413201876,2477.4958,235.18242,7808,4190,   4190,7808,   7172,42,   42,7172,   972,6334,   6334,972,   4977,3647,   3647,4977,   7189,1375,   1375,7189,   
-771.76886,10,0,0,207352,0,0,2667634.5,-1446639.5763111238,-554514.9807062151,71817512.10291545,1874.4468,284.20648,3598,1202,   1202,3598,   5969,7050,   7050,5969,   4483,5034,   5034,4483,   2131,4021,   4021,2131,   1129,7606,   7606,1129,   
-979.757,10,0,0,966238,0,0,12016066,-2112332.0453271084,-558620.7030772838,71296011.47924331,2155.9753,229.01122,5410,993,   993,5410,   3555,6676,   6676,3555,   2332,7520,   7520,2332,   2183,4812,   4812,2183,   2023,3539,   3539,2023,   
-1840.9026,10,0,0,590732,0,0,5341901,-2568847.3647235665,-428898.58932196355,35293335.119624324,1395.4281,152.17665,6032,4551,   4551,6032,   6526,3618,   3618,6526,   1620,5429,   5429,1620,   3260,3590,   3590,3260,   108,5832,   5832,108,   
-669.93896,10,0,0,359004,0,0,5514464.5,-1364175.6174147816,-731996.4758865199,42440543.52992325,2036.2686,213.35294,2458,2576,   2576,2458,   7147,1691,   1691,7147,   7990,5681,   5681,7990,   3268,1097,   1097,3268,   1215,3522,   3522,1215,   
-1432.5184,10,0,0,332546,0,0,2136954,-2636500.6110033095,-472608.7733580169,50263624.49729297,1840.4653,249.45401,3635,522,   522,3635,   5659,2782,   2782,5659,   7832,6814,   6814,7832,   634,495,   495,634,   6146,1887,   1887,6146,   
-773.88763,10,0,0,1108114,0,0,15421474,-2455992.490455648,-826616.243751586,55769352.276733086,3173.5776,280.03745,4151,164,   164,4151,   1624,3650,   3650,1624,   3779,7482,   7482,3779,   3111,2351,   2351,3111,   5429,7490,   7490,5429,   
-443.3855,10,0,0,214000,0,0,2961952,-1161066.504773925,-865312.5204317081,23144623.558436617,2618.639,249.7277,1773,6977,   6977,1773,   3913,3732,   3732,3913,   5148,2834,   2834,5148,   2282,1864,   1864,2282,   7121,5086,   5086,7121,   
-704.23303,10,0,0,134132,0,0,1954347.8,-2071047.725020589,-727733.7882088972,79513322.00197887,2940.8557,317.0473,4251,1086,   1086,4251,   3597,6936,   6936,3597,   8340,5509,   5509,8340,   7328,3743,   3743,7328,   4222,3241,   3241,4222,   
-1397.496,10,0,0,477070,0,0,4644100,-2459466.3124485044,-590460.5138877083,52952317.9416203,1759.9094,157.61885,4794,2764,   2764,4794,   5880,6656,   6656,5880,   1681,2293,   2293,1681,   952,3497,   3497,952,   6347,508,   508,6347,   
-802.5618,10,0,0,862027,0,0,11194353,-1936608.7830963074,-718628.7731228902,29281909.157995995,2413.0337,217.03229,2569,917,   917,2569,   4103,2161,   2161,4103,   1748,5094,   5094,1748,   5045,1927,   1927,5045,   6070,4997,   4997,6070,   
-883.12634,10,0,0,295087,0,0,4812840.5,-2367312.478502013,-579514.3139512885,66554563.85782719,2680.6045,262.82755,4531,7205,   7205,4531,   1810,1059,   1059,1810,   6072,3065,   3065,6072,   5003,3123,   3123,5003,   3745,6706,   6706,3745,   
-841.03357,10,0,0,819964,0,0,6485513,-1619505.314468017,-945048.6579824346,38684000.79204365,1925.6133,213.50174,154,7804,   7804,154,   6565,2188,   2188,6565,   2695,7445,   7445,2695,   1096,5692,   5692,1096,   2050,2854,   2854,2050,   
-623.03845,10,0,0,304536,0,0,6342077,-1755125.0393227786,-1146106.4004671467,52794914.320739545,2817.0413,321.11176,1882,7221,   7221,1882,   3952,6613,   6613,3952,   2516,3334,   3334,2516,   5418,1436,   1436,5418,   5187,3245,   3245,5187,   
-517.93317,10,0,0,805416,0,0,8947186,-1372427.5446073713,-905110.0722455159,87246629.44935767,2649.816,251.33044,463,5400,   5400,463,   6108,7660,   7660,6108,   7145,6025,   6025,7145,   954,4820,   4820,954,   584,7052,   7052,584,   
-535.9756,10,0,0,1522281,0,0,18156892,-929620.0590340962,-427282.13541971636,38439838.08367303,1734.4447,294.77744,5726,6264,   6264,5726,   8187,8077,   8077,8187,   354,3201,   3201,354,   2788,1915,   1915,2788,   7901,2739,   2739,7901,   
-824.4969,10,0,0,168828,0,0,2079456.1,-2228737.0096932454,-803257.1570863852,85246104.94910876,2703.148,276.8641,3997,7788,   7788,3997,   8312,3216,   3216,8312,   3115,5745,   5745,3115,   3252,3632,   3632,3252,   6979,2738,   2738,6979,   
-1118.7245,10,0,0,297134,0,0,3374018.2,-2402470.0372301876,-869319.6658046579,67721282.80603038,2147.5083,234.4996,6082,3566,   3566,6082,   6372,499,   499,6372,   6242,3189,   3189,6242,   1695,7341,   7341,1695,   3478,5106,   5106,3478,   
-791.03424,10,0,0,180571,0,0,2210669.2,-2717698.4509729007,-1593023.9120741105,64284052.387239344,3435.627,284.21686,6490,4712,   4712,6490,   5108,3433,   3433,5108,   5563,4053,   4053,5563,   7470,4311,   4311,7470,   6259,7751,   7751,6259,   
-1473.9398,10,0,0,1224718,0,0,10266676,-2185797.5354435844,-450881.4109261429,64422899.982528545,1482.9625,209.98993,546,3503,   3503,546,   1970,2448,   2448,1970,   7684,1111,   1111,7684,   5523,2892,   2892,5523,   4544,1399,   1399,4544,   
-2338.7998,10,0,0,198384,0,0,1603597,-1617791.9411006726,-757277.8058462563,20092463.480216384,691.7189,254.35826,2772,5757,   5757,2772,   6277,6281,   6281,6277,   970,2159,   2159,970,   8328,7687,   7687,8328,   1835,5600,   5600,1835,   
-580.3037,10,0,0,615740,0,0,6998214,-1697222.929684107,-1059346.8617157696,43666870.829101294,2924.7148,240.91385,1505,3883,   3883,1505,   6872,2795,   2795,6872,   4684,7720,   7720,4684,   2679,4879,   4879,2679,   6088,7497,   7497,6088,   
-915.62286,10,0,0,524255,0,0,10983997,-3084362.472891581,-966408.8054327754,82304759.81159802,3368.595,283.4814,6711,7377,   7377,6711,   5809,7663,   7663,5809,   2192,2578,   2578,2192,   1595,3923,   3923,1595,   1251,5130,   5130,1251,   
-561.954,10,0,0,763366,0,0,9373939,-1933694.1213296915,-486390.33671222616,45785421.53149337,3441.0186,286.10236,6101,7239,   7239,6101,   2796,2078,   2078,2796,   2333,732,   732,2333,   6871,7262,   7262,6871,   2463,3404,   3404,2463,   
-496.38092,10,0,0,792432,0,0,7380038,-2023438.0849068002,-845345.7067458244,44295818.83784281,4076.3818,321.45404,4161,8219,   8219,4161,   2476,658,   658,2476,   6246,5099,   5099,6246,   5067,7611,   7611,5067,   6199,8399,   8399,6199,   
-577.5504,10,0,0,656867,0,0,8710793,-1588473.4762644637,-1203879.67266221,62036412.442613706,2750.3633,250.65758,6867,644,   644,6867,   5239,5483,   5483,5239,   3124,3831,   3831,3124,   8384,7049,   7049,8384,   4089,6827,   6827,4089,   
-939.4509,10,0,0,672501,0,0,7795694,-2787991.6754551176,-821869.0169929799,66977447.959466554,2967.6821,317.99475,563,4404,   4404,563,   6436,5140,   5140,6436,   7934,2701,   2701,7934,   1086,4793,   4793,1086,   462,3951,   3951,462,   
-890.5852,10,0,0,426200,0,0,5638724,-2174799.1816460826,-499228.25508641184,62044344.021843754,2441.989,204.66174,849,3853,   3853,849,   2415,2684,   2684,2415,   3335,6927,   6927,3335,   4900,5151,   5151,4900,   1416,5529,   5529,1416,   
-610.4496,10,0,0,346991,0,0,5123937,-1744876.8276993188,-287530.35885066143,33830978.34986317,2858.3472,250.40543,5947,2420,   2420,5947,   6160,1287,   1287,6160,   6699,5457,   5457,6699,   2000,5749,   5749,2000,   7390,6937,   6937,7390,   
-574.77014,10,0,0,531187,0,0,7771624,-1732584.5605154391,-523555.5307473347,66636770.38859226,3014.3955,301.9685,784,8257,   8257,784,   3173,4071,   4071,3173,   2840,8193,   8193,2840,   1783,5771,   5771,1783,   1159,3544,   3544,1159,   
-1022.4233,10,0,0,1138773,0,0,11939226,-2228751.4611748774,-962451.5661747408,74495010.45153962,2179.8716,214.3616,4012,273,   273,4012,   7149,2247,   2247,7149,   7550,3014,   3014,7550,   6664,2554,   2554,6664,   2147,4632,   4632,2147,   
-1099.9602,10,0,0,312800,0,0,4268627,-2967642.2987089395,-1150764.1463012658,60093610.26289317,2697.954,220.93993,7366,3233,   3233,7366,   5632,6996,   6996,5632,   880,6579,   6579,880,   6679,5148,   5148,6679,   6876,2477,   2477,6876,   
-1042.1351,10,0,0,735440,0,0,9263734,-2568720.78947161,-642964.3922565378,91047849.96934079,2464.8635,243.86497,701,3773,   3773,701,   5838,1960,   1960,5838,   3167,1028,   1028,3167,   680,6779,   6779,680,   8280,3578,   3578,8280,   
-1235.8457,10,0,0,245250,0,0,3827415,-3186794.3645582115,-1072070.1257269455,78771891.99666822,2578.6345,275.75815,5144,7565,   7565,5144,   3991,6308,   6308,3991,   1517,5673,   5673,1517,   3707,3912,   3912,3707,   2173,3685,   3685,2173,   
-759.8523,10,0,0,561089,0,0,10606566,-2127677.302571049,-1147912.6221776751,68950075.86690533,2800.1196,339.16495,7228,7881,   7881,7228,   3601,2757,   2757,3601,   8006,5987,   5987,8006,   2624,4612,   4612,2624,   3191,4696,   4696,3191,   
-1064.9246,10,0,0,489453,0,0,5538027,-3058268.9155835737,-687707.0138070236,76116538.4032499,2871.8176,246.8651,1513,5070,   5070,1513,   7330,7118,   7118,7330,   2843,238,   238,2843,   2871,5188,   5188,2871,   7516,6521,   6521,7516,   
-1177.9487,10,0,0,181844,0,0,2840906.8,-2324161.2735764426,-582808.2218338677,76418540.00042948,1973.058,321.9351,2334,8321,   8321,2334,   2709,7004,   7004,2709,   7924,8237,   8237,7924,   7677,7760,   7760,7677,   5479,3642,   3642,5479,   
-1833.4509,10,0,0,912039,0,0,11637428,-3047952.707856444,-789534.7781886896,82772675.87702678,1662.4131,205.347,2872,2767,   2767,2872,   2974,3191,   3191,2974,   3684,1255,   1255,3684,   171,3081,   3081,171,   2389,5615,   5615,2389,   
-1400.5962,10,0,0,268147,0,0,2632460.8,-2256678.2881546607,-749281.0872429173,57316557.24610438,1611.2269,165.90025,6839,4503,   4503,6839,   3587,3583,   3583,3587,   2064,73,   73,2064,   234,5308,   5308,234,   3464,1278,   1278,3464,   
-577.4314,10,0,0,300163,0,0,4411298,-1959591.5345850822,-1534895.0926421252,109939906.18086275,3393.6353,284.76544,2802,6954,   6954,2802,   4832,4087,   4087,4832,   1351,7343,   7343,1351,   5172,5033,   5033,5172,   3269,8205,   8205,3269,   
-1001.9416,10,0,0,337083,0,0,4277558,-2522320.6128486954,-924596.6024369963,66810900.77017036,2517.4326,317.26086,6745,3299,   3299,6745,   7569,7985,   7985,7569,   1824,7182,   7182,1824,   2096,4139,   4139,2096,   3434,1588,   1588,3434,   
-437.6592,10,0,0,441830,0,0,5680123,-2109200.173926458,-251728.90689662905,53850000.017413944,4819.2754,330.32346,66,8225,   8225,66,   2798,1901,   1901,2798,   8118,6267,   6267,8118,   4733,7561,   7561,4733,   4939,7850,   7850,4939,   
-1075.7952,10,0,0,495428,0,0,3948004,-2923185.3581145154,-998283.0464627895,73015237.54161222,2717.2322,310.22827,8003,2369,   2369,8003,   4296,4200,   4200,4296,   840,4353,   4353,840,   6370,7323,   7323,6370,   1840,4777,   4777,1840,   
-1309.1598,10,0,0,159983,0,0,2351054.2,-3205881.0539437835,-299169.0678701474,54197627.28659631,2448.808,276.98102,4519,3574,   3574,4519,   8247,2620,   2620,8247,   7305,3540,   3540,7305,   5369,4038,   4038,5369,   1759,3318,   3318,1759,   
-1674.2803,10,0,0,189941,0,0,2869416.2,-2055601.6922282567,-906090.6317935234,86312609.33014591,1227.7524,244.94475,6413,4531,   4531,6413,   1874,1876,   1876,1874,   1211,3012,   3012,1211,   4155,2931,   2931,4155,   4405,3520,   3520,4405,   
-1237.3553,10,0,0,369484,0,0,3351690.2,-2930519.016534219,-866975.9928423149,74272071.41523762,2368.373,236.7193,2609,6046,   6046,2609,   93,3855,   3855,93,   202,4376,   4376,202,   7439,3368,   3368,7439,   7144,5906,   5906,7144,   
-1022.03235,10,0,0,629688,0,0,6065332.5,-2512794.243842632,-1261391.5663991065,56698539.42353826,2458.625,228.29468,811,3208,   3208,811,   2299,7092,   7092,2299,   5505,4928,   4928,5505,   8414,178,   178,8414,   3031,4577,   4577,3031,   
-1618.6688,10,0,0,852289,0,0,4561631.5,-2841703.5948811085,-883858.2071065028,80644839.91494398,1755.5806,151.67831,897,694,   694,897,   5802,1621,   1621,5802,   1436,3472,   3472,1436,   494,2419,   2419,494,   2988,6263,   6263,2988,   
-3613.5347,10,0,0,394295,0,0,3701662.8,-3897590.6194060883,-1191140.0431427665,102528463.10483089,1078.6089,157.44984,197,3439,   3439,197,   2917,6756,   6756,2917,   2167,6908,   6908,2167,   3481,4391,   4391,3481,   2417,2928,   2928,2417,   
-1514.5833,10,0,0,671099,0,0,5611612,-3081381.415196301,-913828.6080397627,99028794.50803794,2034.4749,170.91478,4536,2000,   2000,4536,   5330,4288,   4288,5330,   2506,3204,   3204,2506,   2231,3217,   3217,2231,   4806,4719,   4719,4806,   
-2365.0662,10,0,0,283167,0,0,3027484.5,-3992043.46944486,-1332909.793324692,114541164.0413556,1687.9204,236.59895,3033,3976,   3976,3033,   8335,8263,   8263,8335,   2622,1915,   1915,2622,   243,6908,   6908,243,   2418,5166,   5166,2418,   
-1293.3894,10,0,0,923921,0,0,6095521.5,-3060887.895579749,-1536598.4871984124,114083273.16427164,2366.5635,199.77554,3882,5019,   5019,3882,   379,880,   880,379,   5709,5807,   5807,5709,   291,3978,   3978,291,   4925,7032,   7032,4925,   
-1610.8026,10,0,0,404806,0,0,3171626.2,-2927010.864311129,-898015.1905746786,96451625.18856592,1817.1133,256.78363,1446,4022,   4022,1446,   6196,102,   102,6196,   40,7332,   7332,40,   3800,1514,   1514,3800,   7550,6668,   6668,7550,   
-1822.377,10,0,0,365131,0,0,5513958,-3330524.8932482144,-1231147.2729660766,56214295.85509498,1827.5719,150.90625,1240,5712,   5712,1240,   6049,6705,   6705,6049,   3229,4656,   4656,3229,   3540,3089,   3089,3540,   4133,252,   252,4133,   
-1247.6503,10,0,0,284958,0,0,3534298.8,-2691484.554450599,-1643254.6885623957,81631261.80592531,2157.2427,307.76575,6665,5009,   5009,6665,   1973,5687,   5687,1973,   7482,7953,   7953,7482,   1620,4449,   4449,1620,   7015,5134,   5134,7015,   
-722.974,10,0,0,203668,0,0,2408053,-2844250.4298017747,-1314209.207736387,96757349.43632682,3934.098,275.57385,2913,6688,   6688,2913,   6728,6210,   6210,6728,   3272,7447,   7447,3272,   6215,8232,   8232,6215,   8223,3725,   3725,8223,   
-524.05634,10,0,0,565745,0,0,7316034,-1588414.9002453461,-778637.8038416693,114015294.49527533,3031.0002,289.04312,6550,7165,   7165,6550,   7793,4186,   4186,7793,   3926,6605,   6605,3926,   7406,2110,   2110,7406,   6087,1052,   1052,6087,   
-1049.8618,10,0,0,743188,0,0,5196016.5,-2036711.9609542063,-1070225.394960007,108624932.92533645,1939.981,214.55927,2267,5638,   5638,2267,   8281,4672,   4672,8281,   367,4873,   4873,367,   2049,509,   509,2049,   1056,523,   523,1056,   
-1702.3838,10,0,0,753927,0,0,7502258,-3080510.1351082083,-687309.7833043408,84848022.97642396,1809.5275,280.87332,5711,7787,   7787,5711,   2934,2415,   2415,2934,   3754,2987,   2987,3754,   7420,8275,   8275,7420,   3432,4218,   4218,3432,   
-686.61237,10,0,0,1151663,0,0,20190906,-1909496.024769395,-1156403.8186665894,67445027.29752006,2781.0393,257.83444,6877,3743,   3743,6877,   3302,407,   407,3302,   2138,7936,   7936,2138,   5651,6222,   6222,5651,   1761,877,   877,1761,   
-1222.2168,10,0,0,140053,0,0,5197729.5,-3543757.4086389993,-1136776.94198712,96023894.85212743,2899.4507,261.9854,547,7946,   7946,547,   6798,5963,   5963,6798,   2867,5710,   5710,2867,   6843,2055,   2055,6843,   5843,6835,   6835,5843,   
-1238.5791,10,0,0,264505,0,0,3106518.5,-2928498.117910113,-1199288.2299789432,108880277.61545138,2364.4014,270.0627,5397,5706,   5706,5397,   7176,7699,   7699,7176,   6450,7199,   7199,6450,   4230,5377,   5377,4230,   431,939,   939,431,   
-946.09204,10,0,0,458201,0,0,4174667.2,-2409011.3831940386,-914716.6258852541,78337388.28913155,2546.2761,270.60858,7621,7567,   7567,7621,   7114,1868,   1868,7114,   2611,6960,   6960,2611,   2335,7874,   7874,2335,   2534,867,   867,2534,   
-976.24963,10,0,0,1486029,0,0,17304158,-3651038.2736995043,-1312779.8567949329,96030686.88091898,3739.8613,333.59595,7657,4263,   4263,7657,   7184,178,   178,7184,   8412,6201,   6201,8412,   989,5407,   5407,989,   7984,6479,   6479,7984,   
-852.5011,10,0,0,90892,0,0,1190732,-2861170.837432411,-1252067.4494570096,108294339.19163194,3356.2078,269.86768,4579,5364,   5364,4579,   2432,5033,   5033,2432,   7256,1170,   1170,7256,   5002,4038,   4038,5002,   2393,3375,   3375,2393,   
-4442.83,10,0,0,251871,0,0,1996288.1,-2971209.5925577227,-1287108.6320684825,88842385.89060445,668.7651,136.14006,3705,274,   274,3705,   5790,822,   822,5790,   1692,1416,   1416,1692,   832,4929,   4929,832,   3352,4342,   4342,3352,   
-505.60788,10,0,0,741684,0,0,9537476,-2265089.0040744953,-1070957.1369782141,81450193.2620776,4479.932,377.8822,3375,7405,   7405,3375,   7957,4975,   4975,7957,   7613,1134,   1134,7613,   6958,6998,   6998,6958,   7723,248,   248,7723,   
-859.31836,10,0,0,405676,0,0,4616405.5,-2624198.3571175346,-1597141.7734090623,110086665.1533845,3053.8137,236.65367,6209,7258,   7258,6209,   5828,2387,   2387,5828,   4795,2256,   2256,4795,   5134,2081,   2081,5134,   3048,1440,   1440,3048,   
-1415.8043,10,0,0,912298,0,0,8852878,-3003352.728827251,-1063194.6035270412,112613325.12529208,2121.305,280.15482,1957,6732,   6732,1957,   5480,7595,   7595,5480,   5597,7383,   7383,5597,   6908,6361,   6361,6908,   6922,6996,   6996,6922,   
-1260.7883,10,0,0,121747,0,0,1377152.4,-2705206.2579294587,-1258914.2658705304,111299329.7027755,2145.6467,196.01245,5369,4495,   4495,5369,   2055,3642,   3642,2055,   3104,5610,   5610,3104,   5843,5892,   5892,5843,   5855,6121,   6121,5855,   
-1108.1165,10,0,0,738656,0,0,6124185,-3377406.773585535,-1795963.834502482,113763056.9647261,3047.8809,230.79909,2648,6440,   6440,2648,   4751,2144,   2144,4751,   5601,4882,   4882,5601,   2881,3402,   3402,2881,   4463,7871,   7871,4463,   
-1060.9702,10,0,0,871359,0,0,6117644,-2509562.1106014075,-1034688.711079371,98158467.52181429,2365.3464,248.03735,4717,7187,   7187,4717,   1881,1911,   1911,1881,   2384,5078,   5078,2384,   1924,361,   361,1924,   7814,229,   229,7814,   
