score,depth,netChgRoad,netChgBus,netChgRail,savedMinsRoad,savedMinsBus,savedMinsRail,deltaDkRoad,deltaDkBus,deltaDkRail,deltaLkRoad,deltaLkBus,deltaLkRail,railNetworkKM,LBar,gameState0,gameState1,gameState2,gameState3,gameState4,gameState5,gameState6,gameState7,gameState8,gameState9,gameState10,gameState11,gameState12,gameState13,gameState14,gameState15,gameState16,gameState17,gameState18,gameState19
-12.996131,10,0,0,7706587,0,0,151052540,-981.8702414513541,-390.84881524330905,1372.7190567910864,-17049.284565039485,-4926.123866225043,513443.8087319251,1311.8739,225.77966,   1131,5847,   3975,4686,   3476,1533,   4323,3549,   3359,1326,   
-35.96456,10,0,0,8202887,0,0,271966270,-2607.7559208453577,-567.0811070946644,3174.837029128587,-47896.0867963027,-7020.122220008887,682361.9531351129,1331.7578,262.78223,   4766,1402,   442,397,   7055,7589,   4868,132,   7811,4506,   
-3.1427274,10,0,0,4534905,0,0,205959490,-291.9664501803283,-115.43909646237795,407.40554660879593,-5178.163142407994,-1417.3300669633902,167527.97456016447,1647.6654,295.66156,   8322,5755,   1704,3339,   6742,4384,   2984,3465,   7255,3396,   
-3.1707747,10,0,0,5724988,0,0,229634830,-313.7893255095892,-155.14002461123812,468.9293501534528,-5270.136021034251,-2023.6495648037142,178178.9338531519,1662.0974,291.52957,   4287,6816,   643,3986,   423,5937,   7413,5325,   2738,3507,   
-34.905243,10,0,0,11091726,0,0,586171100,-2127.4117889331096,-765.1995139228933,2892.6113063872276,-46564.36052268698,-13297.709417147906,475591.9613601463,1334.022,223.36844,   1438,4188,   2211,3710,   32,3706,   7819,766,   4965,2512,   
-6.7262697,10,0,0,11608140,0,0,536531170,-394.27216191787414,-232.3469660262235,626.6191280267695,-9899.75240400015,-5426.175779811757,134320.3354502811,1471.8042,310.0942,   6376,3455,   66,5287,   7940,3811,   4142,636,   6380,7528,   
-44.85065,10,0,0,10697795,0,0,274868200,-3396.101905885569,-1331.7905029010383,4727.892408867439,-63205.76586797537,-14442.157152099353,910374.2415149172,1409.2496,299.73773,   6985,857,   4730,8399,   5474,6385,   759,4891,   8409,1118,   
-13.990735,10,0,0,9740179,0,0,602665660,-992.5502416737241,-473.7317329846012,1466.2819741030619,-14977.64340516814,-4375.926630322402,150552.2481478343,1070.5402,233.69696,   175,7978,   5830,4303,   3067,4133,   3544,6430,   3306,3035,   
-17.584167,10,0,0,1796321,0,0,40849520,-1097.0859310411765,-651.4940641419274,1748.579995460522,-17295.772994774077,-10856.857273822732,500952.47231659543,983.59924,182.25684,   5000,2217,   6936,4743,   5455,832,   6749,3791,   4482,5047,   
-45.58917,10,0,0,15356728,0,0,574094850,-3076.625783869528,-1085.108980537634,4161.734766673404,-53088.605016854046,-15736.426213106348,558451.6273826347,1164.5004,243.21072,   1794,6777,   7380,3645,   4958,580,   7894,2247,   6672,2082,   
-80.558205,10,0,0,6133693,0,0,87301290,-2780.422565136933,-954.3922067137876,3734.8147736072992,-53880.41628041142,-12077.536415985438,924431.7695669913,668.8384,140.5407,   2947,2928,   793,3846,   2337,6833,   6060,4199,   2219,3806,   
-14.600449,10,0,0,11845418,0,0,237304180,-856.283599615625,-380.0471260111587,1236.330725744517,-15321.567975819176,-7399.187523031182,442219.26692246174,1049.3903,217.967,   267,6148,   5765,3345,   2527,4767,   2357,8422,   2943,4642,   
-147.47441,10,0,0,12022985,0,0,276327680,-9935.504015528204,-2865.7987123939806,12801.3027306652,-174416.57189456496,-32745.41509935484,2506166.369377156,1182.6904,307.7556,   8071,5403,   408,3361,   7760,1833,   598,2185,   7780,2486,   
-14.106902,10,0,0,6371036,0,0,235670110,-1232.2418893685535,-431.9443648248096,1664.1862537649822,-21596.466574191913,-5793.540388887651,511480.8951627515,1530.9149,245.49596,   4675,1296,   8193,1224,   87,2072,   1424,3089,   2406,7058,   
-51.355118,10,0,0,9566642,0,0,181284930,-3850.5759189997298,-1157.871636222147,5008.447555722193,-65741.52357369168,-13733.301010037356,1135674.1503850443,1280.1357,193.83115,   3207,2550,   1571,675,   4780,4081,   1011,4035,   1117,191,   
-9.160302,10,0,0,12407245,0,0,873966000,-584.3228959227287,-178.48936928057515,762.8122650005706,-14599.712999755542,-3043.966293100756,119645.03337595318,1593.8025,279.52917,   6659,7907,   7739,2029,   2446,5980,   2519,5867,   4522,503,   
-35.647285,10,0,0,10948807,0,0,410498020,-2947.1215345442665,-2164.8137291532707,5111.9352649035345,-38077.262316789456,-51114.32299347499,738080.2925480903,1068.1672,296.15695,   6235,3875,   4854,8169,   7567,7407,   6391,4541,   3257,455,   
-3.4800398,10,0,0,11301511,0,0,433527300,-305.85503474918465,-152.9355559896252,458.79059097913483,-5477.950727932264,-3663.4935663577107,174979.32641724023,1574.1057,286.66455,   3343,7703,   6016,4321,   1434,5521,   3831,8169,   7017,3678,   
-10.912878,10,0,0,9198599,0,0,279698850,-678.7048252120037,-320.22186233182885,998.9266874054289,-12087.077845755985,-3876.183654487399,199498.23341091545,1107.5977,298.35242,   821,4998,   1067,7589,   4263,5203,   1992,6163,   7214,2542,   
-3.5658855,10,0,0,10062469,0,0,430838850,-298.4334612400962,-133.6132977665804,432.0467596716123,-6011.550854301479,-2368.7535518861405,174078.25878399413,1685.8507,286.88834,   7988,3992,   7002,1902,   823,7768,   6132,1838,   1543,5808,   
-24.228031,10,0,0,6980225,0,0,177919600,-1504.5576180967412,-374.47452904954395,1879.032142456095,-22732.070389437056,-5504.829849999246,151983.05367237687,938.25494,212.85085,   6126,4906,   777,662,   5283,7392,   1890,3418,   595,5361,   
-1.9623098,10,0,0,3707601,0,0,224747840,-224.0589833679975,-229.53399662301348,453.5929795610207,-3749.4972455415964,-9998.826353860182,69674.10555087804,1910.7571,322.24222,   2149,2786,   7286,844,   8117,1236,   2808,5700,   3906,2364,   
-38.380302,10,0,0,12865538,0,0,733220200,-2861.003113759892,-1168.167339794381,4029.1704566018716,-49632.860862845286,-17885.695098434466,940957.0732098442,1293.1857,227.46054,   5414,227,   5763,714,   902,7787,   700,4114,   3497,2102,   
-11.375255,10,0,0,12067719,0,0,577988400,-759.0759038047302,-320.18606835140645,1079.2619721307783,-13183.337390358474,-3631.9192759945395,403317.18138267,1158.9487,238.17926,   7824,1992,   6625,1208,   5988,4351,   4220,405,   2305,5306,   
-2.6287935,10,0,0,7364984,0,0,230203380,-293.14418231809174,-118.21042735985252,411.35460969190945,-4736.893758737743,-1340.860606835247,227293.24982372465,1801.9269,299.3196,   3312,7009,   5568,1852,   393,5202,   5141,6158,   2220,8022,   
-23.538576,10,0,0,19528583,0,0,971103600,-1946.4788455991968,-683.0336600630434,2629.512503899893,-41681.12482133893,-9218.435175369248,606674.8363315096,1770.758,303.47372,   4959,432,   6368,7615,   394,5899,   7579,62,   8195,5932,   
-5.2641983,10,0,0,2086666,0,0,61993336,-339.98746929075617,-149.37911465164717,489.36658402506777,-6260.215811460587,-1931.8062388901528,166852.2096981146,1189.2059,243.29527,   6691,6212,   8356,6928,   5973,156,   4596,6077,   3291,3766,   
-1.0455626,10,0,0,1724040,0,0,47261648,-77.16347296854266,-47.503475263255794,124.66694821775131,-1153.3814158910313,-549.9509546725008,55600.357983120084,1103.1204,284.7472,   5452,2403,   3394,7035,   7487,6840,   3094,3910,   321,4136,   
-15.003534,10,0,0,3355681,0,0,103478456,-900.1646314539263,-185.70112936836583,1085.8657608937108,-16946.527257000358,-1878.9122333245737,78946.78682429864,1129.5023,306.9796,   2645,2977,   1893,3911,   5578,7392,   4060,7445,   814,89,   
-99.92298,10,0,0,2453823,0,0,77789464,-3716.568149585692,-1509.7400061627072,5226.308158730381,-71896.49608760774,-25577.674824826405,520019.10966781754,719.5191,189.07394,   5207,4158,   646,4809,   7051,5536,   7088,7075,   4315,237,   
-47.22642,10,0,0,12132469,0,0,655831400,-4124.02443333436,-1413.01051513819,5537.034948839196,-63469.82357288114,-15828.060272775996,1338299.701115493,1343.9474,273.0923,   606,7500,   2867,6890,   2570,2556,   5473,7768,   128,1989,   
-34.19152,10,0,0,3665619,0,0,115104160,-1483.6326916728942,-585.8667104078052,2069.499406930334,-34058.109638901624,-12042.49908602028,173158.4824631867,996.0981,246.43507,   2804,3668,   8177,4058,   3287,3713,   4319,4445,   1350,7016,   
-1.5978304,10,0,0,16881445,0,0,605155000,-162.013394611946,-65.71845630955806,227.7318509042968,-2305.7690246298957,-688.4240422799363,100158.10351014281,1443.0624,234.85486,   4531,5586,   5263,3202,   6994,1293,   1757,7021,   8420,1951,   
-74.54229,10,0,0,10440193,0,0,351033340,-5923.414024811806,-1820.6077362419367,7744.021760443225,-107911.29074107709,-18415.132807806465,892892.4542098648,1447.6519,307.5962,   8188,4455,   8030,83,   3530,3581,   110,3438,   1341,3022,   
-29.365597,10,0,0,3728964,0,0,79840776,-1340.6893328120202,-471.8740582550187,1812.5633910708755,-21713.5653538923,-5074.905575405311,483446.5077127976,739.4219,311.08478,   1918,4727,   7317,7261,   5720,1538,   4416,5023,   1522,3337,   
-22.732027,10,0,0,14898779,0,0,669413400,-1519.3253078026962,-548.132689955751,2067.457997894322,-26952.997976294904,-6964.387351680308,412365.5973633839,1185.6838,246.78397,   1217,2643,   5725,5734,   4142,3455,   2237,8100,   8331,1276,   
-48.918053,10,0,0,22301061,0,0,704653060,-5265.71711802851,-1496.1764362841634,6761.893555598618,-84149.80008466386,-15598.568328686926,2394951.7899017753,1720.2197,282.39255,   799,6888,   7784,6613,   2237,6785,   4073,8094,   528,8142,   
-11.325227,10,0,0,982496,0,0,26926232,-780.0440250311839,-375.15322793194764,1155.1972543361894,-12806.971672361275,-3747.1709108839386,285826.7023654839,1130.8358,253.18724,   3603,880,   3104,6764,   5098,8239,   6705,6437,   5917,5455,   
-42.326084,10,0,0,5478537,0,0,92347896,-1918.3493152302374,-1049.1326180786248,2967.4819326382476,-34864.208444543634,-20970.831877087017,555443.1066944273,823.705,181.53041,   5313,5170,   5499,5083,   734,5544,   7165,2296,   4377,74,   
-23.154697,10,0,0,4597980,0,0,67270230,-1857.677031687293,-683.6084747205027,2541.2855068097274,-28675.8119639911,-7431.819685330953,668801.0883615692,1238.4447,215.64796,   1343,445,   3543,64,   2222,3465,   5379,704,   5023,7371,   
-16.42603,10,0,0,12056741,0,0,520088930,-915.0525896082887,-366.577551486971,1281.6301413936562,-21899.67122043389,-5519.729988480392,245736.08091358503,1333.2299,318.42062,   5901,4758,   4494,1816,   8169,336,   7975,7397,   636,4338,   
-118.67801,10,0,0,1142000,0,0,13847279,-4053.2703099739983,-1416.0888200616641,5469.359130848274,-66053.12947652182,-15056.621905835585,646830.5601760435,556.57434,143.14319,   5185,4235,   2183,2876,   4399,4065,   1389,2700,   5879,5128,   
-9.672342,10,0,0,4189356,0,0,74793600,-441.422701231132,-158.00274462193212,599.4254460948451,-9759.88744611284,-2820.555387954804,105825.35535649434,1009.05115,276.73056,   8055,1777,   3716,453,   6798,3157,   5772,3039,   4541,1632,   
-50.25977,10,0,0,11122364,0,0,519937120,-2256.607894040581,-1788.672049814028,4045.279949412155,-47147.184476288574,-62603.015766495424,449604.00277564046,938.07007,209.75754,   2859,6001,   1414,6982,   7990,554,   675,3682,   5349,397,   
-18.907019,10,0,0,22588023,0,0,888353860,-1624.3541634868373,-610.6147368171042,2234.968898485394,-25264.279469764926,-7186.524814943421,1098620.664757583,1336.2382,256.14337,   6005,8204,   1660,39,   3325,5544,   6698,667,   4101,6593,   
-63.88572,10,0,0,11218238,0,0,309220960,-4748.4864273953945,-1559.4957930668622,6307.982219981922,-85874.8719582278,-18154.799651881964,1035348.9050778756,1344.1952,277.88544,   2076,2679,   3260,8330,   7751,4123,   1041,4040,   3453,5012,   
-3.7789562,10,0,0,13005289,0,0,344318100,-296.53791404850233,-120.6642196708509,417.2021338380595,-5126.70221911409,-2022.8479800862278,201546.59098296287,1356.645,251.00302,   3000,4935,   2855,7439,   1478,7619,   2821,3636,   3321,3844,   
-99.355194,10,0,0,6175176,0,0,72410064,-3353.5851956017523,-1282.780239270865,4636.365440499287,-73339.00322212845,-22397.400035382252,433479.4711918856,738.14966,259.0989,   3389,6142,   5786,5481,   7559,8286,   117,3677,   5564,1253,   
-2.5070338,10,0,0,15471637,0,0,520398560,-313.8691657865849,-155.59198015358302,469.4611461059553,-4234.401564969092,-2526.7718376847315,162569.72496291396,1689.0084,260.70023,   4894,5105,   7374,6383,   7992,180,   2740,1519,   7666,3867,   
-34.27363,10,0,0,3217309,0,0,115177750,-1768.9966793446333,-470.15621044206216,2239.152890399394,-34652.53417357237,-7551.974690639128,217442.47380164426,1011.05536,294.88394,   7949,5071,   228,337,   5833,1070,   5349,2657,   6996,4141,   
-14.816579,10,0,0,12056913,0,0,663541000,-1346.6814202570722,-485.62132393051354,1832.3027446775081,-20994.285443477962,-6690.319334046214,584121.2036526877,1416.9456,231.90807,   2723,3061,   5781,256,   3204,4369,   5328,6215,   771,7900,   
-69.497375,10,0,0,16845431,0,0,466081440,-5541.223188774601,-1436.9549109003635,6978.1780989557765,-84194.93344964614,-14176.333995475105,2132340.0041994,1211.4836,240.15639,   4005,5799,   6912,2200,   117,6330,   5996,4908,   7882,1297,   
-5.476916,10,0,0,12742691,0,0,452966720,-595.1312839142096,-154.1639672461143,749.2952510385338,-10602.882582680826,-1730.4782860422881,334786.66834272817,1935.9222,292.47534,   4878,1301,   4406,7890,   4331,6753,   5913,5449,   8084,6488,   
-37.417606,10,0,0,8637117,0,0,149917950,-2616.142495039249,-1271.536418303969,3887.6789157448925,-50920.2993536158,-14982.367208073463,515808.5949782957,1360.8647,259.61316,   2937,5896,   5116,1422,   6966,1832,   7759,7118,   3179,3622,   
-5.6851163,10,0,0,13844754,0,0,786454000,-508.8650737068637,-175.5650353557015,684.4301095213187,-11143.452576731095,-2649.243990999564,142939.5520588822,1960.1099,327.66092,   3288,4961,   747,8201,   8297,2149,   6595,6464,   219,7938,   
-39.89404,10,0,0,12743067,0,0,346798370,-2000.7106327995843,-784.0047184598338,2784.715353260274,-33345.9053732816,-9035.424510891671,501304.800405056,835.8619,240.4173,   3509,440,   3210,5699,   7699,1421,   7091,6327,   4361,4886,   
-13.609612,10,0,0,771668,0,0,23487054,-708.9354001022409,-652.0869564566426,1361.0223569344344,-13980.022358884613,-26399.91047476731,283456.484352328,1027.2168,226.66457,   6892,8314,   6566,2718,   4962,6545,   682,5489,   3669,6721,   
-15.627817,10,0,0,11354687,0,0,504746980,-2445.2204959827877,-895.461355323398,3340.6818512116506,-30835.143599749656,-7703.951900897486,699888.1261616747,1973.0935,359.37045,   7006,7314,   1728,4260,   6444,8353,   554,4640,   8028,2181,   
-40.04994,10,0,0,15677778,0,0,736851000,-2848.8080208079314,-1190.919281973092,4039.7273037814107,-48481.73512616987,-20304.77104784553,897177.6149303435,1210.5321,242.29262,   158,7884,   5230,145,   2979,2496,   2686,7853,   2159,5544,   
-3.3943563,10,0,0,5849134,0,0,173410640,-233.41573161103707,-99.23574754516129,332.65147908136146,-4216.485770614928,-1207.4994008927115,123013.5776896801,1242.2048,200.37907,   3176,1432,   2757,6729,   5166,3409,   6831,6464,   3238,1751,   
-109.30163,10,0,0,4328979,0,0,102916920,-6144.916833555407,-2137.086434900278,8282.003270075227,-83816.56904417546,-23159.73633772304,1491268.0977310322,766.83734,289.38895,   1467,1105,   2795,1934,   932,4631,   7148,7385,   7690,7781,   
-16.947256,10,0,0,13914847,0,0,381518460,-1472.342454271497,-526.3914141066907,1998.733868286127,-23848.821587622242,-9233.123262099658,888032.0998291112,1407.2379,282.01544,   867,2451,   6734,2179,   4727,7443,   3084,6420,   8175,2466,   
-8.998508,10,0,0,7560065,0,0,325292800,-726.4100770472965,-302.5286438979508,1028.9387209390409,-13806.195771416436,-4234.220814433976,301023.22041539935,1534.276,252.51775,   3859,1265,   3330,6560,   3544,5574,   4557,3435,   7529,3035,   
-7.4242663,10,0,0,18527561,0,0,689268800,-758.9342861077275,-227.76618809558283,986.7004740685081,-13286.944539334389,-2851.353191881052,226180.17803282343,1789.6643,264.84415,   1522,2525,   1401,6277,   714,7489,   5089,3296,   7649,6783,   
-150.76923,10,0,0,6944371,0,0,99918110,-7206.544194773968,-3678.2817094570214,10884.825903216324,-111527.83232685816,-87646.02811759745,2818000.9326647497,739.72546,144.5668,   3784,3736,   162,2813,   4677,725,   3133,577,   2001,6159,   
-72.12959,10,0,0,4858541,0,0,57107292,-3172.330346530694,-1082.6205495351498,4254.950896871875,-54039.5454889132,-21928.215015581107,992785.0696388079,749.2008,145.48813,   325,410,   6724,772,   6328,201,   6210,4670,   6825,3793,   
-51.70504,10,0,0,7070668,0,0,148030130,-3092.322924449877,-988.7894439378535,4081.1123688739503,-62906.146568495795,-15780.281517190075,1028912.2486167161,1216.6348,226.01959,   74,3713,   8292,4655,   6259,6777,   1050,457,   1464,5674,   
-8.737287,10,0,0,5890906,0,0,228739390,-580.7483803713354,-347.0245251600717,927.7729052960099,-10624.757152889037,-10355.871559342135,292700.87916359125,1216.0248,257.48538,   2353,8224,   7207,1392,   7117,122,   1102,517,   1883,2819,   
-13.715876,10,0,0,16335820,0,0,653411970,-1163.1997459236638,-439.5019490933149,1602.7016952440092,-17235.61362545818,-5808.946661755059,410047.22951626655,1256.6178,215.27478,   2440,3979,   1433,1370,   2710,1111,   4236,628,   8384,512,   
-24.982632,10,0,0,5292854,0,0,109816370,-1848.7069989172828,-667.7557800831859,2516.462776464865,-32083.05686685382,-7336.490636941047,909594.9518899526,1284.2145,215.27826,   1278,419,   4906,3855,   6709,71,   3880,3943,   4989,6335,   
-26.995007,10,0,0,24285276,0,0,766254000,-1859.8646981685276,-722.5081980588604,2582.3728952158426,-33904.873045129614,-11230.58451845951,1074554.4162377203,1255.9683,246.38081,   8111,2675,   7548,4762,   3805,536,   1639,5332,   2091,6205,   
-28.047184,10,0,0,16516788,0,0,293409180,-1886.222844090695,-701.514765685626,2587.7376101848486,-33162.58435000759,-7853.737747730267,763012.7992733882,1182.3856,198.45493,   7535,5692,   2786,4006,   1353,4531,   2279,6921,   1945,5148,   
-62.914772,10,0,0,10730633,0,0,163675710,-2811.308223708312,-831.2468492387145,3642.5550726033807,-48659.982114452425,-9568.246921444856,1197295.631628644,773.42694,173.37617,   2540,421,   508,952,   4395,1934,   3317,3351,   3118,7046,   
-11.653423,10,0,0,5247722,0,0,205378660,-969.8380510828771,-452.57847876442077,1422.416531576743,-17346.801750632167,-6099.2080566853365,148670.28303061667,1488.5583,279.07996,   4678,5594,   3964,3984,   3144,8201,   4866,5107,   6001,2173,   
-54.112633,10,0,0,6518870,0,0,101719840,-1856.5407894847333,-853.7360123314863,2710.276801429777,-37154.06344872968,-14525.377802843408,614520.4573517249,686.6061,240.15161,   7908,7340,   6973,2179,   1413,4021,   6068,900,   2502,2178,   
-33.786396,10,0,0,17272417,0,0,620499140,-2551.320796258954,-981.3008822532516,3532.6216798229825,-51198.63203364756,-13086.857060301485,495314.0993238105,1515.3623,270.72287,   6228,5394,   1998,8277,   3794,7689,   2166,6596,   366,1870,   
-90.79818,10,0,0,12551107,0,0,330584260,-6163.038766246316,-2170.6435761157154,8333.682345451418,-99146.13021540434,-30178.895035375634,2379345.8589935545,1091.9397,215.84933,   5654,6723,   2214,3480,   1526,1940,   1728,7237,   861,1587,   
-1.4449716,10,0,0,12746568,0,0,752396860,-195.9059560916442,-91.4809625834156,287.38691873398767,-2678.982535248492,-1107.441095473748,113486.0270595399,1854.0035,300.73953,   8100,5608,   919,8207,   5675,3636,   1883,6765,   7974,374,   
-75.925896,10,0,0,12990650,0,0,473645570,-6374.896276547855,-1338.4681123022688,7713.3643886289265,-104878.73850091962,-12701.709412153232,1105290.865149998,1381.3303,254.48123,   4301,2417,   849,940,   818,7719,   3596,4123,   190,3890,   
-2.6256025,10,0,0,11634678,0,0,696608260,-245.2953069723984,-102.8469227698957,348.1422298969627,-4331.74698586536,-1054.4719452732547,133108.33729393312,1649.8107,274.5087,   6034,6705,   4740,4130,   4954,1184,   5126,3492,   652,7909,   
-40.421345,10,0,0,10022415,0,0,227576640,-2823.381605695163,-651.3408950977087,3474.722500462033,-49348.35970410587,-6991.032873804685,763079.0881856168,1220.849,249.46495,   2293,7267,   38,914,   2513,619,   4474,2226,   2601,157,   
-67.99307,10,0,0,7126726,0,0,160192100,-3914.805226983997,-1111.3634866288296,5026.168712574872,-64850.184719092314,-11006.050621437907,1049566.4066158815,953.77637,170.06613,   5805,3837,   7058,8428,   6005,3237,   5874,1273,   2662,2242,   
-62.04913,10,0,0,9135966,0,0,88925504,-3577.763154571643,-1648.1157287823203,5225.8788836651,-61650.69694439319,-28614.188944552116,1469289.6616351616,993.57874,199.11026,   6779,6041,   7047,5407,   3989,1394,   867,5225,   3252,4491,   
-16.724998,10,0,0,3736191,0,0,71271090,-1340.786669680879,-1377.4907911411337,2718.277467786974,-19004.37667640068,-30258.332448725665,527757.0648135672,1136.2858,270.89697,   6946,6826,   6113,65,   6517,5470,   2378,8370,   6862,198,   
-32.16294,10,0,0,21333554,0,0,673063170,-2451.355988212503,-709.4491109583905,3160.805099222777,-40596.79303959005,-7176.497325661362,1321968.0746234576,1262.2227,198.82402,   3245,1370,   1521,32,   6520,2197,   8083,4747,   6561,1717,   
-7.9897556,10,0,0,2466031,0,0,54614240,-678.1115752046356,-274.086109918537,952.1976848246392,-9489.180632826241,-2983.3202274224222,303271.71442264365,1187.6685,191.85063,   3746,3852,   830,6845,   1129,4687,   219,3067,   5360,1119,   
-62.95871,10,0,0,11340301,0,0,343027330,-6183.480611214729,-1781.3422685183007,7964.822880480731,-95488.20932399103,-19101.951959348466,2278245.766372858,1516.6799,339.71872,   8187,7685,   7409,6546,   1646,7415,   6160,6992,   1911,535,   
-47.754185,10,0,0,3470394,0,0,44616088,-3125.2266632820038,-1261.2797661228442,4386.506425790088,-56718.973215841004,-15299.548090415781,541611.4305219611,1187.7278,315.73895,   858,5940,   2847,2463,   7433,5409,   4519,7015,   7323,1792,   
-8.95874,10,0,0,7827758,0,0,176980030,-675.4272088092087,-279.89985015694316,955.327058282024,-10704.403577310117,-3343.1253625713075,342865.729782107,1194.8558,261.05887,   1746,4556,   7100,1535,   745,3094,   5996,7703,   7372,1829,   
-18.531813,10,0,0,8994901,0,0,276720060,-1537.7258453199238,-607.6616926226125,2145.387537741253,-26019.79471282007,-9041.787203893191,312455.0753041263,1404.0609,240.17465,   5251,7747,   3009,5742,   446,3995,   2396,3411,   6821,7541,   
-22.002071,10,0,0,4655844,0,0,173967200,-1381.1337550851308,-424.6899846029165,1805.8237390563127,-24591.651788406296,-4656.751447542106,358733.58094309643,1117.6971,255.10019,   4472,1091,   2835,6025,   859,6241,   1004,6802,   7848,4155,   
-102.581085,10,0,0,21640254,0,0,626417600,-7109.279693128373,-2669.8822137879665,9779.161906630301,-128046.5344069209,-51189.844538113815,4146492.379496939,1248.247,239.48169,   168,1639,   4180,3568,   7809,3631,   585,5874,   5801,6988,   
-37.888416,10,0,0,9229629,0,0,323865180,-2440.2816942419704,-900.2217803518297,3340.503474536546,-43576.90417391542,-13687.666953861664,738226.503178056,1150.1378,204.74814,   1419,6892,   8056,82,   3720,1546,   2930,5540,   2017,3437,   
-43.554012,10,0,0,10861396,0,0,618738500,-2835.4492234363356,-909.3573623724899,3744.8065857474603,-46741.825488646915,-10247.440025339774,967692.7685138833,1073.1921,197.55154,   3013,1107,   193,8217,   5755,655,   1720,1074,   676,2939,   
-3.822913,10,0,0,14913709,0,0,611206800,-351.72456320482394,-121.00089946889615,472.72546264428547,-6728.747124510117,-1915.6271291812732,153456.42763972245,1760.11,283.18506,   2090,7629,   8290,3216,   1660,3611,   3567,7877,   6369,5251,   
-21.754885,10,0,0,8807465,0,0,208822770,-1244.8942746620191,-542.9779992405543,1787.8722734733858,-24754.12714516996,-8204.00279948804,445327.55374835094,1137.8652,268.53793,   3410,4958,   6046,8269,   6122,6016,   1470,2753,   2305,7748,   
-5.534571,10,0,0,6931352,0,0,133122304,-415.47877489296275,-147.4441009002541,562.922875916007,-6605.438048518276,-1552.0398083876948,227361.3049496364,1193.4868,265.87405,   3311,3899,   4785,4410,   1142,7496,   1446,4398,   6248,7153,   
-18.667753,10,0,0,3262491,0,0,71950370,-1529.4796910137238,-561.9329132915445,2091.412603973059,-27740.573660955914,-6555.577516641192,684414.1378305559,1486.0156,267.41516,   1910,7946,   5198,2861,   4898,2225,   7037,4840,   6857,109,   
-84.144325,10,0,0,11769629,0,0,218179970,-4569.702312145344,-2132.945469574664,6702.647789197868,-83045.48524134091,-35412.623695779075,1036415.1355032835,986.94104,277.6324,   6415,3489,   7607,5202,   27,6491,   3497,360,   2095,8175,   
-25.055979,10,0,0,12372146,0,0,433298620,-2526.506862738073,-1410.198181490815,3936.7050465554926,-30801.23521581003,-15987.63761967468,555116.6341889052,1229.2968,246.09505,   7620,7403,   7204,1363,   8063,6626,   2843,3880,   2073,2599,   
-0.75885516,10,0,0,15458652,0,0,652564100,-81.87589909675579,-27.31061629517453,109.18651539616525,-1452.3126500440721,-314.6016938805127,61022.90122913468,1913.8206,339.1221,   2164,7605,   1628,7651,   3340,3900,   8195,3184,   3370,3896,   
-0.66822034,10,0,0,5002613,0,0,183276900,-54.911896246687725,-23.180548280356142,78.09244453001999,-1180.5723894389816,-325.3789654868806,31005.284967916283,1766.7412,343.21384,   7414,5066,   4331,2196,   1332,8257,   4728,8019,   4383,3087,   
-33.22826,10,0,0,10381498,0,0,220287680,-2364.1980372980665,-1021.7086015086385,3385.9066416458472,-45263.450067709215,-12858.25960446613,1261118.5574770363,1362.1974,261.84503,   3999,1085,   2302,6509,   7969,2943,   741,3834,   3233,6707,   
-1.1444489,10,0,0,7595536,0,0,377679500,-164.60127131816895,-76.95986478980869,241.5611360558356,-2108.4744476603946,-910.6651715995363,84016.4597472732,1842.3491,329.0564,   7818,3157,   2766,4258,   6380,7246,   1861,8391,   1861,4562,   
-9.687046,10,0,0,5527470,0,0,122662430,-646.0176384046626,-273.08698339107843,919.1046217290118,-13396.002389344852,-4426.882858562203,206568.3909074648,1382.8779,229.28896,   6731,312,   5425,6635,   761,2553,   3072,5008,   30,8242,   
-3.236072,10,0,0,15998215,0,0,727517440,-340.9695236774255,-276.74975703187755,617.7192796497418,-4723.1066044457375,-7481.404801094441,267628.2081796929,1459.5183,341.6021,   1898,3260,   7933,7421,   7035,1079,   5302,3555,   8118,397,   
-8.429248,10,0,0,12219052,0,0,242682300,-714.1742251233736,-233.83255445556756,948.0067797033639,-11344.742477770398,-2513.806522303656,387520.8094887868,1345.8784,278.2401,   3158,4361,   8386,5099,   4514,4256,   2299,73,   4252,2522,   
-12.202141,10,0,0,445898,0,0,24378892,-1001.4947371809151,-477.92584834994574,1479.4205849522016,-16190.401208392022,-5206.884527309964,127973.80151280605,1326.8492,357.6609,   6396,4772,   6157,8256,   4792,3687,   4095,4103,   5747,5416,   
-9.1454735,10,0,0,3600922,0,0,96071496,-529.8616402696521,-211.40872874400668,741.2703689187385,-10500.114482112731,-3544.060235307588,248390.07002312643,1148.1215,244.42018,   8306,4169,   3803,3427,   4809,4557,   3660,3780,   5658,5300,   
-137.26282,10,0,0,5789527,0,0,75100330,-6164.28730292489,-1351.6454643108161,7515.932767570356,-102198.25339336424,-12936.239214487085,986505.4948697503,744.5443,174.13383,   1944,6741,   273,1464,   1404,2370,   361,326,   2121,4940,   
-8.920493,10,0,0,13979523,0,0,459779140,-676.1160150414938,-253.03388761621406,929.1499032522904,-13663.301743681897,-3104.3582951125604,352556.2139789787,1531.6755,256.51355,   253,2999,   755,5944,   1846,5561,   5538,8112,   2629,3348,   
-28.346418,10,0,0,13015975,0,0,636293900,-2729.8464888182857,-780.7541040620546,3510.60059152951,-55712.03736674786,-9391.080726711405,435191.3330046836,1965.3995,310.1169,   5419,1198,   6243,2701,   526,7424,   557,4959,   289,8392,   
-2.6742644,10,0,0,10744618,0,0,714452300,-223.46122164923338,-145.63442122701235,369.0956430132115,-3462.4379362506293,-2417.1418669263767,123469.66528873146,1294.7253,279.19427,   596,6955,   2850,7387,   578,8090,   4499,4693,   6851,2422,   
-105.03899,10,0,0,8785174,0,0,187030880,-5086.9484772124715,-1391.5773895783,6478.525867841443,-83792.91799644358,-14125.025532734786,1814385.03698395,797.7316,229.26617,   3325,3769,   1982,806,   5162,5307,   3413,6295,   1581,7684,   
-42.29435,10,0,0,12515948,0,0,391391360,-3077.359774437531,-899.6551906256925,3977.0149655359255,-51599.90306625162,-9408.555616032445,1493646.4748395777,1220.0188,253.91164,   7454,3983,   1151,2310,   8317,745,   498,6007,   937,2415,   
-69.78909,10,0,0,13348510,0,0,306539970,-5440.862684098702,-1723.2130575475799,7164.075740083884,-83117.50241067707,-28129.21635994599,2056673.929160598,1190.9812,205.62314,   1812,3838,   36,2165,   4344,1734,   148,1804,   5365,2191,   
-38.019043,10,0,0,7198815,0,0,123222970,-2789.847678275146,-920.9754272955713,3710.8231061613897,-49961.03895933961,-11187.279324309622,1261232.8406169477,1314.1056,233.1172,   1062,845,   1261,207,   22,1649,   7652,5436,   5975,3655,   
-316.26837,10,0,0,5923782,0,0,114012520,-9993.946683915761,-3967.173021931154,13961.119709704384,-211312.7221848003,-69189.34017286307,1933373.3288787117,668.1437,261.82202,   4010,2698,   3377,1041,   937,5048,   5804,540,   7505,8269,   
-4.5157485,10,0,0,2839105,0,0,220896830,-487.0885621389293,-255.90459546523778,742.9931568341638,-10025.04846758006,-6368.787500161101,141479.56560397573,2220.0193,418.69406,   7591,6927,   3755,4435,   610,7923,   3732,8253,   4898,3427,   
-48.287457,10,0,0,12186643,0,0,888288770,-2616.928744322016,-1139.686488483759,3756.6152342722153,-50271.373879849525,-19588.588602275886,756474.1364766201,1041.0856,205.99089,   5159,1609,   929,7825,   6621,6609,   2722,943,   2287,6667,   
-16.288107,10,0,0,10939054,0,0,256740980,-1729.3473712011905,-580.50800503755,2309.8553764036087,-29561.986144463994,-7522.5777467782555,844782.7034548445,1814.9431,296.37225,   1528,3497,   31,5718,   6840,7549,   460,7431,   1227,7732,   
-3.5895014,10,0,0,13230953,0,0,420382050,-354.13627952263505,-189.45399036572562,543.590270460308,-6034.7176769917,-3554.4772413235487,58103.54904636258,1681.2134,263.07428,   4366,8043,   2734,5532,   3035,2570,   5526,5261,   8033,535,   
-12.116354,10,0,0,15263360,0,0,906087400,-1039.8774739150945,-515.0975619067608,1554.9750359391057,-15252.207205310835,-8824.975647442003,499126.97847047227,1258.8116,231.50647,   6352,7835,   538,2547,   6932,2401,   1769,3987,   2855,2764,   
-102.82285,10,0,0,3433335,0,0,59238924,-5197.927031201079,-1697.2792307706893,6895.206259975933,-79863.02554576163,-14626.481769532853,1169877.6056401783,776.705,200.61699,   2326,4860,   6688,837,   6740,4093,   6895,6472,   6030,1496,   
-1.771383,10,0,0,15086340,0,0,685206300,-146.46753649959328,-64.24406091835435,210.7115973450364,-3454.27472098505,-1206.216184538531,65720.59503098158,1950.0438,295.71396,   7462,4737,   7025,5601,   7497,5551,   7310,3832,   4789,4051,   
-121.80703,10,0,0,6051320,0,0,178212060,-7706.937216615014,-2435.3045989550146,10142.24181744982,-129736.97850916028,-28641.85211980678,2050330.1484529162,1065.1025,240.1183,   1082,5897,   1346,1752,   315,2129,   2959,5920,   7222,4439,   
-4.0339723,10,0,0,3380337,0,0,144789890,-407.0819901891188,-164.35763899586075,571.4396292890079,-5773.627360905017,-1661.917711434573,164386.5438792894,1431.2512,348.78644,   5780,4908,   4575,6899,   5406,7942,   1354,1896,   7228,7378,   
-29.645073,10,0,0,6203269,0,0,233070800,-2253.9715543245834,-605.6297938466284,2859.601347451426,-42181.30552410893,-7230.36955217035,484797.0251689657,1422.8774,276.97488,   4111,7489,   7666,6536,   1508,1614,   810,3372,   3486,1380,   
-101.40406,10,0,0,4734783,0,0,56432724,-6260.280477236342,-1963.2564654273058,8223.536946566695,-89902.15333644628,-16666.711234503502,1689479.1043413926,886.57355,357.11676,   3526,6372,   7634,7240,   1681,4864,   3513,4936,   522,4611,   
-53.918087,10,0,0,13351875,0,0,412675460,-4489.245211972259,-1148.0967458155153,5637.3419536932815,-74184.82362936904,-12281.585649576724,416134.5257163018,1375.88,293.50513,   1134,975,   7686,1591,   4152,2553,   162,125,   195,7991,   
-40.419456,10,0,0,11558077,0,0,398414300,-2973.7804033566963,-1233.8874454998618,4207.667848717541,-47810.63909181594,-13136.147586305075,1145793.099165551,1182.862,229.46901,   4196,5414,   5040,5847,   8375,2029,   6666,3246,   244,7136,   
-113.30949,10,0,0,17614934,0,0,897127170,-10195.30272752401,-3492.9330692912313,13688.235798673555,-166580.66520637347,-49221.73926588023,3656696.601482487,1470.1388,271.30405,   1318,8023,   2434,5841,   912,7843,   5710,5770,   5217,541,   
-31.031696,10,0,0,3632713,0,0,60307864,-1578.2668206187911,-587.9569020859835,2166.2237218140986,-26062.606932057603,-6292.771747392206,487503.21203987603,839.87054,244.80798,   4429,4854,   1373,2616,   6243,3135,   8238,6075,   2384,7390,   
-11.534962,10,0,0,7601383,0,0,162314370,-893.2885325592839,-315.79754642752357,1209.0860786043747,-13043.97777875317,-2996.980301666432,462901.7174680332,1130.821,358.66324,   1452,684,   3176,3930,   5620,6548,   1332,1786,   7300,8088,   
-15.42013,10,0,0,2703970,0,0,83543384,-1122.1617361850617,-245.2345817663069,1367.3963178491324,-21670.128441192894,-2593.5163573122445,280672.08404775837,1405.3143,246.58907,   6634,266,   4692,1822,   3292,1547,   6977,1844,   678,4745,   
-14.615802,10,0,0,11302942,0,0,484857120,-1519.4135432534827,-518.4431282438992,2037.8566706668653,-26316.40279471654,-5918.559354980922,310056.7730445096,1800.5446,277.99194,   5279,2828,   3343,8090,   3562,7777,   4040,2423,   8039,5239,   
-55.933754,10,0,0,17396066,0,0,317425280,-4133.060944685251,-1279.969946961949,5413.030891634605,-69549.10466479724,-17939.10510463303,2419311.421186809,1243.4192,183.04825,   2226,591,   862,1289,   5683,634,   4846,6939,   221,2800,   
-0.09278107,10,0,0,13480679,0,0,698650800,-12.497060614672224,-6.516046182064466,19.013106790487328,-187.62518638208948,-77.82158321823653,14486.792817521069,2022.2356,330.68378,   6510,3924,   6905,5565,   2343,4162,   162,7987,   7760,4696,   
-55.81058,10,0,0,2974291,0,0,70426760,-2214.783244663119,-572.1632486636955,2786.946492794874,-39102.547936144765,-5877.295090106459,393324.28402068076,700.62964,167.58836,   4594,6394,   5396,6075,   2111,7060,   5776,3522,   368,6279,   
-31.45993,10,0,0,13651449,0,0,554038850,-2047.5513023796216,-839.8437419081902,2887.395044989006,-37033.44214237935,-12934.795108840344,435686.6628499183,1177.1622,223.96408,   2508,7344,   2182,2061,   5861,6042,   7840,3402,   4574,2658,   
-30.538942,10,0,0,11238178,0,0,235698130,-2299.4379681385008,-1039.1549656740847,3338.59293603632,-34566.34920270953,-17069.893481020805,807306.9250793456,1131.8777,227.71992,   5136,37,   1623,6314,   6670,1355,   4358,6214,   5746,7835,   
-3.546373,10,0,0,12708941,0,0,520572800,-386.92539843510497,-158.9776703742419,545.9030685713634,-6545.744642490788,-1927.6593850781815,289466.7292807395,1845.7576,305.8096,   7614,4488,   3099,3342,   645,4268,   3631,3222,   7613,7059,   
-15.306768,10,0,0,16971099,0,0,767205800,-1493.3494624592945,-464.1634560088174,1957.5129181691598,-25943.519983883845,-4818.976620063651,773171.7307250912,1694.905,251.83885,   3293,1323,   6570,2378,   291,7602,   1741,4844,   8140,4737,   
-2.4990547,10,0,0,22905654,0,0,686714200,-271.0149158873609,-74.59322095719148,345.6081368179504,-5122.44994232086,-822.546808641899,169427.26966473032,2049.755,285.1157,   4757,5195,   3412,5101,   7996,4556,   4770,7518,   7840,756,   
-42.335705,10,0,0,9223466,0,0,177958750,-2569.2015148787646,-823.4108228318942,3392.612336159398,-44221.74713502465,-7940.97330296825,313197.2813256476,1044.5497,282.73718,   2701,7998,   6211,968,   7100,6455,   4245,7276,   1416,1592,   
-3.7902365,10,0,0,20434742,0,0,555202000,-408.6186421513347,-205.46819603430916,614.0868381890175,-6015.534937761051,-2591.153121806764,220052.86230961196,1587.1134,272.21176,   2411,4618,   4225,5951,   7800,3813,   1903,7681,   6022,7504,   
-3.5207913,10,0,0,7815272,0,0,185413440,-241.14798585176385,-79.71433077816205,320.8623166333595,-4114.048934765121,-826.5974440806835,160786.4682624838,1168.5012,295.1561,   8049,7950,   6509,1009,   3078,2419,   1075,6433,   3782,4524,   
-15.600902,10,0,0,3545347,0,0,148753180,-1137.2375632245273,-550.2177719708699,1687.455333478318,-23400.940215647857,-9092.478886463605,239067.8910133224,1499.9735,285.64102,   7934,4548,   3817,6856,   4357,3731,   3547,5601,   3714,2272,   
-68.7436,10,0,0,6047134,0,0,97085944,-3824.9851340332148,-1537.745018707967,5362.7301532129195,-70357.54079126597,-19528.131312884223,1475157.0562384967,1023.47766,196.8259,   3357,2901,   3428,6547,   2326,139,   969,5897,   5737,4183,   
-102.8482,10,0,0,12820711,0,0,237980500,-5664.177597786133,-1860.0502772204347,7524.227875459903,-90785.01631320723,-24534.79958449059,2887727.0382490708,882.70886,187.75482,   2653,5525,   1496,336,   1142,3187,   1488,5202,   6326,4680,   
-150.1092,10,0,0,1589718,0,0,24740440,-5449.03339918186,-2490.384150908436,7939.417553663107,-110885.67258427104,-45679.480482693594,1350956.240841649,738.7,152.98808,   5379,6247,   3493,5327,   2094,6298,   800,5805,   1593,4069,   
-18.058298,10,0,0,6356062,0,0,197460340,-1294.803992159643,-271.6363712754123,1566.440363011089,-26925.66932409983,-3348.670489439791,140956.68250981253,1491.0414,282.8078,   265,4738,   3967,3750,   4147,5148,   4521,8398,   7119,2939,   
-9.9316845,10,0,0,12320334,0,0,574077440,-865.2585818835994,-349.2273781624973,1214.485959875606,-12687.6604062857,-4189.183473538687,305595.14000740554,1277.4933,241.4551,   1449,3614,   696,8035,   1871,2409,   3052,3481,   5713,1170,   
-73.18555,10,0,0,6671262,0,0,252917490,-4043.4214672514277,-1307.9138175830708,5351.335285942333,-64514.30229636172,-16181.467209422779,1615543.986042873,881.51697,290.35364,   2242,6781,   7710,7469,   5328,5545,   7843,6536,   4452,4463,   
-1.9412332,10,0,0,3082165,0,0,104079480,-213.41688051855272,-76.59130674775535,290.008187242373,-3393.5013728050812,-739.2322998710024,99871.8666604771,1748.1163,287.9525,   7775,3600,   4304,1667,   3917,6350,   1557,6182,   4625,4430,   
-8.14173,10,0,0,12573767,0,0,545075700,-457.9202023503858,-183.38024278269148,641.3004457561456,-8991.119985541467,-2779.2487501037504,177687.45111079703,1104.3254,198.91379,   7102,1526,   6518,3387,   3231,1765,   5550,3893,   3456,8121,   
-3.8652897,10,0,0,3737239,0,0,105366880,-204.85932157155975,-81.57141174577976,286.43073339815635,-3062.2157657308717,-898.8360954271509,105972.51875840416,792.2345,220.36858,   3245,5754,   91,423,   1826,1919,   5463,4933,   6857,7037,   
-14.4133625,10,0,0,1685622,0,0,83926336,-1011.0945489128285,-662.0838785722549,1673.1784272576588,-12974.717893073319,-8520.763851134428,239407.0280919746,900.18677,344.9185,   5741,6421,   3946,2655,   3600,6284,   7745,7464,   4117,3956,   
-26.27944,10,0,0,8038752,0,0,243195070,-2739.005319495192,-1158.2066033378762,3897.2119238179066,-43972.46337573882,-20107.847514191617,1127853.479583951,1673.2649,279.33765,   851,5305,   7291,1283,   2503,716,   263,4323,   4238,3562,   
-22.965136,10,0,0,9952608,0,0,279666700,-1997.2832741304492,-723.9900774078016,2721.2733529097895,-35906.578206232974,-8956.103874544377,493447.20626145863,1563.5256,288.91257,   8431,3949,   3079,4766,   1217,2020,   3508,3881,   8277,1998,   
-35.182693,10,0,0,8157670,0,0,242069710,-2118.9785121604377,-754.2250184276947,2873.203530059659,-37861.538712798894,-9606.026804860066,626321.8473063953,1076.141,265.89258,   887,5059,   7760,6024,   7124,680,   6016,3862,   8222,5382,   
-6.21066,10,0,0,4772968,0,0,185686140,-629.4945427032233,-283.98125938148576,913.4758019404584,-11102.947320845182,-4885.260148602878,263942.8443408068,1787.7242,343.84012,   2456,6521,   8211,7936,   7270,6375,   6899,7244,   6355,1110,   
-109.27811,10,0,0,9259818,0,0,462591460,-7519.749836432845,-2344.072647811411,9863.82248332819,-127927.23602496498,-19128.623682668353,861099.904345464,1170.6575,256.21838,   1655,1139,   695,3295,   7041,1791,   3341,7615,   1437,1579,   
-19.91779,10,0,0,11782058,0,0,507497950,-1507.6813951510571,-616.1002676998634,2123.7816644456275,-20628.505954866145,-7308.886637836906,257296.68948237915,1035.6825,211.58344,   2775,3864,   7623,2119,   3068,4227,   5981,1266,   2594,1822,   
-16.575,10,0,0,5088024,0,0,148413300,-1294.5130047533278,-423.09377992193254,1717.6067845161908,-21796.010003069325,-5215.4523603690195,421620.64007855626,1314.9929,262.4451,   3136,4836,   4537,7291,   1106,1910,   4173,3579,   5932,3277,   
-13.325591,10,0,0,10224074,0,0,630448770,-887.0918937032297,-324.3766522853044,1211.4685468366745,-14665.072775527135,-2941.220004772328,106385.61397919375,1100.5195,296.88034,   3556,4700,   5962,7166,   342,8184,   4364,4465,   7419,5333,   
-15.016757,10,0,0,4062687,0,0,95496290,-1473.4102025916927,-503.8314054496402,1977.24160742817,-22963.78606987409,-5277.135977847495,711911.2586303174,1529.2107,262.0071,   5775,6836,   2424,6643,   2606,7027,   7333,6092,   4867,3042,   
-15.052272,10,0,0,4138523,0,0,70708040,-891.0894211768679,-363.04743888694156,1254.136858512188,-17291.742045276365,-4269.703327560571,333179.88135854044,1148.7795,206.83856,   394,5632,   4650,4532,   6409,5255,   5038,1839,   2189,5131,   
-57.827133,10,0,0,20331561,0,0,505543140,-3725.173788054818,-1358.4917547914347,5083.665542900786,-69127.83670151312,-19171.44186687758,1689764.8316626025,1195.4221,242.78299,   6053,8198,   1683,6595,   6458,6511,   6338,456,   1776,3320,   
-26.832058,10,0,0,14726484,0,0,353958620,-1467.0350859452565,-469.8571643150311,1936.8922503746655,-23813.683772322118,-5110.816298365683,450081.1613359277,887.50867,218.91458,   8299,1516,   2283,5696,   4483,4735,   2411,6330,   4685,2514,   
-147.91402,10,0,0,16079123,0,0,378428320,-6980.3450402406825,-2409.9624092119643,9390.307453970092,-110140.88556825796,-25219.427183212567,2276597.6151553527,744.62775,154.46268,   3012,6517,   7147,2889,   2883,6360,   50,1429,   757,3523,   
-61.274,10,0,0,13666514,0,0,586028030,-3742.9091800396127,-1533.309385104468,5276.218557121647,-64196.114565685864,-17144.245936219686,1250404.0208580964,1047.6893,238.44643,   3145,2524,   2275,2287,   7716,6013,   5153,4264,   184,4531,   
-17.729164,10,0,0,7461713,0,0,154742670,-2101.587186816473,-678.3124056907944,2779.8995913729095,-35999.74174001978,-8875.324145347086,1111185.3600518585,2030.538,305.2069,   689,6876,   4316,1547,   3179,7313,   3349,7389,   48,1673,   
-28.86778,10,0,0,16316974,0,0,570199800,-1859.611436455058,-587.3641177433869,2446.975554040485,-38356.95832274282,-8947.557824709906,317006.1620720742,1328.7117,308.2644,   2843,7144,   5590,8110,   2118,7972,   1050,7229,   3712,98,   
-85.85508,10,0,0,9096497,0,0,377526940,-6401.323246221509,-2129.20821501404,8530.531461712551,-100075.57041669103,-26969.27005596432,2534749.7170099164,1165.6337,331.48395,   6460,4908,   8135,6689,   174,5775,   7676,8431,   6416,6905,   
-1.9616619,10,0,0,6052678,0,0,226785200,-172.2676094812902,-200.03173304967228,372.2993425407323,-3632.2259055394316,-5204.167243537602,59063.09194088266,1851.6064,360.19647,   8018,6583,   6145,154,   1825,4571,   2200,5600,   8146,4005,   
-27.77444,10,0,0,14447319,0,0,504530300,-2011.8854527094886,-1307.9117596422295,3319.797208380673,-33633.92346681158,-27964.514539598615,584628.541101934,1210.9667,268.84943,   3011,1097,   1380,7519,   680,4437,   5369,2601,   169,8180,   
-140.70648,10,0,0,5388216,0,0,109772270,-5701.371731207042,-1347.89737735233,7049.269103097375,-96287.84359618968,-18160.327657576403,756148.9998590281,684.317,159.50206,   4963,6359,   552,85,   6506,4217,   7177,6063,   1372,5839,   
-18.74112,10,0,0,8526066,0,0,245049940,-1246.0640436011672,-332.5230620600962,1578.5871064785574,-21926.400562436487,-3026.230807824153,288844.71357865713,1169.9622,221.64117,   8073,3353,   973,1579,   2091,4696,   998,5436,   6285,5982,   
-329.19873,10,0,0,3260121,0,0,52541136,-12192.791736990346,-4620.451222094762,16813.242966030335,-179207.43226015297,-46044.989403115454,2232119.6055248673,544.37463,279.82626,   5771,3886,   7519,8142,   5523,5363,   3527,615,   6008,4173,   
-85.880585,10,0,0,15630025,0,0,423012860,-3943.9487025482144,-1260.3369599581154,5204.285659712506,-72347.07921701611,-16614.17365932303,1389003.5482030937,842.4148,155.17137,   405,5074,   8262,6672,   1942,1658,   6030,6060,   2083,6044,   
-3.9654877,10,0,0,9946703,0,0,460717900,-371.32443661960684,-149.015878873507,520.3403153310855,-5513.556300614784,-1831.7684906059517,114622.95017808345,1390.3854,271.4066,   5830,4573,   4227,2306,   4368,8093,   124,8237,   5428,4420,   
-14.738324,10,0,0,12115967,0,0,569760700,-1450.539752111753,-394.43571468669785,1844.9754671637236,-24609.825489354585,-3874.1458297162726,225687.35682498035,1669.7845,279.61145,   3439,8369,   4752,2622,   2409,1077,   7276,845,   2998,1142,   
-13.02673,10,0,0,10699133,0,0,569359230,-1071.3416152536993,-323.4353861305054,1394.7770011853484,-19647.756289388257,-3949.2487390967126,446592.96791166044,1508.2646,229.13422,   689,6561,   54,5635,   5434,2998,   3526,2736,   8072,432,   
-34.71163,10,0,0,13570532,0,0,168020380,-1695.9935072922278,-531.7625036078322,2227.7560088428527,-34310.325790213545,-6685.286115687338,351879.56515177066,988.43884,248.67392,   7101,3374,   3352,240,   152,1197,   8094,5212,   3774,5865,   
-12.422221,10,0,0,8981090,0,0,203960610,-716.0454208305042,-189.1259824107236,905.1714034553505,-13003.612620318074,-2138.723965825523,255073.81458391863,1046.8025,174.04994,   5239,3726,   3622,1588,   733,471,   322,5640,   4263,865,   
-81.43632,10,0,0,16402256,0,0,592846300,-6691.132138526274,-2569.8067550670794,9260.938889229328,-91537.27480906775,-27703.874766755478,2775414.744990104,1124.035,236.48058,   2817,5185,   3062,940,   5354,7704,   4519,7028,   5308,1369,   
-151.47507,10,0,0,942972,0,0,12666249,-4710.740087703102,-1900.387264644732,6611.127350174935,-80118.59714206996,-18997.60183793222,1230442.6414169788,528.92267,166.10114,   4566,5823,   164,4996,   5754,65,   5017,4511,   2469,1211,   
-62.195625,10,0,0,6957066,0,0,64968860,-2093.5885767850614,-949.6045874736843,3043.193163106294,-38217.76099734334,-18815.096354470796,532958.6794526177,614.4767,182.97137,   1418,2063,   5506,5568,   4339,5399,   2939,6901,   4901,4962,   
-36.594334,10,0,0,5344521,0,0,126843850,-2453.503611031515,-585.0661935870676,3038.5698037696034,-45330.20087438548,-6644.422209365159,366283.0625139284,1238.7218,267.58524,   2676,6322,   6909,7207,   6050,1916,   311,2411,   3322,883,   
-13.571378,10,0,0,19747296,0,0,497551520,-923.0525071396304,-409.3636189837254,1332.4161258673994,-15741.025876452668,-4295.980593828533,395999.125416538,1159.8694,255.47948,   5114,1066,   8340,2405,   1298,7852,   3561,7062,   4269,668,   
-0.9492956,10,0,0,13684164,0,0,757319170,-159.85455947338363,-73.41344913585425,233.2680084908876,-1946.532699256689,-662.8126971253955,79191.4623709787,2050.5022,345.9456,   3890,4246,   3170,3051,   7882,754,   8114,5929,   5037,8391,   
-136.371,10,0,0,6637884,0,0,147274530,-10265.89822990331,-2715.8473237343364,12981.745553795401,-152945.47833632174,-25343.0134868658,4089207.568908176,1121.5397,245.19127,   4765,6053,   2126,345,   7129,6680,   7349,1393,   7381,3838,   
-34.642876,10,0,0,11550482,0,0,277975200,-2574.269322040129,-1119.7882139781093,3694.0575323020926,-44091.049975465954,-12936.161953363257,1057056.7078057446,1272.7307,286.79135,   8189,2605,   1189,1586,   4533,352,   2159,3101,   4269,4923,   
-6.9666805,10,0,0,4103227,0,0,141478270,-529.1298896197259,-293.2633723861611,822.3932617078807,-10278.372924570378,-3524.8207340300337,113964.82997714564,1475.3616,267.84164,   1838,4312,   2632,4233,   1072,6865,   3151,3858,   7760,5296,   
-20.477507,10,0,0,1864250,0,0,58400616,-899.2590144657479,-445.9405987714376,1345.1996131440392,-18508.685165299714,-11119.04989200354,175352.99695161873,903.8545,265.36188,   2237,2818,   5810,3367,   4553,7497,   7375,7995,   3712,3054,   
-32.380527,10,0,0,16030963,0,0,771659840,-3292.739970561241,-807.0756843110381,4099.815654372161,-53696.41206797324,-7746.7764316281555,1388269.628918548,1658.2933,269.50375,   502,2168,   8117,431,   915,1284,   3057,1583,   6954,7530,   
-38.903435,10,0,0,16175958,0,0,622982900,-2839.7711895227117,-885.4157910922532,3725.186979776176,-53006.23566615089,-11538.23337333106,1198185.5803618417,1362.5078,222.17374,   7030,5013,   1659,114,   6552,452,   3420,6329,   7709,263,   
-109.38655,10,0,0,1857356,0,0,26030332,-2580.2954335079935,-1062.20838010543,3642.5038170265866,-44931.60066476471,-17188.553948827666,564844.8669866883,410.75983,155.6236,   3529,3491,   2068,2084,   1600,5370,   5231,6257,   5468,5472,   
-3.000521,10,0,0,18511591,0,0,683714430,-359.48002629354227,-129.99682038447358,489.47684632747405,-5258.207379023835,-1330.811114283579,152094.43910391515,1752.4315,287.90887,   1413,2599,   7825,1215,   4420,8105,   4631,2201,   3317,8223,   
-13.255662,10,0,0,3497983,0,0,47984500,-735.0434140073617,-332.6394836681709,1067.6828960888959,-13666.619646285422,-6567.243993769185,144473.39327559434,1031.0024,201.21799,   3807,1567,   5339,230,   6702,5660,   1158,5696,   5250,4101,   
-74.51478,10,0,0,5119563,0,0,68086370,-4732.671282764213,-1411.3080324339332,6143.979312044845,-94933.5568339607,-17789.704502310557,1667048.985265925,1274.0232,331.25732,   4076,1045,   286,3448,   7960,5447,   99,6032,   7266,3980,   
-6.394176,10,0,0,894795,0,0,21355220,-347.71014557535045,-366.496906829788,714.2070558766721,-5840.664390680412,-8337.830461840307,63015.589501124996,913.43506,217.23172,   4489,5236,   4551,1481,   6116,4431,   5623,443,   4129,6882,   
-11.525203,10,0,0,4720939,0,0,193907250,-903.8996882308106,-355.10030157858625,1258.9999903332705,-17025.48866754891,-4078.657612255365,604554.747779041,1477.2397,256.91937,   4256,1219,   3011,7921,   4892,1961,   6587,1837,   3818,4376,   
-25.580956,10,0,0,11626828,0,0,347134020,-2353.573964097785,-540.3311629745489,2893.9051261574646,-38087.23987601032,-5012.1212904091235,848707.791453274,1488.8904,262.6804,   4212,7971,   1007,1367,   1396,367,   2313,4377,   1690,7409,   
-5.060766,10,0,0,5363589,0,0,254150020,-541.3990274262993,-205.07846612870728,746.4774935741888,-8381.508801572441,-2391.2063203937955,141021.93788431137,1656.1738,287.1376,   8006,7034,   3370,7773,   3734,7007,   5452,3857,   2549,2270,   
-142.74086,10,0,0,5716623,0,0,129141456,-6258.108886429318,-2169.1377687992644,8427.246658383448,-100115.20096640411,-22768.093346554364,980599.5362881047,701.3773,239.44008,   36,715,   1566,6803,   8280,2856,   6469,800,   6991,5999,   
-15.406007,10,0,0,9127363,0,0,450115740,-1644.249828250856,-602.4960885895188,2246.7459170251973,-25742.07002968357,-9428.027316722832,317859.90886533336,1670.9113,334.48538,   7296,6698,   2214,2890,   8204,4954,   4228,3183,   85,5749,   
-31.105537,10,0,0,2216350,0,0,48079712,-1885.3751966943942,-637.7354972805548,2523.1106945002634,-28181.228368178137,-5611.140691343585,548017.9028924762,905.9875,263.26956,   2117,1246,   7188,5156,   7312,5658,   6285,3674,   4187,6320,   
-2.4905775,10,0,0,8387236,0,0,312632640,-153.6579147931802,-65.30770139502812,218.96561604389996,-3178.328674314771,-946.5481512728418,81001.66358139653,1276.1412,274.32614,   4944,2729,   7723,1547,   4339,3496,   6404,2639,   1523,6976,   
-132.01881,10,0,0,13277294,0,0,278998050,-5747.349346567469,-1492.6940604484876,7240.04340780418,-95238.51150570503,-15394.99601393614,2045320.0000815778,721.401,290.73404,   2333,1513,   5821,4127,   113,1308,   4820,480,   8005,7216,   
-17.69904,10,0,0,3643850,0,0,239065660,-1099.987846550463,-410.33883363361855,1510.326680385643,-22590.20465142215,-7341.894030332336,307539.46505833534,1276.352,284.59967,   2778,2269,   3772,5236,   153,7226,   1962,4846,   7926,2621,   
-44.59828,10,0,0,11326975,0,0,470874240,-2507.8546089514452,-840.1034933360005,3347.9581019502252,-54435.18643463605,-11138.699214704053,508338.9290143594,1220.5669,253.8995,   5007,2795,   5049,670,   1054,4566,   7410,667,   6986,4707,   
-160.73042,10,0,0,7637707,0,0,166512590,-6515.002942336804,-2022.4835492672066,8537.486489742147,-127292.68832163954,-23974.982135327602,1283634.0098422614,791.96387,183.22185,   6986,1589,   1659,1545,   3415,604,   3861,3061,   5043,6004,   
-106.89974,10,0,0,2707394,0,0,72291304,-6394.767888326743,-3025.0679718965152,9419.835863620774,-131680.9346437211,-58745.519478896415,1546579.062165658,1231.8171,246.63261,   838,5804,   4105,5407,   3542,2675,   7393,2487,   1393,5549,   
-7.7897778,10,0,0,9915191,0,0,415576800,-702.2028291255929,-206.8326876698572,909.0355171917881,-14006.223124112594,-2156.3042921398996,64938.73614499402,1798.026,295.88934,   1534,1557,   3149,7337,   1968,7974,   4899,5150,   3072,3982,   
-44.492226,10,0,0,6914122,0,0,139082460,-3723.5106474774043,-995.7200613731845,4719.23070925147,-59060.420887628905,-9209.032700153519,1652239.2972934486,1327.4324,306.92432,   2333,4152,   1930,3297,   229,1189,   609,2226,   1821,7985,   
-0.024078144,10,0,0,5845047,0,0,325611580,-2.4186298521212564,-1.796327814315928,4.2149576632578825,-50.625977500392665,-34.12589201186577,2293.8124300690138,2102.5698,347.80154,   3364,7336,   8239,1921,   1783,7638,   7126,8078,   5564,6815,   
-0.6360059,10,0,0,12475756,0,0,404541340,-72.45236145325516,-34.920798323780865,107.37315982090608,-1141.91471392128,-468.5261797153498,61959.03931254395,1795.4467,318.93213,   5609,4923,   7709,1437,   3172,5428,   6876,2758,   8012,3877,   
-47.827652,10,0,0,22807344,0,0,523457730,-2811.781819575417,-828.7925157197428,3640.5743366149313,-48506.79385431654,-8686.50421878174,1180715.3428614005,1014.19977,238.63872,   4140,7147,   8425,1060,   3671,5121,   3874,807,   5177,2352,   
-11.322814,10,0,0,9153387,0,0,264286450,-806.634658094538,-257.3818650355682,1064.0165232493648,-12831.839381425505,-2852.8100294954743,298291.55068158207,1133.2731,187.08122,   2066,5166,   665,1843,   2184,2634,   1754,1227,   5554,2765,   
-75.18387,10,0,0,3901152,0,0,133535816,-5683.503950964732,-1959.6596364088011,7643.163593318837,-95193.85724047999,-26404.026039251043,1892437.8538770457,1266.1475,231.37987,   847,5257,   8021,4693,   6808,5846,   4878,492,   125,3237,   
-6.139279,10,0,0,4238877,0,0,81920990,-503.80245188454205,-193.984087072008,697.7865392590569,-9556.78872696104,-3090.2996744904012,200982.52857209227,1556.6631,252.6028,   2749,6287,   2649,6379,   3845,4653,   7347,7178,   6686,5098,   
-7.495326,10,0,0,11064526,0,0,768109100,-465.58123377056563,-187.40994005055313,652.9911737904603,-9408.955982304178,-3157.242925649874,129455.87543120008,1255.3098,219.97339,   3764,6318,   2901,3211,   4748,442,   4257,5865,   7688,538,   
-1.2879536,10,0,0,12604244,0,0,524959870,-103.13281405103552,-35.26451415626063,138.39732809984085,-2019.6474326211612,-481.4583559987915,58882.40248733548,1568.1057,244.92265,   3673,5648,   5639,5246,   3029,7319,   7561,3732,   2688,6260,   
-74.80898,10,0,0,3995592,0,0,84570744,-5067.624142782539,-1888.544171013234,6956.168317019085,-80283.97333768869,-25473.77248614721,1260805.177820265,1073.1863,243.86072,   242,3381,   682,1939,   8039,4215,   2517,2721,   6434,5967,   
-18.04236,10,0,0,10740300,0,0,284287580,-1480.8235419237963,-397.0593456692056,1877.8828885836551,-26291.023407399927,-4326.753954301189,822178.3113417265,1457.1832,245.50067,   3723,3012,   2976,455,   7437,2965,   2355,4809,   8380,6366,   
-14.988776,10,0,0,10058208,0,0,263979620,-1061.6342264834875,-311.43606351952644,1373.0702885907488,-23058.22603683206,-3859.7861387424223,105328.2530289967,1538.3662,350.46405,   1589,7449,   1239,8022,   7999,5536,   647,5838,   3350,4961,   
-136.38179,10,0,0,451816,0,0,6064722.5,-2406.096073732987,-752.2279002629593,3158.323975107962,-47440.115038337135,-9597.325025759757,310386.9663753299,347.84784,150.30135,   5527,3615,   4490,426,   4855,383,   5635,962,   3608,533,   
-55.519638,10,0,0,7709245,0,0,186130880,-1898.1316047783637,-550.1081153937722,2448.239719328015,-38839.23277174484,-8356.802206365928,367315.8755139929,699.5585,212.94489,   6361,1535,   7867,1721,   5251,661,   2672,5184,   6245,64,   
-56.093018,10,0,0,1594888,0,0,22260378,-1902.697831110592,-653.7725747424896,2556.470405671734,-35954.39753194972,-9457.24578944893,373285.4367980787,640.97815,202.84903,   4963,2751,   3787,4757,   4671,1229,   2141,1095,   2375,2502,   
-15.033509,10,0,0,14588699,0,0,475508130,-1185.5824081457736,-245.12623522633206,1430.7086427681918,-19043.547405753587,-2349.2658166056417,168830.7493660687,1266.74,263.68845,   3567,5114,   7807,1472,   439,107,   6958,2550,   4036,7053,   
-63.47844,10,0,0,691147,0,0,9016316,-2716.2153714773535,-756.0834500149226,3472.2988201391513,-46620.60331781922,-10254.391295345818,283923.64526412106,734.43207,342.8979,   5765,1393,   1201,7846,   4,54,   8017,7954,   2771,7338,   
-0.7228463,10,0,0,12137523,0,0,406504480,-72.56693625894101,-35.3086594179109,107.87559567442023,-1177.13397869534,-589.5382891619757,47960.18591770624,1628.4707,370.161,   2864,3899,   8028,3286,   8434,2776,   8263,8168,   4191,3626,   
-4.128904,10,0,0,5582812,0,0,155523820,-285.6513701169123,-120.57869192487102,406.230062017645,-4919.341907835148,-1554.6744171689888,154569.91972149495,1191.4402,196.48048,   6677,4540,   7022,1105,   5401,1246,   2163,6394,   1282,5143,   
-104.35837,10,0,0,10094057,0,0,192417760,-8346.219883551077,-2121.5073681973117,10467.727251888227,-125359.67116767209,-19273.006977550715,3216557.0769258956,1201.2422,242.49135,   2139,121,   1147,7628,   2734,3570,   1550,4377,   4752,4617,   
-37.069153,10,0,0,1675009,0,0,27059796,-1333.762244099922,-649.4036087343438,1983.1658527450236,-25214.240131510447,-12795.749734536648,427728.6295038024,680.19464,243.11113,   1647,2623,   6760,3473,   8074,8104,   5521,4521,   1474,6099,   
-5.4213133,10,0,0,5477630,0,0,296725300,-561.9802848714018,-480.1691660649134,1042.1494504093462,-9244.887777900838,-18822.97205964043,380404.82845450426,1705.2856,287.66156,   280,7225,   6794,410,   375,1225,   2807,95,   2444,7194,   
-229.36852,10,0,0,3301579,0,0,34116544,-9588.027975523606,-1967.2001463469317,11555.228125016238,-180911.0231383051,-24759.811939299678,824794.1796005323,788.73517,169.60905,   6326,1623,   6672,6064,   5199,2742,   2751,400,   551,4863,   
-41.049896,10,0,0,4245014,0,0,188090580,-3262.4334479615836,-1266.169102010341,4528.6025493031375,-49888.825302873614,-13624.897674912569,656977.5530011998,1215.3215,258.6843,   1225,3886,   3415,8010,   1978,4054,   6215,3549,   1467,5733,   
-40.964516,10,0,0,6554959,0,0,293061020,-2165.6153878288947,-779.9249492191904,2945.54033560728,-43761.484440164604,-11648.48397799127,631501.9616002992,1068.2778,260.5599,   4161,6078,   4919,3618,   4862,3349,   1763,737,   7252,1509,   
-272.36786,10,0,0,7836620,0,0,114035864,-10490.442949369233,-6291.805879865165,16782.24881969483,-189049.320879113,-130699.00828065118,2528948.8641331615,694.0956,155.50873,   763,1454,   1932,5994,   6726,23,   4387,696,   6709,5331,   
-17.159523,10,0,0,8891841,0,0,274739520,-1028.4069542682628,-394.01766978255836,1422.42462207592,-22943.845285016025,-7720.727074457734,135850.54809748076,1337.0911,261.91092,   5353,5120,   3970,5046,   4873,4830,   3810,7220,   6867,4756,   
-12.764507,10,0,0,12171338,0,0,502050880,-1009.7902880000536,-360.5585572576302,1370.3488446060144,-17550.681196745503,-3735.48514120765,504445.4137303575,1374.9596,253.17636,   3445,7693,   7064,5147,   3032,248,   5140,3053,   1201,1849,   
-28.089767,10,0,0,16440292,0,0,395473250,-1870.9304567374097,-659.3337570156053,2530.264213808998,-33489.06394313561,-9636.20182882333,592038.930831668,1192.2157,242.99367,   979,2013,   1584,7478,   4100,8207,   1953,5856,   1283,1955,   
-5.394691,10,0,0,23178334,0,0,881080700,-708.6053662435165,-285.61121633208523,994.2165822630399,-9429.818817344769,-3280.7000031427683,359952.5566059683,1747.9812,281.19327,   8103,5519,   5275,4572,   380,7476,   2108,8308,   7181,32,   
-9.158926,10,0,0,4309392,0,0,93463850,-575.1890412081873,-181.62959310396715,756.818636250845,-8792.89925218156,-2567.341498210749,35989.24625942009,960.0361,216.42578,   7975,2978,   2306,2495,   6499,1505,   2826,5221,   2961,6478,   
-40.457687,10,0,0,11385976,0,0,340853180,-3108.053078817056,-1080.4286782398415,4188.481756741052,-56308.155246040165,-11885.122429855015,953579.0076664691,1391.7789,250.5388,   3318,1334,   7931,4859,   4352,3339,   3536,4928,   946,5101,   
-44.748028,10,0,0,4442955,0,0,59739860,-2081.807533901282,-914.66141986601,2996.4689513790604,-39399.06540663194,-16718.496240501663,420091.59714539687,880.4649,195.45195,   2876,6389,   5936,4912,   5089,6362,   2417,2492,   4767,3992,   
-12.945281,10,0,0,2265612,0,0,46282124,-564.3719925616922,-209.97463279526366,774.3466249917873,-9742.635623951233,-2475.295395507749,214182.42572494925,752.6013,282.7294,   6575,5268,   4307,1168,   2310,6436,   8142,7524,   978,2595,   
-65.17255,10,0,0,9257545,0,0,149850400,-3681.221053771144,-1204.8743773885317,4886.095431071256,-64310.09782588994,-14684.965962972925,1963242.021821892,986.7667,183.75462,   5381,5168,   2894,3240,   7072,6769,   6024,415,   220,5476,   
-10.967753,10,0,0,5451891,0,0,152548540,-690.4090195248309,-221.5065920949518,911.9156108772182,-14529.792101373441,-2766.2130503078356,163606.94569515294,1324.7738,296.57315,   3939,5616,   7362,2079,   5592,1585,   5477,5830,   5842,136,   
-1.6379979,10,0,0,13691487,0,0,742522100,-278.55882558000866,-152.35637674231882,430.915202562978,-3533.2426581014934,-2518.8404132744563,145111.2131136497,2157.0496,314.0812,   7523,333,   454,7405,   8338,6486,   5462,6762,   2549,6351,   
-12.703396,10,0,0,4904357,0,0,92641344,-1139.8745111098758,-365.493369637727,1505.367880511979,-18558.255785666446,-4398.6053047491005,476765.45219444344,1460.8894,270.2921,   3632,4447,   3949,6786,   8156,6144,   3494,2695,   6276,6755,   
-171.59703,10,0,0,17998719,0,0,380708380,-10354.332070820641,-2952.288657039952,13306.620725001465,-162687.47416710432,-32197.846588138756,3952095.0790957413,948.0786,198.45338,   338,2002,   2272,7726,   53,959,   6342,2227,   4012,724,   
-164.33517,10,0,0,5669177,0,0,91128030,-5967.275406922483,-1854.833134251772,7822.108540438049,-108408.94812550509,-21830.647279397133,1758504.6303997587,659.68195,222.87614,   958,2312,   1682,841,   3507,5047,   4713,3925,   3338,585,   
-14.458482,10,0,0,19828143,0,0,572124900,-1150.910722081146,-450.6523678223655,1601.5630896514926,-20907.52856044647,-8699.018911512652,667905.284345989,1446.0391,289.86398,   1307,7697,   6302,2304,   1843,7928,   1666,575,   2358,7883,   
-10.480387,10,0,0,301007,0,0,9557849,-505.5426560633781,-259.9033132296357,765.4459693794084,-9633.893834978657,-3722.7635491911187,54568.2110380193,919.2307,306.4329,   6527,2782,   7989,7522,   8234,5521,   6497,1163,   7352,7379,   
-31.837831,10,0,0,2240342,0,0,47618772,-1667.5636684144238,-760.8743589933559,2428.4380285835514,-28737.576831861577,-8832.855657275273,632174.246784413,902.62354,205.99657,   144,3234,   2750,1824,   5392,1320,   2764,3107,   3279,3109,   
-2.2512274,10,0,0,10806587,0,0,292694080,-187.49376365045865,-71.04420992991878,258.53797364683413,-3647.3961554377133,-968.2807438730516,111528.4404705535,1620.1812,284.546,   1430,8004,   7793,5690,   5448,1077,   4135,8403,   5883,561,   
-5.801039,10,0,0,13429117,0,0,552234560,-506.132281523726,-220.93719872443566,727.0694803218837,-7848.604184614396,-3149.351589462363,157442.94378188983,1352.9652,245.14156,   7729,5767,   8304,4564,   2633,6612,   2758,2596,   1043,6422,   
-33.830734,10,0,0,493890,0,0,9094829,-963.5418071554114,-470.2596429472604,1433.8014500005108,-18550.974859662638,-9344.418599146355,203628.63580111074,548.3468,129.61131,   6985,3550,   5009,4394,   441,6508,   4947,4477,   5348,523,   
-10.881627,10,0,0,10469482,0,0,264160210,-974.3281169729314,-336.8188719840113,1311.1469889856694,-13873.501874375064,-3115.2215902455605,400837.0612967408,1274.9474,237.22403,   5163,6994,   5731,7685,   6453,6958,   3424,2299,   2073,7157,   
-13.349434,10,0,0,8726484,0,0,242338780,-871.1887567280355,-354.20131834456146,1225.390075228151,-14676.477263218392,-4202.335616014887,334752.2437303262,1099.4082,301.95593,   1385,6530,   3716,6790,   8086,2813,   3365,6621,   7626,7215,   
-54.554604,10,0,0,7984139,0,0,148530540,-2766.361507202712,-1191.8780368010196,3958.239542743583,-47634.73449885392,-17284.638565448295,587026.1359530424,873.157,169.06544,   6997,168,   2064,5292,   4559,6316,   2994,3398,   5249,7376,   
-58.943455,10,0,0,11598323,0,0,371609920,-3446.337055426642,-910.4805239602904,4356.817581220765,-62069.181904024714,-9527.79306063083,1038569.3561763493,1053.0293,224.48633,   4565,8094,   3054,5359,   3833,734,   35,619,   6547,4111,   
-21.843018,10,0,0,8083210,0,0,240076320,-1425.3213340398079,-450.06665997889473,1875.3879941330601,-25820.25266197919,-4668.901598794465,400167.9299968496,1182.0826,208.99583,   3188,459,   522,2321,   5037,454,   8270,6654,   4744,6064,   
-27.01858,10,0,0,2904844,0,0,101004130,-1407.2729432468527,-464.4263269193556,1871.6992700654544,-24688.38793390875,-4996.494590290272,533631.5302122039,913.756,177.11003,   3142,6761,   5287,6568,   1962,4994,   4929,438,   3125,136,   
-3.164605,10,0,0,1010594,0,0,35361744,-325.9344740185402,-149.6533850961863,475.5878585232728,-4544.951297503498,-2231.6262231913993,130396.29956201669,1436.1829,258.6316,   3963,25,   5486,3133,   2591,1727,   3475,6792,   2956,7351,   
-96.35448,10,0,0,4096715,0,0,108184050,-4458.406100083748,-1862.716634889438,6321.122735081226,-65902.00238710985,-17725.98046618038,1180000.039039077,683.9537,318.1007,   2777,2746,   74,3515,   4027,6537,   8081,8179,   255,4104,   
-2.1098514,10,0,0,6670635,0,0,276549180,-221.09339843369474,-97.92733622115401,319.0207346360083,-4069.8306884016215,-1534.5684714648078,102869.60589682241,1928.9656,322.54376,   6482,4776,   7090,7620,   4233,6240,   2806,4922,   3397,7275,   
-8.401374,10,0,0,5964920,0,0,277509950,-484.5602965501341,-207.73314032013542,692.2934366791541,-11516.760241458427,-4094.8408959927146,70528.4209840141,1370.8186,330.8617,   4240,8032,   5929,6410,   147,3163,   3409,5825,   8165,3309,   
-119.01957,10,0,0,2272010,0,0,71352536,-5249.92815673885,-1838.4590747060067,7088.387229824858,-109316.20012202965,-32965.64756512403,591396.895373991,918.47253,205.38843,   5415,1477,   3697,5828,   3286,396,   6687,1771,   2541,3860,   
-0.753003,10,0,0,15031718,0,0,928574100,-87.21160982958254,-32.941746385164166,120.15335624118445,-1493.6622735380154,-495.9333211689834,76781.57767677234,1983.6073,288.6164,   5349,5186,   183,7457,   2090,7623,   1371,6301,   7336,4787,   
-37.068775,10,0,0,2258428,0,0,68701890,-1902.4794942004687,-743.5934632488634,2646.0729576340145,-35135.6238456022,-15644.989319346067,399023.80607168254,947.8496,233.20148,   7356,6989,   3394,4117,   3111,3181,   5253,2099,   3368,864,   
-4.3273554,10,0,0,4465733,0,0,103904704,-273.7042258561421,-122.6302229240704,396.33444892591064,-4985.739492875192,-1856.730790088818,125213.97035951747,1152.1447,197.62479,   3128,2256,   13,5382,   7125,5004,   1078,1261,   4334,3836,   
-0.31427455,10,0,0,14408695,0,0,302912000,-35.380615035089505,-15.401343229783725,50.78195827713735,-549.4764800609325,-172.371078218074,28798.42648329878,1748.3965,280.1568,   7988,1035,   2380,7973,   1925,7489,   7849,6908,   4319,960,   
-4.5502615,10,0,0,3160657,0,0,92751410,-619.3560181567484,-320.840469774995,940.1964882057407,-7891.675297208703,-5449.570242768609,421785.1191772834,1734.3345,290.2378,   1791,5543,   6925,3378,   4389,6861,   6519,8015,   2717,104,   
-156.58119,10,0,0,7686452,0,0,184797660,-6886.961359680764,-3241.0686307823817,10128.029990506187,-113699.53349535259,-54925.65747067983,1688163.8138710079,726.1379,175.18045,   3579,4588,   6839,1677,   731,3093,   5172,3236,   331,5522,   
-207.31058,10,0,0,6653558,0,0,84568296,-8737.741586446553,-3319.949121660065,12057.69071139131,-151641.28145118817,-44927.147699170884,2367335.2616215637,731.4691,134.11197,   6545,110,   1967,3499,   5234,6320,   4608,3856,   2192,4057,   
-19.507982,10,0,0,11450125,0,0,220766110,-1246.8163294267229,-614.0061099529311,1860.822438712065,-23342.5394452297,-17039.28962021272,519864.515528469,1196.5635,209.98758,   3768,6780,   6215,2408,   7508,6021,   3767,5071,   992,264,   
-96.40644,10,0,0,7927932,0,0,141942180,-4859.690451080448,-1366.0905827807856,6225.7810337356395,-91849.27128563424,-15000.866044011753,1117962.8346276854,952.7297,339.3702,   6920,1498,   6979,4230,   256,3400,   2632,703,   7242,7268,   
-36.108986,10,0,0,4447940,0,0,166273570,-2456.8403435892396,-786.9969685648911,3243.837310086286,-39411.03078954023,-7423.163436603812,503147.351652434,1091.4467,242.1528,   2316,4612,   6576,7233,   2850,1681,   3576,3425,   6579,6504,   
-3.7839408,10,0,0,927583,0,0,54553476,-233.53721085654487,-69.2653188525833,302.80252974406835,-4600.783517634657,-870.9135401711446,61054.488411920385,1215.871,230.02893,   2252,2662,   5823,7095,   4771,5234,   6808,4431,   2605,3146,   
-11.166374,10,0,0,12137630,0,0,582567170,-1203.4942675528312,-326.8094306910832,1530.3036986991594,-19359.451683681174,-3151.1453583284847,560761.4584430199,1733.7275,276.00613,   7762,101,   2244,67,   7037,5046,   1566,6172,   3242,1834,   
-5.9002886,10,0,0,18867653,0,0,642605630,-463.49951608403313,-181.40710864613078,644.9066246922296,-10039.493606921757,-2363.0983049224005,101077.8134553465,1701.5258,333.58063,   3688,3905,   5050,3359,   1740,7592,   203,7418,   7993,5826,   
-23.451311,10,0,0,20138512,0,0,682185860,-2954.8518841409377,-839.2335830936147,3794.085467607846,-47277.345066701135,-8492.429848344906,1883739.1620097016,2015.9786,307.73563,   2444,341,   6927,2924,   6447,4258,   4110,8320,   7894,3458,   
-10.500347,10,0,0,3268419,0,0,189625250,-678.8988594474881,-131.5068305045597,810.4056894639862,-12537.005595004473,-1308.1787270469547,54326.71140390224,1193.961,281.86636,   5027,6636,   6534,4095,   7942,2215,   2367,6509,   195,6239,   
-99.377815,10,0,0,2978339,0,0,44592328,-3285.301380582688,-968.1086677763307,4253.410043776591,-60367.212711358836,-21830.28165823808,616762.413718188,607.4516,159.04411,   115,5839,   182,4745,   2815,6783,   6047,2464,   5354,5615,   
-10.063841,10,0,0,9716096,0,0,419825820,-946.1484907741944,-352.84941596452364,1298.997907895455,-17914.54905871633,-5482.146689571119,298740.11464958923,1780.0906,293.9065,   5030,7826,   4874,5214,   701,7420,   1610,7755,   2055,2779,   
-36.687458,10,0,0,11619674,0,0,274566600,-3491.131487579,-1559.4366232187137,5050.568108818898,-61129.895990490244,-40578.984206616165,1493616.4064422627,1666.2341,304.4132,   936,1682,   6714,8220,   5242,5487,   5807,955,   3853,7961,   
-15.763706,10,0,0,13752069,0,0,890819500,-1351.7056898664869,-476.42441772585386,1828.1301066735728,-22906.712239590302,-7473.511161485144,336502.20898566087,1453.1299,265.4694,   5224,2130,   7222,1753,   5711,5041,   159,2181,   108,8099,   
-412.50735,10,0,0,8385441,0,0,125843710,-16681.038556643147,-5546.242686282862,22227.28123260173,-293744.1559383629,-68662.23523011811,2749518.1654544417,712.09436,168.74973,   6646,1646,   2965,2279,   6863,5637,   1762,1319,   3394,522,   
-22.758064,10,0,0,13884346,0,0,945766300,-2348.0416152265548,-881.8761606065477,3229.9177750340946,-34833.70802096603,-9501.712230498439,934592.029508991,1530.6094,297.45346,   604,3048,   4454,5852,   5303,6868,   7560,397,   7939,5764,   
-169.59657,10,0,0,5673805,0,0,98301744,-13409.660256615247,-4702.007438149671,18111.667695920107,-212855.76137341795,-59688.842516748984,4541584.429773089,1255.0712,276.16113,   975,5092,   7047,5829,   390,2900,   603,3120,   7938,4095,   
-1.2769341,10,0,0,16066353,0,0,440488260,-144.87915523699024,-69.47847234153437,214.35762761246357,-1944.3244756963536,-842.9135439755496,91266.93618087188,1522.6505,311.34818,   7261,7865,   7647,2391,   4568,7726,   7152,4435,   1357,8040,   
-2.9394906,10,0,0,9698032,0,0,349763620,-238.15089512471764,-102.43878906724846,340.5896842062714,-4922.984666671118,-1693.5630563790562,107183.72683013618,1674.7749,289.13736,   3724,4487,   5996,3330,   7357,2176,   6111,1370,   4885,7278,   
-3.3033721,10,0,0,4961035,0,0,235297600,-217.02917510738206,-104.8511291076867,321.88030399706213,-3836.9440642511067,-1904.3054046428058,73136.9794550806,1161.5234,234.65416,   5916,8197,   2677,2780,   7123,1554,   3035,5572,   1888,3962,   
-44.013897,10,0,0,10169952,0,0,243864770,-2195.172287813309,-864.9693339151069,3060.1416220977017,-42760.083050501504,-12305.019613057324,725585.8113557214,971.5132,248.8295,   5033,7078,   1816,7734,   1696,1175,   3836,2062,   1283,6013,   
-13.692142,10,0,0,11780518,0,0,550747600,-1169.056487680361,-402.20929545887947,1571.265782947357,-20671.190057627176,-5305.510159702097,445452.47420216515,1509.7119,327.11905,   8152,3125,   7476,8335,   2039,4924,   7532,3716,   6907,6649,   
