idx,score,depth,netChgRoad,netChgBus,netChgRail,netSavedMinsRoad,netSavedMinsBus,netSavedMinsRail,savedMinsRoad,savedMinsBus,savedMinsRail,deltaDkRoad,deltaDkBus,deltaDkRail,deltaLkRoad,deltaLkBus,deltaLkRail,railNetworkKM,LBar,gameState0,gameState1,gameState2,gameState3,gameState4,gameState5,gameState6,gameState7,gameState8,gameState9,gameState10,gameState11,gameState12,gameState13,gameState14,gameState15,gameState16,gameState17,gameState18,gameState19,gameState20,gameState21,gameState22,gameState23,gameState24,gameState25,gameState26,gameState27,gameState28,gameState29,gameState30,gameState31,gameState32,gameState33,gameState34,gameState35,gameState36,gameState37,gameState38,gameState39
0,-1052.7904,40,0,0,4633931,0,0,700.1826,0,0,33704068,-22138.236334175497,-6660.611348929127,28798.84768332988,-375615.06245650986,-89161.76227563409,1554985.9200260497,356.78046,300.5262,   6001,5988,   8159,8167,   3270,4753,   7342,7342,   747,376,   7766,7400,   1018,1386,   4766,4756,   2933,5752,   4822,3283,   8174,8152,   8310,7850,   106,6227,   7221,7278,   4943,4896,   1478,1525,   518,538,   7794,7790,   7368,7384,   2051,5216,   
1,-787.8966,40,0,0,3552706,0,0,733.61145,0,0,18947054,-16351.230248975833,-5372.440088993382,21723.670336855357,-289050.0577471466,-71776.93346580042,1174999.4863584798,366.86295,253.68073,   8124,7512,   4664,4723,   6378,2014,   185,282,   797,934,   4550,4560,   6543,3125,   1416,2637,   5873,5874,   7060,7071,   5976,7028,   1234,5961,   1529,1471,   8132,8141,   6090,6096,   7565,7754,   4901,6713,   5656,5633,   3812,1467,   4837,4808,   
2,-677.7771,40,0,0,4656063,0,0,547.3094,0,0,23711146,-14618.811225801537,-5149.341251965349,19768.15247450559,-246836.46145633058,-68506.64049497434,997403.5855753969,364.1853,309.60434,   7771,7747,   7621,7751,   4665,4630,   5727,5282,   2129,2000,   4098,4092,   6116,6131,   7282,7270,   7889,8086,   5263,2062,   2845,2754,   4406,4486,   7829,8214,   738,890,   6473,4311,   2148,2162,   542,146,   4412,458,   8173,7421,   3738,3792,   
3,-497.70883,40,0,0,3419182,0,0,744.46545,0,0,19940124,-11657.388657235742,-4595.928505008014,16253.317164014385,-192867.69393875386,-53413.12949992769,783524.3860287708,387.51108,299.22757,   6639,6639,   3778,3765,   7566,7717,   513,3363,   1153,1591,   8033,8268,   4689,3225,   3154,3900,   754,219,   7027,7162,   3535,6418,   7223,7276,   8120,8415,   1445,1461,   2325,2386,   1027,1344,   958,5185,   4242,6766,   7371,7364,   6874,3850,   
4,-504.67056,40,0,0,1522546,0,0,567.7498,0,0,5098598,-8602.100780203982,-3234.4739334713963,11836.574712931715,-157480.78076062136,-49599.17848864212,586165.2953495987,312.0467,208.22041,   5843,5812,   5389,5389,   2768,2740,   8103,8310,   6341,6389,   60,926,   4658,4639,   2155,6364,   4085,4009,   4572,4574,   4131,4133,   4273,4242,   3863,1307,   6594,6582,   6584,2081,   6121,4436,   3178,4139,   901,129,   2231,2233,   5430,5433,   
5,-818.55023,40,0,0,4055536,0,0,596.5154,0,0,14144258,-15275.981876786569,-5337.4360265647965,20613.41791502344,-293365.10538474,-87817.80783860038,1155326.6585666533,358.39597,227.63876,   75,473,   7150,7057,   6405,6401,   8416,7667,   5852,5829,   4323,4314,   4012,5759,   6556,2001,   6737,4910,   6154,6159,   4874,411,   3,409,   1669,4082,   3377,6325,   4528,1272,   5223,6341,   7020,7182,   7749,7567,   5179,997,   5153,2681,   
6,-918.3055,40,0,0,4278269,0,0,712.75507,0,0,16365579,-21987.26032524897,-6084.888334962836,28072.148654387936,-403222.7989954276,-68691.58268554826,1673036.7099375958,439.09442,342.56403,   3413,3429,   7700,7555,   7293,7285,   5028,4938,   6655,4745,   2658,6788,   7922,7928,   213,761,   3290,4739,   1301,2660,   7965,7963,   7872,8085,   8435,8091,   4772,4521,   8172,7783,   5206,5146,   5549,5523,   4397,458,   3721,4856,   4302,4899,   
7,-395.51538,40,0,0,1450742,0,0,858.22186,0,0,4081529.5,-9314.94246545884,-3532.100267258928,12847.042733772509,-159635.87153911678,-49176.76537801009,610706.3970155822,403.61484,231.0228,   2862,5997,   1663,1758,   6973,6982,   7393,7373,   7706,7661,   5984,1949,   1,943,   1426,1449,   3193,3217,   1361,1019,   6427,3541,   4392,278,   2180,2199,   2851,2948,   1657,2528,   1803,1872,   8123,7825,   4088,1692,   6870,3848,   6119,4510,   
8,-569.43945,40,0,0,2697601,0,0,563.3223,0,0,13489864,-11365.243409187178,-4334.674928850135,15699.918338991754,-195283.72959297604,-66630.32357857526,752734.5872098925,342.9403,239.79045,   6921,6917,   5258,5290,   8169,8149,   5433,5440,   3771,3269,   7487,7487,   5717,5328,   912,318,   3292,3304,   3396,3389,   2406,2424,   7743,7576,   420,273,   1502,2647,   2550,1898,   4880,114,   5360,5357,   2928,2950,   3677,4851,   1203,3982,   
9,-650.9308,40,0,0,3277663,0,0,698.4332,0,0,12430614,-12843.213070991831,-4250.541074914791,17093.75414655152,-218085.00132228248,-78009.44982518218,860791.6437013787,335.0356,289.81287,   225,611,   7388,7368,   7353,7642,   7366,7373,   1483,1449,   5424,6167,   7334,7334,   770,339,   4500,4504,   5527,5551,   2514,2539,   4796,437,   4638,4672,   3753,5435,   8396,8197,   7120,6747,   7957,7955,   1088,2372,   5718,5752,   2383,2523,   
10,-406.59055,40,0,0,2445966,0,0,638.48737,0,0,11794414,-7494.8559826492365,-3479.190257357186,10974.046240091868,-142475.6243538934,-64642.93523232842,540040.7654866895,350.4155,190.53656,   2406,2425,   4557,1260,   4158,4160,   1999,1940,   5849,3233,   6555,6637,   1352,1092,   4084,1629,   7580,7695,   4372,4376,   5807,5870,   5274,5218,   3041,1165,   6623,4537,   3715,3417,   4969,4985,   1573,2636,   4426,4447,   3270,3674,   6902,6903,   
11,-706.6408,40,0,0,3051803,0,0,734.8802,0,0,13726030,-16280.929567383157,-4700.928644852062,20981.858215724034,-297246.8513905128,-73903.93576737115,1180671.8494151933,420.6477,215.51024,   4589,3463,   1683,4083,   173,4830,   3495,3668,   1148,1131,   7757,7497,   2795,2727,   1924,2055,   7865,7786,   6218,4655,   548,6694,   5275,5231,   4143,3146,   6583,2083,   6815,6816,   5999,3013,   6295,6224,   4609,3586,   6585,6369,   3017,3843,   
12,-553.12695,40,0,0,1550739,0,0,625.47595,0,0,6186977.5,-11124.133048016514,-3727.0003992269003,14851.13344910684,-199561.9155818455,-72794.74417533529,711846.9320799558,360.78864,192.7278,   5516,5486,   953,1308,   2983,5871,   2972,6624,   4308,3530,   6818,6817,   6189,569,   5354,5361,   6358,6347,   3576,4728,   815,6778,   6771,1118,   2692,5119,   3095,3089,   5446,5456,   4424,3294,   6785,276,   6501,6529,   7381,7377,   561,17,   
13,-467.89432,40,0,0,4857392,0,0,692.87427,0,0,19343598,-9087.188583345573,-2958.9368368984433,12046.125420899449,-172474.6349966274,-40495.127004225214,714112.0417512349,368.6188,213.9141,   6251,6251,   7683,7697,   7890,7916,   5854,3393,   1550,5211,   4686,3187,   2413,2402,   3262,3770,   3135,3131,   768,6183,   918,3431,   2942,5278,   5864,5835,   3554,4613,   5256,5783,   5746,4050,   6013,2134,   1569,1477,   692,225,   3856,3887,   
14,-993.89886,40,0,0,3002745,0,0,571.5353,0,0,9738906,-19010.71598661535,-5393.078854344072,24403.794846299108,-321650.18118887884,-71450.1653713589,1331562.1904604686,323.62466,255.78462,   6730,3610,   2775,2818,   3064,3086,   7897,7866,   7312,7310,   4376,4383,   1045,1040,   7646,8407,   3688,494,   7533,7589,   540,248,   540,110,   6154,6118,   2607,2548,   2433,2543,   2062,1932,   4884,249,   2221,2010,   4305,6445,   1928,1987,   
15,-839.6871,40,0,0,3413956,0,0,780.5622,0,0,14465449,-19495.323244135372,-5773.4659973592425,25268.78924597928,-326848.41506248206,-61665.428100266785,1376134.666536623,389.25024,240.8481,   5482,5389,   5173,2698,   1901,1881,   3498,3648,   4236,1828,   7368,7387,   2711,2718,   6491,6417,   2402,2536,   2920,4014,   1980,1937,   1090,2337,   4475,414,   7517,8323,   1185,3944,   3300,4480,   761,860,   5899,2977,   5067,1005,   1806,4241,   
16,-698.07227,40,0,0,3426625,0,0,684.5361,0,0,22113640,-14006.287204064438,-6860.574107740726,20866.86131281863,-252279.35682188885,-152547.33482755584,1441919.737117824,361.39432,281.40152,   5079,5101,   3165,4182,   1708,2546,   7050,7011,   4116,4110,   6831,6823,   2929,5766,   7906,8099,   7747,7757,   8291,8404,   5361,5339,   3101,7143,   7534,7541,   5676,5672,   3446,4849,   8294,7461,   5696,4066,   6279,3447,   5765,2947,   4962,4987,   
17,-949.66174,40,0,0,3374297,0,0,659.1357,0,0,11511918,-21417.261580905655,-7022.826286276352,28440.087871211304,-366509.33987743733,-101983.86330683154,1573304.8134205309,385.93674,228.53906,   4435,6097,   3193,4200,   16,896,   3344,3319,   6612,2000,   828,904,   1967,2072,   1238,1235,   3480,5522,   564,84,   1205,1200,   6300,6260,   4192,4679,   7976,8192,   1161,3085,   7657,8120,   1974,2036,   2850,5664,   1431,1541,   5807,5563,   
18,-1033.2887,40,0,0,3447693,0,0,482.98962,0,0,16537941,-19751.30909994934,-5265.804802157006,25017.113899652937,-347624.7684838057,-69882.50936074578,1293862.6952222022,336.42563,236.78375,   6186,613,   6888,6885,   5523,3628,   7048,7039,   3517,6451,   354,6786,   862,607,   4824,300,   8343,8129,   1377,1067,   6957,6987,   594,379,   1690,1683,   4590,6501,   105,351,   7459,8202,   8405,8420,   2862,5697,   3532,4312,   676,324,   
19,-619.9789,40,0,0,1269624,0,0,712.93207,0,0,5710966.5,-13064.038489472865,-4182.998204442627,17247.036700408564,-233895.13942503498,-53801.96012916475,864078.0894007788,377.26306,272.22833,   7640,8117,   3092,3127,   3718,5827,   5458,5467,   5873,2080,   7683,7678,   4590,4583,   2514,1644,   3325,4401,   844,348,   5574,5608,   2635,1403,   6801,6801,   19,168,   1486,3883,   7353,7725,   4752,4855,   2994,2194,   2077,2211,   7257,7221,   
20,-627.3648,40,0,0,3209686,0,0,581.9835,0,0,14034937,-10939.922346741685,-4428.439996436496,15368.362346555914,-201500.75413601767,-78339.48497853507,993888.1013999683,321.18594,225.8338,   5921,5953,   2267,5646,   2836,2833,   1358,1346,   5450,5403,   2394,2517,   2921,5741,   5324,5309,   2600,2571,   5407,5401,   7649,7713,   4575,4720,   1483,1501,   8121,8137,   613,106,   7374,7386,   5527,5550,   5094,5185,   5075,1414,   7032,7052,   
21,-442.54962,40,0,0,1489928,0,0,760.6171,0,0,5575561.5,-8574.611140312469,-3361.7783198060883,11936.389465438971,-155375.21574686878,-61231.76216362037,514153.7619635983,351.09106,257.7263,   1483,1522,   4318,5059,   5145,5207,   1656,2811,   2025,2077,   7557,7499,   8286,8338,   3243,3240,   2389,2301,   6656,6640,   3334,4398,   4184,3898,   2907,5255,   2092,2168,   1437,2652,   3658,4878,   3063,3035,   7829,7908,   8242,8000,   1624,1656,   
22,-619.05334,40,0,0,4605997,0,0,693.16785,0,0,13449073,-12894.250244096349,-4147.906888925293,17042.1571268264,-228270.94151288446,-52967.59250970988,909971.7462699198,368.74194,214.79987,   1449,1419,   3650,4750,   1671,2541,   6654,4870,   3579,3601,   4656,3558,   4711,6527,   446,886,   7910,8385,   5168,973,   6077,6027,   5219,5231,   7474,8376,   5791,6366,   6987,7040,   1989,2236,   2310,2419,   6717,1046,   468,3327,   2987,5874,   
23,-462.61917,40,0,0,1973178,0,0,648.1941,0,0,6959104,-9893.20764509002,-3359.650981056471,13252.858633376736,-182812.97667696245,-44179.0413773854,671786.614176747,395.1695,282.04376,   6108,6093,   954,5066,   2059,2005,   3393,3462,   1178,3045,   4516,3614,   8202,7476,   4109,4109,   4682,6686,   7313,7320,   1165,7128,   595,616,   1308,2671,   7266,7281,   583,3443,   5332,5325,   5108,2691,   3146,3161,   4603,6416,   1687,1740,   
24,-441.90897,40,0,0,1717824,0,0,666.38574,0,0,5506884,-7814.753037866837,-2699.7013985119843,10514.45443720986,-133525.5033385161,-40796.09022214514,449935.33557599236,302.15613,232.10373,   4494,3312,   5481,5475,   3171,3185,   6123,5481,   796,321,   5623,2556,   7390,3968,   3221,4201,   2349,2421,   5266,2891,   3688,3420,   3614,3631,   5131,2282,   3474,5552,   6094,4439,   8159,8155,   6652,320,   6160,6161,   2947,4069,   1155,6746,   
25,-480.92685,40,0,0,2557598,0,0,703.2504,0,0,16437370,-11569.211670483837,-4432.40386632433,16001.615533727887,-199941.6837134468,-52743.229755120876,833996.1169975584,415.7424,232.19902,   1077,1404,   7444,8271,   1390,1381,   2687,1424,   5996,6001,   782,6226,   1813,4247,   1268,1268,   6414,6397,   8262,7432,   6804,6827,   3845,6870,   2667,5083,   2347,2414,   3044,3076,   3167,3910,   3907,3904,   2215,5985,   4580,4648,   1210,1693,   
26,-885.75635,40,0,0,2673584,0,0,612.8049,0,0,10062712,-19139.659356068172,-5074.523983370456,24214.18334032506,-347960.22583505063,-64763.69122479052,1250987.5938893599,392.83966,185.69885,   187,4868,   1424,989,   194,23,   4225,5604,   1089,1371,   1593,1126,   4245,1785,   1098,1080,   1915,6348,   3961,3962,   2420,2512,   1295,1075,   2299,2334,   4069,5233,   4614,3603,   4761,100,   1670,4084,   109,4880,   5715,1722,   8060,7979,   
27,-673.9375,40,0,0,2795181,0,0,871.9886,0,0,12039391,-15021.514230706749,-4210.60469902893,19232.118933857026,-270361.0132749954,-53271.7865676313,1169614.8594993278,401.1663,197.45474,   3795,3748,   3944,3943,   2056,2024,   2467,2369,   4702,6420,   4447,4484,   1460,5188,   6378,2014,   6273,6225,   6763,5725,   4549,6617,   3644,3793,   493,119,   6832,6819,   748,240,   5094,5187,   7999,7540,   6446,6648,   2145,2120,   290,4796,   
28,-735.0089,40,0,0,4424176,0,0,694.4266,0,0,22694032,-17705.851660273693,-5300.031064288585,23005.88272341997,-294798.23773415486,-60608.21128120921,1276694.7432178846,401.0812,332.51675,   38,169,   8183,7972,   7329,8179,   7967,7965,   1520,2654,   1396,2638,   4890,4899,   6370,2169,   7315,7418,   5732,2930,   4704,6263,   2299,2347,   3182,4152,   5828,6743,   1393,1546,   388,381,   7222,7271,   6085,2118,   28,4764,   7289,7277,   
29,-708.33624,40,0,0,2174588,0,0,583.5398,0,0,7159596,-12826.466782952333,-4390.794252228486,17217.26103080285,-229571.9300303711,-71061.37732111648,852569.8156055412,324.10022,227.10397,   1068,1350,   3261,3751,   467,4366,   2242,2981,   3542,3583,   1017,1336,   6209,6288,   2930,2944,   7157,7127,   1590,1461,   1977,6627,   872,458,   5624,5626,   7851,8139,   4286,4286,   3990,1195,   7343,7987,   386,18,   2859,5998,   2371,2384,   
30,-389.89807,40,0,0,1721460,0,0,652.4746,0,0,13061073,-7470.174891228434,-3647.1522553423033,11117.32715223902,-135949.1291647479,-51947.0925538268,545972.1142543269,348.67862,277.2751,   3508,6488,   4876,4831,   5464,5453,   4995,6737,   4634,4604,   4806,3653,   5718,5700,   7582,7553,   3694,6272,   5983,2073,   7477,8101,   1776,1778,   6872,3807,   5477,5408,   6884,5893,   7930,7955,   2973,6897,   6506,3051,   3108,1264,   6446,3507,   
31,-701.58813,40,0,0,2665050,0,0,511.4863,0,0,9163855,-12864.662064739261,-4712.38483058977,17577.046891750393,-220169.43640305471,-68692.68980584377,838340.5917098504,313.8158,278.34113,   2069,6386,   1127,1139,   6471,3517,   2725,2727,   5461,5479,   4879,409,   1579,1141,   5684,2837,   6423,6411,   529,663,   7398,7432,   1502,1456,   4236,1906,   146,77,   7639,7637,   6847,1478,   1775,1885,   8205,8363,   3788,3737,   2665,1580,   
32,-826.6587,40,0,0,2493321,0,0,556.9164,0,0,9589159,-15475.164052922413,-5060.0178806809845,20535.181929899667,-285624.1101858233,-77906.1007291008,1064808.1583908563,345.5164,244.94815,   6721,5335,   4574,4574,   6349,2902,   6451,6221,   8051,8272,   4224,4263,   1376,1047,   2222,6012,   6396,6482,   4754,112,   723,295,   2429,1603,   455,397,   1296,1393,   763,904,   3239,6492,   1510,1502,   6169,5424,   7256,7256,   3928,3955,   
33,-837.0966,40,0,0,3229602,0,0,488.9893,0,0,12664478,-12887.9479413393,-3816.0984148067046,16704.046355832492,-223019.42674505681,-41829.71405571169,990011.5415671623,266.42017,232.51045,   7196,6838,   802,6640,   1145,6848,   412,6645,   2577,2558,   1616,2351,   4903,4906,   5278,5233,   1415,1477,   7563,7613,   3561,3559,   1677,1661,   4675,4725,   5859,5857,   4259,4251,   8289,8070,   3793,3792,   2498,2346,   1504,1493,   7381,7374,   
34,-687.05475,40,0,0,1976459,0,0,701.5307,0,0,8209985,-15026.497205093947,-5063.716299817128,20090.213501125265,-262163.4330629928,-71755.23181971742,963378.2169994268,381.57574,214.86592,   2677,999,   2639,6848,   4490,4494,   297,13,   6121,4496,   2138,2087,   2792,2722,   4253,2611,   4464,4465,   3486,3493,   2054,1992,   3960,5108,   1241,1249,   709,4977,   7342,7336,   2908,6341,   5537,5542,   582,299,   7032,7009,   5889,6873,   
35,-542.36,40,0,0,1520121,0,0,548.635,0,0,5403551.5,-6820.5709575287865,-2333.2018620365106,9153.772818531083,-131206.70314949064,-28468.588762905554,383359.3943368145,241.9181,272.88968,   7161,7133,   726,321,   4964,4974,   1683,1694,   1122,1407,   6988,6986,   7653,8108,   7359,7363,   5988,6038,   6862,6862,   6462,158,   1198,1202,   7282,7282,   5672,5670,   86,299,   7364,7371,   1404,1445,   3398,4579,   1273,4526,   7380,7384,   
36,-521.64636,40,0,0,2274584,0,0,630.0351,0,0,7549409,-9740.389448459551,-3626.0866991073676,13366.476146000508,-184107.4748590773,-47274.24503574029,730259.1593002826,352.9354,303.96246,   3892,3854,   6842,3847,   3707,427,   7929,7927,   7662,8433,   4495,5014,   3583,4691,   7911,8204,   4556,4555,   3657,3493,   8278,8060,   3037,6537,   6044,2188,   1241,1238,   1860,1825,   7839,8064,   8221,8223,   3458,3370,   2363,2506,   153,3357,   
37,-574.8575,40,0,0,5321567,0,0,820.0198,0,0,12295208,-13259.117941084263,-4149.186849736059,17408.304791074577,-235130.9945378443,-52713.395709393946,921453.4841300491,409.02487,255.41913,   3934,3933,   5416,5398,   6146,6142,   7308,7328,   6507,6500,   180,608,   6235,6250,   4320,4976,   2983,6059,   4760,4860,   7456,8210,   6854,2638,   502,6693,   81,131,   3516,6478,   4028,4088,   5148,5101,   6038,2103,   59,401,   1205,3990,   
38,-543.0756,40,0,0,3830045,0,0,894.96564,0,0,19709796,-12149.786842599557,-5251.920128163641,17401.706970419193,-196669.97306414426,-79105.07994576987,905852.0642097881,362.14105,234.98604,   5661,5676,   3599,4619,   2442,2381,   6733,2328,   6815,6815,   5893,2995,   2505,1639,   7999,7685,   6975,6935,   8115,8287,   7417,7775,   7785,8332,   1414,1417,   7694,7551,   8240,7991,   6792,6791,   6720,5537,   1949,1944,   2659,1119,   2597,4239,   
39,-469.17908,40,0,0,2071486,0,0,734.183,0,0,11898055,-9961.897700526608,-3575.02174689359,13536.919443333702,-188925.80164605586,-43115.747851660184,662272.0907957269,402.6731,278.2898,   1665,2545,   2504,2523,   1576,1417,   3221,3224,   5510,6719,   4344,5060,   3176,4102,   8001,8239,   7462,8086,   3439,6286,   4172,4170,   2573,2619,   6686,4662,   4588,4594,   7465,8334,   3452,3724,   6214,4577,   4518,4381,   3920,1191,   5896,2978,   
40,-340.87476,40,0,0,1944837,0,0,832.23175,0,0,7505450.5,-7431.793325456979,-2868.890396912328,10300.683714571027,-118231.421653927,-40699.8249174256,503254.8058851672,346.8471,273.5342,   8103,7873,   4087,6725,   5527,5555,   5386,5399,   6648,552,   1617,2490,   6996,6984,   1334,1328,   3565,4673,   223,622,   5002,4998,   5141,5165,   4910,5035,   1903,1775,   7375,7389,   3751,5430,   7101,7084,   8320,7470,   1484,1484,   8288,8359,   
41,-1156.8038,40,0,0,7948956,0,0,519.904,0,0,11463224,-20343.616898730506,-5134.395864817405,25478.012771460406,-352922.404077407,-63782.22529564745,1249592.9457868412,305.08405,231.8332,   379,180,   6514,3247,   5737,5704,   6414,6400,   1274,6624,   6149,6172,   652,207,   3692,238,   6819,6834,   3402,4649,   5205,5122,   4323,6715,   7397,7394,   7867,7897,   3160,3143,   3045,1170,   5708,1638,   3866,1333,   415,53,   854,6201,   
42,-390.9215,40,0,0,2184124,0,0,775.85034,0,0,10232430,-8020.310729790819,-3095.870129507736,11116.180858962847,-135868.57507604544,-58762.56441713592,441866.75652310636,347.55975,272.98743,   1390,2672,   7729,7770,   7729,7576,   573,740,   5934,5956,   7924,7945,   2264,2399,   2807,2772,   5438,5437,   5790,5563,   5923,5915,   8,67,   5379,5458,   1088,951,   6219,504,   757,902,   5077,1443,   4768,4739,   5525,5527,   7787,7815,   
43,-373.87454,40,0,0,1419589,0,0,544.688,0,0,9547529,-6580.1968143270315,-2557.9344966190993,9138.13130868933,-123687.53738121643,-41749.45682543613,419590.6054761066,330.82632,252.48721,   5967,5931,   4327,4319,   6858,6861,   1574,1513,   6275,6326,   6673,5214,   3034,6509,   2068,6366,   7161,7164,   2007,2127,   4303,4341,   7667,8419,   6389,5255,   7347,7348,   5797,5802,   6907,6903,   7237,7232,   4738,459,   6707,5249,   2166,6017,   
44,-584.3433,40,0,0,1626153,0,0,687.4023,0,0,6411094.5,-12202.006067831708,-3579.4865676676104,15781.492635188224,-235109.3062849984,-48232.588607257785,818027.9523485999,402.3479,212.63936,   3705,4765,   2166,6019,   1779,4257,   3395,4720,   1777,4232,   7745,7756,   3365,3458,   6138,3746,   3183,4147,   6495,3240,   144,875,   6217,770,   1398,2636,   3461,6282,   2280,2522,   519,500,   4974,4959,   23,950,   3762,3261,   6128,6144,   
45,-839.5467,40,0,0,2238213,0,0,555.23047,0,0,12054275,-16936.719964457392,-5926.314666804977,22863.034637272904,-302680.7002619795,-83121.78431545375,1323570.9653892058,360.52872,215.99255,   874,110,   2106,6667,   5462,5377,   5137,5079,   6081,2181,   323,227,   5935,5975,   6179,912,   8164,7402,   4952,727,   3469,3720,   4213,3214,   5458,5453,   1845,5593,   4034,5752,   4711,4706,   7163,7162,   1713,4082,   4020,5733,   4476,184,   
46,-589.284,40,0,0,1072173,0,0,797.8274,0,0,6091364.5,-11525.753843888046,-4655.697605358278,16181.451445229795,-217662.5547820618,-77954.78345633956,796579.3876576182,369.36786,215.96066,   1469,1128,   1604,2446,   6673,5490,   5666,2589,   6376,5795,   7064,7055,   4801,3779,   4424,4403,   5076,5170,   2797,2731,   6677,5284,   7580,7990,   8424,8134,   3124,6517,   6300,6287,   1993,2008,   4622,4602,   2138,2108,   2540,2488,   4978,3334,   
47,-1467.9324,40,0,0,5620034,0,0,451.75726,0,0,12971398,-25153.036840388955,-6339.630345802064,31492.667187985477,-438885.74301055504,-66981.41900168726,1748347.5422249646,298.98227,241.64836,   7348,7349,   1305,1040,   717,203,   5500,5555,   2612,2620,   2650,1515,   3600,3608,   3068,3090,   1138,1523,   6027,6076,   3979,3982,   7531,8422,   451,844,   6913,6911,   381,168,   2625,4270,   2347,2387,   1971,2009,   4586,4696,   6018,6003,   
48,-1072.9701,40,0,0,3562470,0,0,544.5242,0,0,13461180,-21356.8112919983,-7084.491178715462,28441.302463922177,-379702.9722148492,-126324.72902460163,1639487.3994305835,353.8803,195.03676,   1393,2653,   4721,3574,   4238,2553,   6602,2110,   572,905,   2049,6380,   604,701,   2810,1640,   5788,5558,   1137,1534,   3134,3088,   4261,1873,   2357,2382,   2783,5300,   1621,1640,   7863,7885,   5722,5778,   6822,6831,   2046,6328,   3684,3718,   
49,-1016.38184,40,0,0,3756412,0,0,976.932,0,0,12198232,-19199.04546534955,-5297.912734952161,24496.958192570095,-341423.75714736525,-89360.65058895858,1441995.2223675915,335.92075,225.8765,   7131,7135,   587,345,   7623,7615,   6275,933,   1632,1641,   4440,4431,   4852,348,   3678,3720,   2655,1388,   7395,3966,   2515,2518,   7845,8356,   7133,7159,   1948,1984,   6812,6814,   6970,7006,   6568,6606,   5160,5125,   3752,3266,   2188,6050,   
50,-454.62106,40,0,0,1610886,0,0,821.0739,0,0,9326188,-11107.04868515699,-4319.413653100644,15426.462331786926,-175882.85326512132,-47834.27883919431,857220.7602172575,386.87793,247.59694,   6366,6353,   5961,1224,   5270,5358,   7166,7077,   3972,3968,   2842,5651,   7254,7257,   1073,5163,   6473,3524,   3558,3548,   1441,1476,   7207,7237,   2857,5256,   4635,4721,   5438,5437,   1736,1613,   1157,7142,   2101,2210,   1483,5185,   2461,2315,   
51,-450.45898,40,0,0,1027149,0,0,808.47687,0,0,3976560.5,-9197.347140418198,-3023.800868462294,12221.14799778967,-168193.1207250556,-40926.502682662736,582660.3481703302,373.38165,274.66547,   8170,8156,   5853,5832,   2906,6707,   755,412,   4911,5009,   7649,7656,   6882,5890,   5961,1235,   6863,1466,   5808,3674,   459,6710,   6557,2236,   8032,8032,   5978,7025,   1550,1589,   6638,6603,   7265,7257,   987,1119,   7467,7788,   1413,1440,   
52,-591.1526,40,0,0,3999871,0,0,651.13794,0,0,12072537,-13220.999696529414,-3945.704540716461,17166.704231740925,-224254.330757645,-44559.44883436595,820741.32529008,379.351,265.72244,   4110,3178,   2392,6732,   7214,7272,   2204,6627,   2467,1634,   6888,6892,   1806,1812,   1579,6849,   266,6658,   5882,2982,   2290,2315,   1365,997,   7271,7204,   3632,3767,   478,496,   2450,2442,   227,402,   4730,4722,   5906,5908,   7202,7203,   
53,-450.55664,40,0,0,2258975,0,0,760.74097,0,0,7168917.5,-10432.305832170221,-3603.7081491422186,14036.013985188225,-197796.5560148863,-71743.62904577501,680425.4627686501,439.00488,240.51599,   8422,8295,   4794,180,   5741,5751,   5488,5520,   8376,7469,   2786,5301,   4282,3526,   732,282,   353,228,   1128,3855,   4078,3007,   7648,8417,   6605,6373,   8050,8267,   5762,4034,   2400,2427,   1106,1437,   728,636,   5570,3476,   3411,3372,   
54,-700.4232,40,0,0,3239938,0,0,750.8311,0,0,17565706,-15691.317052951817,-5044.010804486077,20735.32786329655,-256574.13512328343,-61506.588827627544,1199011.543160286,366.31302,293.39133,   3302,4921,   5421,6177,   122,470,   852,6199,   2052,2006,   6823,6829,   5465,5380,   4679,3571,   7074,7125,   2760,2756,   7182,7151,   7151,3099,   7881,8128,   6487,6475,   8405,8094,   5045,6689,   6698,1776,   3556,4643,   8293,8430,   7872,7878,   
55,-748.83356,40,0,0,2183573,0,0,757.48975,0,0,9439615,-16408.931549066332,-4777.496779117441,21186.428329402104,-294240.28258060536,-67697.02948207161,1252321.8400735988,392.9315,224.03369,   901,11,   5404,5412,   4452,4415,   5079,981,   881,818,   5801,3665,   6110,6160,   1728,1752,   7415,8178,   646,6200,   5239,2950,   7995,7627,   5940,5960,   5968,5947,   5221,6351,   3286,4851,   5799,5860,   3086,6746,   1062,1357,   1084,979,   
56,-433.47006,40,0,0,1889679,0,0,666.54926,0,0,6301585,-8517.263091108156,-3870.0436921301925,12387.306780786712,-152249.17170609607,-69005.88235716308,675527.0119835311,351.23343,286.0358,   4033,4039,   6277,596,   7363,7706,   2243,6045,   7362,8154,   6675,6768,   7639,7639,   6510,6518,   525,6288,   5708,4038,   635,35,   3978,3968,   2734,2812,   2970,4554,   4773,4426,   4209,3211,   7235,7201,   3847,6864,   4288,4317,   6832,1136,   
57,-696.8844,40,0,0,2559953,0,0,505.5407,0,0,12979573,-13204.694536948982,-4675.274286461034,17879.968820822316,-235718.69410768605,-54201.74316385855,843202.948548766,338.24646,246.74373,   4660,4732,   5884,6873,   786,445,   8019,8024,   1372,1316,   6571,4523,   7395,7390,   8347,7890,   1745,1735,   8086,7474,   1740,1721,   2502,2439,   2512,2429,   1173,6540,   4580,4722,   2918,5237,   1248,1245,   1322,1045,   2820,2810,   1070,5069,   
58,-1011.45685,40,0,0,4911728,0,0,687.13715,0,0,19985152,-21805.772982657636,-6038.1188138329235,27843.891798846733,-373772.4078019156,-78335.37152735755,1541206.6525157995,369.53867,253.96915,   7429,7763,   5291,2049,   4932,4933,   3787,3770,   187,11,   6207,6466,   5959,5962,   7925,7925,   4627,3567,   4424,4407,   2140,1933,   1227,4090,   1396,1290,   169,404,   2214,5986,   943,652,   3351,75,   1357,1335,   7161,7036,   7798,8388,   
59,-1140.241,40,0,0,4262609,0,0,676.9395,0,0,14887346,-22039.908000756866,-6655.725225049495,28695.633231306965,-400831.55115630553,-78106.01590746742,1564599.6932453061,351.53232,221.5536,   140,873,   7353,7719,   786,409,   5827,3687,   4989,137,   5750,1750,   1053,1319,   5716,5718,   4370,747,   7496,7556,   2621,2560,   1483,1468,   7575,7557,   4952,4364,   5124,2678,   1919,2052,   2226,2189,   5153,5132,   1562,1564,   2027,6364,   
60,-546.1381,40,0,0,1693587,0,0,671.172,0,0,8602719,-11296.287673810892,-4534.274218632345,15830.561890700263,-211966.25571112122,-79739.28978750257,860547.8320560319,388.11838,211.27847,   5827,4760,   6362,1978,   655,6297,   3650,4815,   2949,4009,   206,644,   2983,5899,   5535,6354,   4427,4400,   5358,5773,   6534,3208,   6514,3057,   7194,6963,   7441,8056,   7494,7536,   5388,6104,   448,81,   4321,4344,   2944,6763,   1561,5187,   
61,-521.8379,40,0,0,3273660,0,0,775.75256,0,0,15383913,-11603.865274747797,-3652.5604275540227,15256.425703664376,-196880.5195117353,-52139.37130208326,869629.5544818371,377.2829,281.91974,   6289,835,   2781,2735,   3140,3907,   8035,8059,   7604,7732,   237,731,   8243,8229,   246,850,   7323,7410,   2777,2789,   706,4391,   80,306,   5890,5887,   4235,1824,   1765,6725,   4761,3429,   3573,4674,   1429,991,   5752,4052,   6937,6936,   
62,-618.1448,40,0,0,2904368,0,0,702.4564,0,0,15966992,-13828.683840247111,-4642.559435722082,18471.243271998646,-243906.66167685608,-58131.53210168128,998281.1089958689,394.57852,213.43243,   3567,3592,   5617,2271,   813,74,   7833,8202,   468,4409,   6767,4252,   5604,1811,   7156,7170,   5733,2870,   4826,280,   1434,1543,   2811,5367,   1121,1353,   1289,1073,   1315,3888,   8413,7622,   6219,771,   2357,2468,   1682,4027,   1084,1381,   
63,-1427.1835,40,0,0,10084416,0,0,672.40985,0,0,47946116,-29564.82041753585,-8373.879953480893,37938.70037410095,-527091.7710217129,-104663.75816220204,2282042.9772067005,369.32306,285.82028,   1604,2470,   1800,1838,   1548,2653,   7312,7780,   7209,7221,   3424,3402,   7842,8092,   89,894,   53,897,   489,821,   7672,8111,   4825,117,   7049,7076,   440,686,   1715,1623,   5742,5762,   8234,8246,   535,459,   3966,7395,   6175,5423,   
64,-688.71875,40,0,0,2133392,0,0,553.83936,0,0,7853519,-11400.10625621463,-3599.702110152963,14999.808368043829,-215172.16699141293,-47235.764553157285,758761.711807748,312.42386,209.17685,   5316,5305,   3538,4731,   4536,4535,   3684,3673,   1163,3093,   6225,637,   6415,6406,   6129,6127,   1706,1626,   4560,4565,   6097,4443,   6220,6272,   5134,2325,   5070,6738,   4262,2615,   2270,2266,   153,867,   8175,8168,   1981,2241,   4842,4477,   
65,-652.3265,40,0,0,4392879,0,0,636.05194,0,0,14763185,-14957.549674219848,-5420.668939851012,20378.21861689455,-253277.25733996418,-70656.10649526058,1341282.4263151959,388.2676,254.92279,   8428,8374,   3187,4202,   3089,3075,   849,512,   1767,1870,   1631,1670,   3512,6490,   5357,5295,   4003,5114,   2176,6756,   6909,6912,   5594,1834,   2285,2464,   3635,3279,   4724,3559,   2538,2357,   4450,284,   6316,6233,   8209,7464,   3242,3379,   
66,-846.75073,40,0,0,11891821,0,0,698.98596,0,0,38826304,-18898.072572492754,-5498.424194742184,24396.496778659628,-322584.2960123326,-73558.7177993652,1540600.0846599792,380.96722,217.50288,   3747,3737,   6614,6636,   3555,6418,   5339,3251,   548,801,   1879,1886,   3774,3784,   5031,4941,   1860,4257,   3310,4391,   6753,1927,   7482,7793,   1912,2233,   7094,7055,   1986,6085,   2582,2580,   2401,5125,   4628,4643,   5560,5539,   856,420,   
67,-1029.6145,40,0,0,4385156,0,0,577.0324,0,0,16725897,-20824.635667455575,-6588.417026766506,27413.05269908778,-367971.08939909644,-89843.96014303481,1741355.1378264627,357.38724,209.71678,   469,543,   8396,8218,   6802,6823,   417,6181,   4460,182,   5218,2058,   5751,5726,   4863,508,   2253,2438,   6334,5287,   502,498,   6735,3267,   3236,6510,   2372,2360,   273,4846,   7564,7684,   6355,2035,   5245,5229,   379,19,   3155,3167,   
68,-956.89746,40,0,0,4603222,0,0,581.0538,0,0,15160642,-18358.89412297965,-4618.500263237507,22977.39438466391,-305823.56967223855,-53573.499297637536,1291134.3242100002,319.5991,244.94148,   5457,5477,   6432,3539,   1495,1442,   6062,3028,   2567,2563,   3356,3302,   7884,7872,   2620,4256,   5049,4987,   4104,4168,   3827,3828,   7710,7695,   2498,1628,   3078,3119,   716,187,   3027,3029,   1937,2027,   658,180,   4886,941,   774,253,   
69,-933.4083,40,0,0,3391086,0,0,639.4927,0,0,15360386,-20108.158563331825,-5890.823984073159,25998.982539066325,-359925.8742669602,-73120.90508421064,1360504.8853162145,385.60388,244.80908,   874,812,   2211,6088,   4500,6120,   5065,1113,   6001,6082,   6790,1494,   4472,474,   321,177,   8272,7443,   6297,147,   6941,6931,   4158,3178,   6630,2006,   6965,6975,   2517,1662,   1136,3856,   5351,5329,   7425,7781,   1863,1255,   538,527,   
70,-841.2976,40,0,0,2049223,0,0,444.43756,0,0,7719972.5,-12824.056065301738,-3593.5552048732225,16417.61126672451,-230876.98275089668,-48278.46050110974,812506.9098420839,274.42963,254.50668,   4076,6771,   7999,7541,   3105,1160,   6076,6059,   1864,5593,   1555,1536,   77,6786,   3145,3141,   1775,1788,   858,437,   131,6228,   661,638,   6522,6552,   5774,2937,   4300,4297,   7954,7954,   854,328,   5149,5176,   934,366,   6438,6435,   
71,-351.42102,40,0,0,1293852,0,0,774.5358,0,0,4289483.5,-7443.894514886378,-2829.7205489450594,10273.615066666456,-138624.31793666427,-39561.35667109196,446232.1302213285,394.4679,277.6813,   3602,6740,   3833,3822,   8109,8206,   7032,7076,   7742,7758,   4553,1264,   7799,8138,   3705,3719,   7674,7706,   3407,3448,   2998,2247,   2782,5303,   8192,7798,   2639,2656,   3271,3693,   7877,8341,   3101,5914,   8090,7470,   3969,3977,   5099,964,   
72,-761.6909,40,0,0,8030290,0,0,624.0693,0,0,47832180,-16464.533609593585,-6748.235709019131,23212.769320910334,-287388.4982992723,-101727.9743604947,1208195.8718762875,377.3033,229.564,   1083,973,   2712,2769,   6309,6318,   252,562,   7191,6897,   7803,8199,   7692,7614,   3294,5010,   5536,5518,   3484,5530,   3438,436,   2095,2104,   7607,7720,   6094,6107,   6062,2995,   739,217,   6563,2088,   2342,2319,   1344,1389,   1563,1410,   
73,-478.39273,40,0,0,5693753,0,0,700.18774,0,0,12849345,-11208.041032357603,-3866.969929585421,15075.01096069395,-203280.52644115727,-46375.15802510874,849375.268371723,424.92395,315.37222,   1687,4087,   7297,7295,   5172,1417,   8290,7811,   8143,8143,   3148,4182,   2370,2496,   5440,3254,   6749,6671,   6515,3046,   1100,1321,   5945,5922,   8136,8200,   8017,8019,   670,92,   6636,1941,   2832,2833,   4482,4403,   2118,6562,   6465,6291,   
74,-496.83063,40,0,0,2388933,0,0,694.7134,0,0,12298006,-10620.902139783662,-3708.8108953354795,14329.713032727277,-190269.53380654377,-42916.132441519374,717728.0877151276,382.96658,279.2318,   5588,1893,   5090,5156,   309,142,   7885,8348,   5959,4220,   4276,1808,   7451,7449,   8333,8211,   1557,1534,   3129,6541,   2151,2123,   7854,8340,   1908,1849,   5177,5210,   2883,2900,   6421,6429,   1480,1147,   3715,3454,   7235,7281,   3424,4859,   
75,-1080.0215,40,0,0,5976851,0,0,727.14,0,0,21699524,-20620.019417362677,-5207.683855439611,25827.703283891573,-362804.91723248985,-70902.8288727197,1646184.7816435355,335.9238,234.46086,   6534,4192,   7204,7263,   4864,837,   990,1069,   2589,2611,   2814,2815,   4570,4569,   3722,485,   6587,6381,   4044,4049,   4423,4519,   4750,3714,   4253,2588,   354,929,   5417,5475,   7433,7442,   139,647,   1090,1039,   4793,234,   2573,2621,   
76,-419.05652,40,0,0,3507001,0,0,619.5879,0,0,9686860,-8783.640117052695,-3508.0416379408534,12291.68175390701,-162117.99457398203,-63358.783127608396,574958.3365085667,386.8643,202.78806,   2152,2096,   5730,5246,   6689,5058,   2914,3265,   5354,5329,   5379,5384,   4383,4484,   2547,4249,   4068,2929,   2614,5656,   4447,4424,   5155,5155,   7686,7552,   6851,7197,   6185,366,   5669,5672,   3514,6471,   3449,490,   2270,2255,   6637,2241,   
77,-335.38986,40,0,0,855636,0,0,1107.1498,0,0,3477052.2,-5895.412625093121,-2266.632560900446,8162.045186569074,-115905.52294946866,-37104.83613306367,419394.6636772382,345.58447,218.76286,   2312,2462,   1454,1519,   7859,8210,   5616,5127,   2046,2037,   6135,5482,   6809,6804,   1095,5134,   6322,6311,   5383,5434,   1015,1110,   4890,4917,   4455,6652,   6068,3891,   2808,1654,   4698,4594,   4112,4150,   5760,5755,   1161,1182,   6798,6796,   
78,-318.46313,40,0,0,1164469,0,0,496.4371,0,0,4226207,-5172.575574901263,-2257.3022482118777,7429.877822141377,-91372.04625289387,-29569.587358956727,300628.6166456874,286.91562,297.5108,   4068,5236,   6366,5497,   4254,1890,   7226,7205,   5842,3460,   3495,3616,   3168,3146,   3806,6861,   1259,4560,   7708,8423,   218,6645,   7944,7930,   6294,330,   6802,6795,   5611,1818,   6810,6809,   1146,1545,   1370,1343,   5007,3327,   7581,7550,   
79,-490.1008,40,0,0,2403459,0,0,538.1946,0,0,8487490,-8656.610900313548,-3674.0366132332583,12330.647516032925,-152508.8673197529,-78138.51347104186,621710.0551272447,311.1786,242.33835,   988,1427,   39,4788,   6106,3742,   784,394,   2420,2523,   5473,5400,   2154,6336,   1181,3090,   5026,5020,   5769,2952,   4823,4768,   3403,3440,   5538,5564,   1615,2526,   8262,8270,   2803,5373,   7344,8216,   7091,7067,   8131,7481,   3210,4187,   
80,-798.5267,40,0,0,1781315,0,0,521.7881,0,0,5996608.5,-14326.217955053762,-4366.631492269648,18692.84944565034,-245229.85697301885,-54859.7775524656,865411.3986218225,307.1029,229.85094,   1398,1318,   6597,6628,   5760,5693,   2741,2747,   2802,2799,   8327,8358,   3929,3933,   4878,392,   2086,2215,   1792,5591,   321,204,   3088,3084,   3582,4656,   4199,4192,   63,898,   4638,4616,   2275,2300,   673,130,   48,585,   5720,2929,   
81,-1004.44727,40,0,0,2251314,0,0,757.8781,0,0,11169756,-21275.395242736082,-6226.52307928681,27501.918315609553,-380943.2485686157,-89240.28407701323,1546315.7215636557,379.2566,297.61826,   4294,5002,   4818,419,   7434,7450,   4503,4445,   1564,1528,   1077,1088,   7256,7256,   4035,6661,   798,411,   4078,1044,   7938,7953,   2364,2383,   834,529,   5681,2504,   4836,4747,   2731,2794,   8147,8148,   3211,3197,   5217,2038,   4532,1260,   
82,-704.08215,40,0,0,2223762,0,0,543.71466,0,0,6854452,-12722.507934510611,-3475.738754872601,16198.246686377463,-212743.76744553825,-41572.82128403757,720787.4939850444,302.1576,219.43033,   973,1093,   2582,2588,   5376,5317,   5593,5582,   5811,3675,   136,794,   98,795,   2334,2336,   5259,1215,   1955,2103,   6036,3016,   5433,5436,   1580,1498,   2989,6044,   928,401,   3017,3005,   6969,6966,   7746,7736,   4447,4502,   7843,8331,   
83,-592.7028,40,0,0,3400075,0,0,733.89325,0,0,15519189,-13950.601311430484,-3960.750376844922,17911.35169083916,-257896.37752860837,-54758.00665085987,1023442.9933873543,435.1192,198.59665,   6756,6562,   5142,5067,   3807,3819,   6246,597,   6057,5996,   4311,4334,   6780,124,   2700,5201,   5368,5305,   2607,2581,   7385,7391,   5643,2412,   6292,6452,   6884,5900,   6126,6125,   1252,4262,   626,405,   5200,5178,   5278,2883,   2249,2159,   
84,-381.8807,40,0,0,3171913,0,0,769.6339,0,0,6361961,-8934.203298317092,-3567.451570780799,12501.654867197318,-150798.09769554943,-51945.20598041996,663523.4644952548,394.88272,264.41556,   5356,2915,   1242,1243,   7026,7163,   2155,2242,   1076,967,   204,6250,   4005,5110,   8381,7352,   1902,1821,   6105,5443,   7301,7286,   5020,4905,   4694,6207,   4557,3109,   4246,1875,   2145,2140,   2711,2788,   5287,6080,   5486,5275,   4319,4282,   
85,-503.58823,40,0,0,2483808,0,0,703.1536,0,0,9855206,-10655.808644307026,-3465.8139030909433,14121.62254970709,-201001.92684914163,-44975.78025457852,768432.9270701252,399.13943,178.53304,   5917,1168,   3680,3725,   4993,4900,   3077,3070,   3114,3110,   5023,4932,   3800,3845,   5400,5446,   3693,44,   7159,7016,   1712,4025,   1711,1759,   6612,6554,   5210,5151,   347,170,   2977,6062,   6349,5493,   6689,4400,   6246,6433,   4302,4301,   
86,-779.8698,40,0,0,2601279,0,0,487.2576,0,0,9140916,-13229.711585931005,-3819.939363162897,17049.650956654707,-233730.9771318657,-48354.15031752206,839226.4202475749,299.70514,287.3791,   2587,2557,   606,4927,   7622,8405,   96,705,   1376,1021,   3413,3726,   3501,3501,   6746,6539,   7650,8351,   7627,7495,   4992,4991,   3079,3036,   2196,2203,   5132,5072,   8262,8271,   6056,3829,   4516,4519,   7209,7205,   6265,479,   6115,6156,   
87,-502.61307,40,0,0,1439328,0,0,827.91113,0,0,6979751,-8205.917130900289,-2815.2641760631163,11021.181309504631,-155090.7926629388,-33585.32798901395,638190.6545070348,308.56897,226.53542,   4646,3376,   4286,4340,   6296,5057,   4611,4604,   7771,7777,   7161,7180,   25,602,   6371,6369,   6487,6475,   5312,5306,   2403,2418,   4806,3636,   3800,3896,   586,6244,   4184,3909,   1217,5277,   698,14,   4040,4011,   1562,1529,   3978,3975,   
88,-516.6164,40,0,0,1393382,0,0,680.27435,0,0,5833288,-10612.81721946365,-3098.468076921626,13711.285299377652,-191507.7143530121,-37553.77435762575,776406.081014905,370.69617,212.92924,   735,204,   6818,6800,   298,895,   4451,35,   6296,381,   2530,2515,   5762,5690,   5108,4003,   4207,4206,   3561,4719,   5723,5692,   7642,7594,   6425,4599,   7170,7199,   11,228,   3611,3628,   3223,3195,   1540,985,   3995,3999,   2052,5262,   
89,-573.68365,40,0,0,2516857,0,0,626.4624,0,0,12083257,-12172.516152370072,-3983.6709039638968,16156.187056896964,-220845.3303717063,-55497.65402430456,925886.9628373922,384.9601,268.9412,   2920,1215,   1409,1399,   3635,3493,   7685,7710,   3443,428,   207,6296,   591,696,   7035,7066,   2534,2413,   2629,4268,   7890,8078,   453,638,   6860,1128,   4275,4226,   2299,2409,   6707,1218,   8318,8283,   4440,4501,   3932,3933,   6407,6410,   
90,-341.79803,40,0,0,1966531,0,0,548.43475,0,0,7588814,-6082.918518898918,-2944.3526034519277,9027.271119649276,-117346.79754882405,-68492.95158444744,430846.210722948,343.32202,266.72232,   2901,2915,   4902,5025,   1749,1722,   1742,4047,   2390,2442,   6563,6592,   1557,1547,   6158,6153,   8104,8131,   3723,3434,   6314,6205,   2995,6045,   3500,3273,   8181,8181,   613,192,   8334,8131,   7240,7263,   3683,5797,   8075,7815,   2591,2577,   
91,-760.71625,40,0,0,4432894,0,0,663.1531,0,0,13832907,-15896.278227467563,-5158.071452203946,21054.349682309432,-283156.1613906891,-62508.23377700653,1195553.8321232686,372.22308,256.0117,   6888,6889,   2381,2357,   6318,6305,   6898,7069,   227,851,   5932,5968,   1771,1834,   6392,6491,   7315,7416,   3173,3183,   4237,4256,   5991,1947,   6247,218,   8415,7846,   220,16,   7174,7137,   2913,2884,   4986,67,   530,3722,   1115,1329,   
92,-422.97287,40,0,0,1711661,0,0,677.45746,0,0,7620557,-9220.332265929415,-2931.473400756878,12151.805668134653,-158526.37360621153,-32640.052399842,594946.6134496785,374.7909,336.60574,   1723,1710,   2415,2362,   3936,3918,   3704,677,   401,511,   7135,6703,   7476,7523,   7075,7179,   114,209,   6777,5279,   7943,7938,   4192,3187,   7323,7305,   3950,3915,   6417,6427,   7893,7478,   4789,4817,   8275,7434,   5121,5106,   5456,5446,   
93,-608.7769,40,0,0,2361142,0,0,719.4348,0,0,7563957.5,-12151.901036147434,-3692.4098175193467,15844.310853728517,-200072.48613796398,-48357.74053064467,677122.8887457193,328.64664,273.44034,   5819,5822,   2798,2796,   1443,1512,   6849,1473,   2206,2223,   93,4855,   65,647,   4505,6115,   8010,7299,   4100,4104,   5956,5930,   6290,513,   4238,4232,   5817,5870,   1189,3944,   2666,1572,   4404,3301,   7847,7903,   901,6197,   7076,7063,   
94,-731.32715,40,0,0,3002361,0,0,755.40356,0,0,16153017,-16160.989199585802,-4660.074580756986,20821.06378195346,-282359.67013321153,-60116.75461828875,1196341.9010579425,386.09213,232.59097,   1628,1676,   7155,3098,   6089,1918,   407,63,   3090,3053,   895,376,   7339,7839,   7256,7256,   6288,503,   723,410,   7621,7998,   695,559,   2967,2968,   3137,5911,   4908,3349,   5559,3474,   3690,3274,   2265,2364,   4058,5694,   4999,4932,   
95,-407.16562,40,0,0,5930336,0,0,580.61176,0,0,21929390,-9460.625725410953,-4093.10728090532,13553.733006814562,-151523.4972597574,-56375.28530720262,590308.0793976983,372.14218,271.0416,   6255,3442,   5225,6006,   5710,6701,   6644,362,   3179,4143,   5947,1236,   6944,6957,   3134,3063,   1370,1102,   6251,677,   5649,2405,   3996,3996,   4691,3195,   7535,7709,   7733,7605,   7418,7311,   3580,4641,   5396,5408,   1744,1649,   6762,4019,   
96,-605.71765,40,0,0,2811609,0,0,674.0788,0,0,9963163,-13867.804055230428,-4273.266969829431,18141.071024337372,-235555.88099364706,-50188.84077167449,824400.7243337416,388.88727,254.6515,   4774,30,   3321,9,   3194,4193,   1835,5612,   5612,1798,   7080,7175,   2520,1660,   7691,7579,   6673,5240,   1351,1095,   3119,3091,   777,144,   3543,6679,   5823,5802,   6899,7033,   1350,976,   4792,533,   6768,5272,   7457,7899,   7627,8432,   
97,-522.32733,40,0,0,1887640,0,0,610.97455,0,0,6520616,-10816.805075618067,-3558.890387076478,14375.695469991924,-187607.5753280985,-48889.497068773664,765487.6566293127,359.17627,249.91278,   7152,7176,   6915,6909,   846,877,   1525,1452,   7034,7007,   922,4920,   6637,2023,   2313,2357,   5188,1514,   2714,2783,   7626,7492,   1366,1407,   6255,520,   4582,4589,   3559,3561,   4892,4996,   3648,3633,   6441,829,   2604,2600,   7403,8171,   
98,-1150.138,40,0,0,6625924,0,0,516.8643,0,0,20009026,-19066.60367721287,-5201.211753479486,24267.81541692716,-306664.99840953667,-59991.542210286905,1204640.777504556,266.63324,210.12401,   3640,3630,   3073,3116,   8373,7655,   1847,1840,   847,414,   164,557,   1179,1177,   698,940,   6337,1933,   2307,2496,   1896,1901,   6564,2237,   5026,4935,   3692,529,   3598,3549,   1086,1041,   4540,4540,   2823,1667,   5525,5512,   6282,3447,   
99,-1030.6798,40,0,0,6271015,0,0,684.1954,0,0,34421248,-21894.2641479104,-6068.292373402032,27962.556510581875,-377212.03265657375,-75981.09463761924,1841486.1735806544,365.9837,226.42017,   623,185,   3683,3491,   1157,1172,   4713,3590,   2531,2534,   3606,3553,   1108,983,   5883,6030,   5795,5820,   391,665,   7188,7160,   8025,8009,   1992,6333,   7844,8201,   6776,5727,   1463,1442,   2849,5637,   6188,115,   1747,4032,   4555,4551,   
