score,deltaLkRoad,deltaDjRoad,deltaTotalJobsCreated,LBar,gameState0,gameState1,gameState2
-994.1122,5775.4243,283.17545,1523,11.496166,-8048,8049,8066
-994.11084,20978.207,1203.1549,3000,21.19431,8106,8107,8403
-994.10474,11384.008,483.12976,1430,24.103495,8377,8378,-8433
-994.09937,11157.052,785.50415,1824,18.503422,7481,7482,-8329
-994.0993,9939.063,775.4034,1774,16.947836,8340,8341,-8391
-994.0948,10030.183,248.09848,1000,30.317785,3611,3612,-5528
-994.0857,5475.1973,526.76996,1112,14.859839,-287,415,919
-994.063,24030.145,1295.298,3000,24.081923,8365,8366,8389
-994.0599,14095.189,1201.1458,3000,14.118135,7790,7791,8082
-994.0585,6703.881,520.83856,1230,16.373688,-8140,8141,8211
-994.058,13685.164,457.04166,1346,30.541733,8379,8380,-8398
-994.0512,13620.878,777.9436,1745,23.420908,8139,-8406,8433
-994.0491,4083.5505,156.40965,143,85.65239,-8224,8225,-8376
-994.0377,19799.848,508.21112,1000,59.27511,-8280,8281,8418
-994.026,7004.2363,715.7003,1732,12.082911,7875,7876,-8136
-994.0224,7628.2534,462.27267,1000,22.778316,4797,4798,-6186
-994.0192,23865.64,1084.2096,3000,23.74207,4410,4411,4436
-994.01794,8699.379,499.5716,1276,20.34292,-7893,7894,8084
-994.0165,21549.078,1208.4244,3000,21.427687,7673,7674,7697
-994.0109,9288.117,774.26434,1000,27.681597,-7336,7463,8202
-994.00854,12644.295,338.37262,1000,37.66926,7976,-8197,8379
-994.00696,3257.0308,229.2694,578,16.783003,-7474,7475,-8187
-994.0061,6719.0405,300.99677,797,25.105328,-8351,-8352,8400
-994.0039,8012.9673,641.5172,1761,13.545371,7593,-7594,7993
-994.00183,10048.252,366.1189,1000,29.901615,8204,8286,-8361
-993.9966,11709.729,700.19257,1523,22.859835,8306,8307,-8423
-993.9962,9020.303,567.52844,1504,17.83094,7610,-7611,7654
-993.9834,13907.738,270.9666,1000,41.260254,-8312,8313,8376
-993.9782,8953.458,411.68875,1000,26.539433,-8340,8341,8401
-993.97565,25971.316,1065.9551,1740,44.22407,8240,8326,-8430
-993.9686,27866.254,1423.3191,3000,27.489336,8284,8356,8407
-993.9661,11531.887,631.7448,1480,23.049772,-413,414,3421
-993.9631,10683.439,724.4598,1702,18.559282,-7454,7455,8346
-993.9614,13061.575,818.23737,1884,20.493021,-7853,7854,8364
-993.96027,12910.715,729.8552,1942,19.647518,-7669,7670,8418
-993.95874,17015.361,1332.6606,3000,16.757797,8355,8356,8393
-993.9386,10355.754,588.8779,1000,30.495192,8312,8313,-8414
-993.9351,4798.8003,261.20612,1000,14.12328,8187,8188,-8320
-993.9329,624.9551,-22.559923,44,41.78692,8067,-8068,-8121
-993.9326,9816.963,675.65765,1652,17.481943,-7786,8124,8187
-993.92175,16023.917,804.6701,1520,30.958014,-8188,8189,8284
-993.91754,18348.375,1432.7336,3000,17.948233,8337,8338,8391
-993.9143,10581.538,486.53433,1000,31.035833,8043,-8044,8401
-993.91144,16348.379,1293.0063,3000,15.975887,7817,7818,8093
-993.90155,21617.29,1300.9395,3000,21.090446,2286,2287,5063
-993.9005,13689.738,1133.9495,3000,13.353771,7600,7601,7995
-993.90045,19562.889,1240.3917,3000,19.082556,8138,8139,8211
-993.8934,23036.102,1299.4835,3000,22.444443,1661,1662,2507
-993.89233,19148.387,1256.0209,3000,18.653442,8132,8133,8317
-993.8887,1021.8804,19.496454,-63,47.374763,-7438,7439,-7647
-993.8848,4181.752,184.30142,419,29.131296,-7990,-8299,8424
-993.8831,13535.88,513.51056,1000,39.498386,7705,7706,-7831
-993.8753,824.93463,-23.271637,-41,58.637497,-8171,8172,-8318
-993.87177,22226.75,730.70447,1327,48.786068,-8382,8383,8430
-993.8602,14246.299,739.58905,1660,24.949839,8295,8296,-8417
-993.84247,8084.8853,392.3545,1000,23.436386,8360,-8361,8368
-993.8395,20403.816,1249.4927,3000,19.706028,3584,3585,4602
-993.834,9161.856,563.43024,1433,18.507887,8114,8115,-8384
-993.8326,7213.506,605.7845,1473,14.1731415,2122,2123,-2166
-993.8204,11124.07,598.3292,1390,23.115925,-1045,1046,2647
-993.8165,23277.865,1421.6681,3000,22.398182,777,778,4453
-993.81384,17612.713,1091.9746,3000,16.939808,8036,8037,8196
-993.81195,15490.963,689.5068,1482,30.15084,7354,7355,-7824
-993.809,7529.4233,362.93137,1000,21.708246,-7554,7696,7723
-993.8057,8891.025,510.5508,1000,25.620314,8326,-8341,8397
-993.79724,8466.784,427.26474,1000,24.364515,8377,-8378,8406
-993.7917,6608.3306,500.50513,1220,15.573367,-8125,8126,8186
-993.78955,10066.0625,729.1788,1874,15.438067,7531,-7532,7685
-993.7873,22063.166,1379.9949,3000,21.129581,7714,7715,7990
-993.78546,8109.082,384.65747,1000,23.290863,7455,-7889,7908
-993.77966,21547.348,1199.1515,3000,20.610184,7663,7664,7738
-993.76404,22690.34,1322.8607,3000,21.649158,1005,1006,3872
-993.76184,8199.153,635.1518,1589,14.764347,7896,-7897,8116
-993.7562,22202.826,1424.0703,3000,21.157537,8313,8314,8330
-993.7378,5323.3623,158.86484,527,28.792171,-7823,-7837,7987
-993.7239,3983.1462,404.21106,1056,10.727412,7817,-7818,8357
-993.7155,10957.195,690.78986,1641,18.964731,7669,-7862,8348
-993.6972,7176.17,734.78485,1760,11.547098,7822,7824,-8088
-993.68176,25251.316,1341.5505,3000,23.778826,6182,6183,6442
-993.68,12481.629,597.2065,1548,22.772348,7648,7649,-7857
-993.67444,6629.9507,149.07683,247,75.74199,-7416,8178,-8348
-993.67426,11335.491,387.16046,1084,29.507004,8378,8379,-8399
-993.6711,13761.771,614.3509,1428,27.179443,273,-335,4835
-993.66034,11315.254,662.45306,1751,18.194304,8133,8134,-8393
-993.65125,12819.678,418.10968,1000,36.042385,-8118,8376,8431
-993.6485,6312.179,493.93274,1124,15.782,8075,8076,-8402
-993.6481,6220.053,438.79163,1000,17.47885,8199,-8200,8345
-993.64484,3302.9053,112.36,507,18.297337,-8295,8296,-8352
-993.64343,9344.013,543.1948,1408,18.635048,-7648,7649,7704
-993.64105,14384.469,1252.1769,3000,13.458934,7835,7838,8329
-993.6351,12879.568,677.6541,1374,26.287186,-389,390,3446
-993.6343,19644.746,1338.1511,3000,18.361223,7510,7511,8036
-993.62445,6916.279,714.7702,1757,11.020644,7815,7816,-8083
-993.6218,10394.458,469.3349,1000,29.089008,3427,3428,-4746
-993.61255,23795.123,1535.2891,3000,22.164724,7036,7037,7189
-993.59607,18790.203,1310.4429,3000,17.457731,7853,7854,8300
-993.57886,11189.783,325.36908,1000,31.105291,4963,4964,-6785
-993.5747,7386.9897,562.5852,1417,14.481994,8064,-8065,8202
-993.5683,5859.636,346.9646,1000,16.261898,-8077,8078,8140
-993.5578,9249.525,551.2102,1327,19.312506,-1652,1653,6726
-993.5555,15661.659,1214.5155,3000,14.459368,7801,7802,8392
-993.5533,17843.908,1312.5831,3000,16.468468,7518,7519,8301
-993.5512,21473.81,1409.1566,3000,19.812246,289,290,505
-993.5391,14463.164,678.9559,1000,39.957134,3316,3317,-4433
-993.5286,11428.471,387.2561,1215,25.944057,8257,8258,-8274
-993.5217,12782.516,374.4665,1000,35.219223,-8341,8342,8382
-993.51855,7338.874,433.05127,1000,20.210732,-8193,8194,8322
-993.51636,9492.213,518.7494,1505,17.363443,-8117,8118,8403
-993.516,15141.609,1269.1129,3000,13.894131,7830,7831,8206
-993.50684,2145.0374,218.98651,441,13.371036,-8352,8353,-8388
-993.4945,11080.742,456.11655,1560,19.488865,8258,8259,-8266
-993.48035,23776.71,1345.5122,3000,21.698462,7441,7442,7839
-993.478,12120.703,436.40857,1000,33.1721,-8362,8363,8422
-993.47754,12828.163,1133.9316,3000,11.70184,7619,7620,7998
-993.4775,9116.456,371.03677,1000,24.948017,2091,5871,-6666
-993.4702,16028.459,1290.9637,3000,14.604771,8343,8344,8384
-993.463,14704.379,806.0667,1713,23.438944,8127,-8128,8401
-993.44965,6668.737,214.14445,208,87.3652,-8206,-8225,8287
-993.4487,19932.918,741.8674,1734,31.319838,-8138,8139,8160
-993.4219,11156.681,552.6488,1364,22.194374,-8107,8290,8354
-993.4209,8312.4,768.6144,1774,12.7125025,8353,8354,-8391
-993.41797,14168.619,690.40344,1477,26.014294,7442,-7819,8218
-993.4179,2796.8875,188.97258,448,16.929955,-7521,-7522,8116
-993.41113,8319.026,470.96368,1000,22.53642,-2022,2023,5990
-993.4072,26469.621,1312.0422,3000,23.888153,8366,8367,8393
-993.407,11228.654,566.1493,1529,19.882004,8150,-8151,8434
-993.4051,2316.493,108.586075,87,72.06565,-7409,7484,-8384
-993.39996,18376.498,688.8088,1432,34.705544,7360,7361,-8344
-993.3993,5116.2036,533.47845,1244,11.121446,8359,8360,-8387
-993.38007,6275.0444,536.8961,1267,13.353961,1300,1301,-1346
-993.3737,18733.314,1173.8158,3000,16.820782,8197,8198,8401
-993.3727,7573.847,350.2561,1000,20.398787,1217,1218,-6328
-993.3642,29549.525,1051.5186,1891,42.032776,8321,-8322,8383
-993.3633,14675.419,1268.7817,3000,13.156505,7463,7850,8345
-993.35583,4725.5474,394.0928,1000,12.695079,1916,1917,-6043
-993.3552,14938.279,1155.4951,3000,13.375892,7491,7492,7548
-993.3513,10289.633,350.08707,1000,27.624191,-8331,8346,8376
-993.34827,13178.726,716.6474,1845,19.167599,8139,8140,-8317
-993.33484,16760.336,1064.6938,3000,14.961545,7715,7716,7747
-993.3336,10819.182,668.3284,1843,15.718167,8094,8095,-8336
-993.32324,9381.1045,602.9939,1486,16.876955,-7911,7912,8135
-993.2967,8341.517,363.4397,1000,22.211557,-8111,8112,8377
-993.2934,22253.727,1238.3214,3000,19.742569,7665,7666,8114
-993.2846,38895.88,1748.1038,3000,34.461693,8287,8288,8370
-993.28455,3898.957,287.53632,1000,10.363297,-8407,8408,8409
-993.27435,9669.145,769.4274,1729,14.841636,8191,-8192,8308
-993.263,7247.708,460.00574,1305,14.714548,7583,-7584,7686
-993.2513,15871.567,1293.0092,3000,13.992688,7485,7889,8356
-993.2467,15046.032,1290.6508,3000,13.255919,7848,7849,8318
-993.245,10127.107,473.8412,1000,26.759945,-738,739,4855
-993.2378,6642.9375,408.89474,1000,17.534542,-7554,7555,7705
-993.2351,9198.29,415.21057,1385,17.523468,-8034,8035,8067
-993.2301,19110.326,857.4424,3000,16.795303,4372,4373,4447
-993.22876,9865.759,720.35016,1538,16.90942,-204,205,750
-993.22577,16819.842,1101.6119,3000,14.772894,7697,7698,7754
-993.22034,4424.201,304.644,705,16.521952,-7906,-7907,8329
-993.205,10193.183,378.55884,1000,26.775911,-3484,3485,3690
-993.18884,20046.81,1173.5046,3000,17.511713,8083,8084,8425
-993.16077,3041.487,263.41855,417,19.035551,-8322,8332,-8389
-993.16,7569.5825,544.0807,1276,15.480548,-7893,8102,8354
-993.1481,8878.672,468.59964,1000,23.129124,-8207,8208,8318
-993.1343,9537.355,764.9695,1535,16.153107,8320,8321,-8388
-993.13367,9747.012,456.00262,1000,25.337864,-7560,8000,8422
-993.13086,14247.631,1066.0503,3000,12.340761,7566,7567,8420
-993.1306,14238.712,530.38446,1000,36.99784,8106,-8115,8149
-993.12506,10283.569,410.02725,1066,25.046293,-4922,4923,5015
-993.11884,14213.446,631.0799,1000,36.869076,7686,-7687,8288
-993.09625,7621.717,384.7362,766,25.725374,-8310,-8311,8428
-993.08606,17013.23,1374.7449,3000,14.640819,8200,8312,8356
-993.08093,5223.1416,113.61684,252,53.469963,7499,-7603,-8119
-993.07587,5681.1455,86.11456,279,52.49173,-7909,-8110,8156
-993.06976,20862.441,1456.3326,3000,17.911072,40,41,330
-993.06854,28897.48,1362.6005,3000,24.805052,8293,8294,8402
-993.05566,2289.2583,160.34267,281,20.94028,-8121,8122,-8202
-993.05444,3622.5728,96.38273,314,29.648764,-8349,-8350,8413
-993.05206,13524.693,800.3033,1640,21.186155,-7446,7447,7885
-993.04395,27834.43,1398.8151,3000,23.807972,7436,7437,8323
-993.03876,12614.661,786.69885,1744,18.54667,8102,-8313,8428
-993.03357,25025.734,1243.208,3000,21.37378,8369,8373,8424
-992.99054,13768.063,440.1522,1000,35.0602,7433,7434,-7838
-992.9864,10057.237,592.6811,1554,16.470654,-7416,7417,8179
-992.9806,10360.558,697.155,1651,15.9572525,-8141,8142,8387
-992.97656,8101.966,751.26654,1848,11.142022,7891,7892,-8187
-992.9758,10384.41,687.8098,1810,14.5792055,-7974,7976,8189
-992.96875,22043.344,679.25006,1154,48.49131,7550,-7820,8240
-992.9649,9314.883,442.2899,1000,23.63376,7656,7657,-7735
-992.96295,20649.283,1445.0654,3000,17.458858,297,298,516
-992.9575,5425.6455,435.19324,1000,13.751452,-7464,7465,8095
-992.94495,833.92267,11.064584,107,19.718151,-8119,8120,-8195
-992.94324,1296.9325,51.381096,287,11.430263,8404,-8405,-8430
-992.92847,11089.212,753.9109,1870,14.968217,8207,8208,-8358
-992.9247,9521.263,436.53723,1000,24.01995,-7844,7845,8415
-992.91455,8898.966,347.7167,1000,22.418045,8313,8320,-8325
-992.9048,23113.756,1197.1752,3000,19.382408,8208,8209,8367
-992.897,8202.303,642.6965,1632,12.629834,-7887,7888,8108
-992.8925,18445.754,663.7152,1000,46.323814,7891,-8142,8240
-992.887,7402.3955,611.8813,1574,11.801544,-7476,7477,7856
-992.8858,6692.758,473.35672,1000,16.792002,-7797,7873,8298
-992.8823,12636.117,651.2281,1610,19.682232,7657,7658,-7684
-992.8651,6431.8823,449.53073,1079,14.912592,8296,-8297,8312
-992.8601,6258.319,403.3809,1079,14.500088,8121,8122,-8297
-992.8571,15714.449,1212.9998,3000,13.089712,7870,7871,8141
-992.8558,9359.262,729.65906,1663,14.061077,8118,8119,-8415
-992.8509,10287.489,427.66623,1000,25.68514,2673,2674,-2703
-992.8495,9895.567,772.56525,1693,14.590569,-8348,8349,8393
-992.8391,7339.839,651.5307,1725,10.606111,7907,7908,-8190
-992.83246,5862.895,350.5021,1000,14.6004925,7659,7660,-8410
-992.82983,22482.16,599.12006,1000,55.9674,8232,-8233,8281
-992.8278,14589.323,1251.9056,3000,12.102807,8348,8349,8386
-992.8273,6976.1616,698.44037,1698,10.223978,7797,7798,-8206
-992.8194,10214.513,628.3076,1647,15.416506,-7913,7914,8184
-992.80884,9234.083,765.4613,1954,11.729952,8189,8190,-8335
-992.79517,20523.18,681.14624,1296,39.231895,-8229,8230,8240
-992.76434,5737.6074,439.1617,1000,14.153972,-8129,8130,8328
-992.762,23242.244,1150.2727,3000,19.105776,8372,8373,8422
-992.7612,16990.91,1378.5856,3000,13.965465,8330,8331,8386
-992.7609,12492.306,851.206,1057,29.141413,8284,-8285,8335
-992.7608,21646.666,1433.4125,3000,17.791069,806,807,6249
-992.7553,7091.492,453.057,1071,16.313719,8036,-8047,8266
-992.74927,15809.25,579.837,1000,38.91818,-8098,8099,8241
-992.7443,5748.921,500.79034,1000,14.142686,-8199,8200,8317
-992.73944,20709.238,1358.0411,3000,16.970572,154,155,331
-992.73474,21157.361,1313.0918,3000,17.326544,7813,8084,8297
-992.73016,10841.416,593.46893,1613,16.502537,7675,7676,-8089
-992.72504,8839.067,670.40204,1314,16.504522,-8324,8325,8393
-992.71436,9636.869,485.53876,1000,23.609905,-8331,8332,8405
-992.7057,9142.246,745.8993,1948,11.484255,8190,8191,-8310
-992.6982,13306.862,716.04663,1554,20.932434,7415,-7416,8155
-992.69684,9681.757,448.67703,1000,23.662954,4766,-4848,6267
-992.68005,3259.8843,245.32402,688,11.553931,-8080,8082,-8317
-992.6792,18620.307,1272.6249,3000,15.133231,1944,1945,6555
-992.6603,15909.986,669.2788,1535,25.206036,8365,8366,-8388
-992.6303,25605.377,1423.7037,3000,20.672127,1603,1604,2298
-992.6109,8072.7812,501.64874,1105,17.647942,-72,73,224
-992.60767,10335.591,686.361,1572,15.875414,-8120,8121,8331
-992.5788,8032.9434,442.48248,1000,19.320826,16,17,-255
-992.5659,10122.705,862.6544,1893,12.839403,7871,-7906,8326
-992.5623,8274.008,286.97156,1000,19.856483,8115,-8116,8293
-992.5574,14465.212,771.8953,1893,18.32618,8132,-8133,8424
-992.5559,11505.311,647.7936,1000,27.587484,-2255,2256,5157
-992.5427,4807.458,402.1231,1000,11.506958,-8200,8201,8348
-992.53534,37389.082,1336.8248,3000,29.801394,8281,8282,8352
-992.5166,23082.36,557.137,1124,48.98252,8383,-8402,8403
-992.50665,34837.766,1691.2974,3000,27.661697,8288,8289,8421
-992.4971,12648.873,585.648,1630,18.461155,-8298,8299,8415
-992.46094,8804.234,382.57104,1000,20.844814,3653,3654,-4845
-992.4529,981.62476,11.398595,-31,74.890785,-8142,-8258,8364
-992.4446,4010.6284,298.4494,1000,9.475012,-7496,7497,7541
-992.4427,7767.181,407.62073,1246,14.723175,8060,-8061,8280
-992.4359,17984.742,703.96716,1684,25.201815,6222,6445,-6474
-992.4339,6146.2075,378.68326,1000,14.499775,8212,8213,-8362
-992.4116,20133.102,1118.224,3000,15.7857685,7667,7668,8411
-992.4044,13287.692,523.68616,1290,24.206045,8368,8369,-8386
-992.404,10241.25,425.4646,1000,24.065355,7985,7986,-8046
-992.40295,6188.879,554.61786,1000,14.5409355,8338,8354,-8385
-992.4,6560.6226,440.13144,1000,15.40845,-7866,8356,8390
-992.3893,8826.639,447.10947,1000,20.70108,-7607,7608,8407
-992.3722,15873.889,602.22144,1267,29.317715,8241,8414,-8422
-992.37213,18631.158,661.3749,1682,25.92011,8151,8152,-8366
-992.3633,10706.84,549.93384,1000,25.025295,1067,1068,-1448
-992.35657,10702.5,407.9441,592,42.218166,-8131,-8183,8287
-992.3507,14135.655,760.223,1365,24.164942,8289,-8290,8402
-992.3414,5970.389,406.54572,1000,13.914817,7802,-7803,8087
-992.3326,9440.354,428.70752,1000,21.976677,-510,511,4765
-992.3043,7143.5166,448.97974,1000,16.568796,-461,462,634
-992.3019,6262.403,432.1721,1000,14.520416,7479,7480,-8111
-992.28577,28065.588,1322.3649,3000,21.646387,5255,5256,6344
-992.27386,20655.682,599.2671,1379,34.604855,6897,6898,-6932
-992.26587,5930.9097,394.45255,1000,13.687788,7830,-7831,8081
-992.2621,7455.49,670.0553,1600,10.748714,7476,-7477,7869
-992.253,8687.104,579.17377,1670,11.985276,7684,-7685,7730
-992.24854,11749.703,629.4726,1497,18.073618,-8063,8064,8397
-992.2475,5392.2627,546.9809,1290,9.624215,7828,7829,-8386
-992.2251,18062.404,1066.662,3000,13.822366,7684,8408,8414
-992.2203,11067.371,673.06866,1725,14.720306,-8190,8191,8400
-992.21326,20996.662,390.973,1000,48.130352,8281,-8342,8374
-992.18396,18219.553,1231.7174,3000,13.869256,8200,8201,8363
-992.1746,6032.8125,483.0762,1053,13.067997,8353,-8357,8391
-992.1302,15184.996,777.7114,1845,18.667149,7444,7445,-8317
-992.1191,10113.073,552.0622,1000,22.905077,4915,4916,-5001
-992.1112,9728.448,613.17,1567,14.047158,8307,-8308,8316
-992.1028,19397.244,847.9088,1446,30.319527,8289,8290,-8418
-992.0889,15112.764,1245.849,3000,11.3660755,7796,7797,8220
-992.07574,13811.604,717.5223,1948,15.970616,8303,8304,-8310
-992.07245,9501.008,572.3299,1452,14.732928,-7463,7464,8138
-992.048,27319.805,1182.7894,3000,20.441078,8363,8375,8376
-992.04486,4054.8167,418.85922,1000,9.098018,-8096,8097,8348
-992.0437,2207.6448,157.10255,129,38.393116,-7565,-7566,7823
-992.03546,19976.113,1442.8553,3000,14.922945,252,253,346
-992.0201,8727.724,648.51483,1433,13.623232,8309,8310,-8384
-992.00806,14589.506,1218.0438,3000,10.861551,1789,1790,1804
-991.9828,21133.287,950.8317,3000,15.683602,3780,3781,5509
-991.9765,4148.8267,186.30702,224,41.20373,7673,-7674,-7994
-991.93994,15711.79,1249.4282,3000,11.598225,7473,7474,7830
-991.93854,13123.164,673.09454,1000,29.056952,8294,8425,-8426
-991.9374,10381.281,541.8942,1194,19.248444,-7881,8085,8302
-991.92816,12318.352,654.6202,1664,16.37014,-8090,8091,8402
-991.9046,7191.3667,450.93298,1507,10.521651,8167,8168,-8170
-991.8847,11576.289,706.651,1876,13.572365,-8041,8042,8268
-991.88306,13667.337,373.38608,1000,30.05497,4761,4762,-6655
-991.8749,13529.602,749.0714,1881,15.801256,7656,-7657,8121
-991.87476,5410.2754,333.78412,1000,11.885251,7643,-7644,8129
-991.8635,32651.67,765.12994,1451,49.36597,8382,8383,-8416
-991.8608,14332.688,760.91864,1792,17.540112,7357,-7358,7732
-991.8492,12727.48,718.70966,1760,15.836314,-8088,8108,8422
-991.8233,1078.0905,-65.894394,68,34.609333,-8299,-8370,8379
-991.80743,7688.669,408.70514,1220,13.730791,8071,8072,-8125
-991.8056,6859.667,416.74506,1018,14.677825,-7809,7810,8131
-991.8042,9198.8955,718.7073,1744,11.487416,-7480,7481,8213
-991.79407,1465.401,-45.921745,-92,34.647083,-7676,7677,-8006
-991.78815,10540.622,693.22656,1497,15.3048525,186,227,-915
-991.78546,8810.615,382.21054,1000,19.144693,8136,8137,-8320
-991.7778,16507.059,1377.5901,3000,11.944953,7861,7862,8326
-991.7453,19928.672,1364.6509,3000,14.364117,880,881,4792
-991.7338,3712.4744,128.71126,548,14.628631,-7458,7459,-8323
-991.7036,5352.063,274.1689,721,15.970616,-8303,8304,-8310
-991.7012,11821.732,535.75745,1000,25.426645,24,-187,4922
-991.70056,19982.902,1129.2585,3000,14.325588,7652,7653,8427
-991.69995,16217.704,675.2659,1386,25.163368,7442,7443,-7854
-991.6951,6163.521,373.4008,1000,13.2471075,-7616,7617,7995
-991.683,17704.016,1299.4344,3000,12.665102,6937,6938,6958
-991.6289,5035.316,297.46585,1000,10.736636,8108,8109,-8314
-991.59247,11189.929,472.3071,1000,23.756554,-7822,8141,8301
-991.584,25431.264,1295.5935,3000,17.978941,2676,2677,5094
-991.5839,20995.58,1458.0911,3000,14.842995,7791,7792,8294
-991.5774,23091.936,1247.9331,3000,16.312372,7664,7691,8422
-991.5712,14302.057,400.72867,1000,30.287228,7438,7439,-8101
-991.5601,7746.6494,607.8419,1000,16.383333,4463,4464,-4878
-991.5526,11268.622,722.3226,1725,13.803284,8189,-8190,8398
-991.5216,5583.8804,556.2674,1346,8.733802,8387,8388,-8398
-991.5213,15495.37,1275.2076,3000,10.873697,7862,7863,7912
-991.49866,14685.577,579.9204,1529,20.165972,-8151,8152,8155
-991.4395,8694.272,456.55606,1000,18.128426,8344,-8345,8422
-991.438,8923.055,761.86743,1527,12.182115,-7801,7905,8335
-991.4263,13984.982,1271.4922,3000,9.705022,7813,7814,7909
-991.40155,6731.2417,623.6395,1469,9.512161,8200,-8201,8361
-991.4008,7509.301,624.61786,1369,11.385795,7510,-7511,8211
-991.37854,7380.9336,738.0497,1803,8.475364,7799,7800,-7915
-991.37756,16529.814,939.67566,1622,21.096556,8123,-8124,8283
-991.3684,15262.207,913.68945,1648,19.151138,8283,-8296,8355
-991.3404,8429.217,419.89102,1000,17.37457,7489,-7490,7700
-991.3334,23937.97,1384.9192,3000,16.433836,422,423,3428
-991.3259,19041.982,1243.8414,3000,13.061522,8101,8102,8304
-991.3242,15132.896,1343.0675,3000,10.3780575,7826,7827,7866
-991.32043,1753.8835,62.440586,271,13.309364,8303,-8304,-8326
-991.31573,25502.969,1078.4841,3000,17.472717,8236,8237,8242
-991.3114,19262.729,781.95886,1649,23.997791,-7531,7532,8239
-991.28424,19863.656,1371.5552,3000,13.559901,430,431,893
-991.2762,9862.644,646.6141,1647,12.252284,7912,-7913,8396
-991.2634,12305.275,515.2679,1000,25.140625,5919,5920,-6550
-991.23553,168.08382,15.197211,51,6.712062,-7534,7535,-7617
-991.2147,6504.454,446.05035,1115,11.852338,7814,-7815,8220
-991.208,15903.853,1322.633,3000,10.762634,7866,7867,8339
-991.19324,3333.3264,110.67901,396,17.060417,8089,-8090,-8136
-991.19116,9650.829,844.2135,1953,10.013087,-8318,8320,8360
-991.19055,35648.15,1461.3768,3000,24.076344,6567,6568,6636
-991.185,3206.6267,161.41435,500,12.986186,-8128,8129,-8346
-991.175,9100.543,754.3066,1767,10.41691,-7523,7524,8345
-991.1673,3464.3076,239.92978,492,14.229214,-7897,-7898,8310
-991.1631,6579.8237,320.18988,1000,13.290417,-7539,7684,8409
-991.15,4706.835,313.9563,1000,9.493176,8087,8088,-8312
-991.1431,8381.137,435.5683,1000,16.890648,435,436,-800
-991.1425,7894.8,499.86743,1323,12.025298,-7517,7518,8196
-991.1189,3223.3752,102.5695,174,37.232323,-7357,7359,-7988
-991.0745,14591.714,716.6759,1472,19.823986,-3432,3433,6185
-991.0719,7254.3174,633.9461,1346,10.77496,7484,7485,-8398
-991.0494,8500.652,445.06458,1000,16.952131,7982,7983,-8060
-991.04816,16127.05,755.5155,1790,17.964417,-8334,8406,8407
-991.04126,9302.729,491.2786,1000,18.534855,8371,-8372,8428
-991.0348,16411.264,1136.8818,3000,10.891454,1957,1958,2169
-990.9645,7844.5166,589.2032,1230,12.598875,322,323,-818
-990.9519,11888.337,609.33563,1758,13.340402,8403,-8404,8432
-990.9502,6325.256,257.87994,572,21.810522,-8346,-8347,8422
-990.93317,4646.8706,164.18355,361,25.340906,-7594,-7595,7663
-990.91034,1932.1002,109.383385,323,11.7463875,-8415,8416,-8417
-990.9028,25542.57,1326.5647,3000,16.70549,989,1098,2339
-990.89813,14770.19,739.8966,1809,16.011889,215,-684,6250
-990.8426,7812.022,474.3025,1000,15.226984,7523,-7524,8302
-990.83655,27300.658,1355.4454,3000,17.726294,3430,3431,3464
-990.82025,3815.537,-3.6214159,301,24.648115,7344,-7526,-7887
-990.8078,805.85913,-4.8757634,137,11.422024,-7646,7647,-8122
-990.7815,9327.313,583.1456,1178,15.331136,-8070,8121,8126
-990.77924,11535.052,660.5573,1694,13.18145,-7656,7657,7702
-990.77905,13571.426,1215.6252,3000,8.756973,7907,8213,8361
-990.7585,6490.737,459.29666,1000,12.536469,7848,-7849,8100
-990.75543,7688.6406,416.89737,1000,14.845244,3677,3678,-5826
-990.7553,8468.973,340.81174,1000,16.351696,4647,4648,-6317
-990.75165,11596.677,574.3764,1505,14.871603,7676,7677,-8117
-990.73627,12828.087,816.9986,1790,13.808553,8307,8308,-8334
-990.6865,14546.997,709.6158,1639,17.010063,-8099,8100,8290
-990.67883,7796.379,531.0279,1000,14.929566,368,580,-841
-990.6767,4865.602,386.19382,1000,9.315162,7873,7874,-7891
-990.6716,1567.382,-10.149822,81,37.025898,-8363,-8389,8402
-990.665,13110.969,730.46295,1000,25.069454,8294,8295,-8424
-990.5774,6941.586,436.32272,1000,13.149551,-7623,7624,7729
-990.57306,11360.843,645.17993,1473,14.603678,8126,-8127,8363
-990.5703,19004.23,1346.333,3000,11.991016,398,399,449
-990.5682,5366.743,328.76834,125,81.25092,-8137,-8229,8294
-990.49445,9061.076,510.93118,1000,17.01481,621,-778,6273
-990.4729,20461.887,1460.2239,3000,12.778734,440,441,550
-990.46,20573.748,1232.5698,3000,12.83125,8105,8106,8129
-990.45715,22107.111,1527.6765,3000,13.783397,258,259,820
-990.4132,10694.638,556.47,1697,11.733737,-8053,8054,8062
-990.3994,8581.603,483.64996,1000,15.954918,-7802,7803,8297
-990.3925,9938.358,709.27344,1840,10.034896,8086,8087,-8126
-990.3899,10979.412,772.1468,1643,12.411862,-8300,8301,8340
-990.38135,7985.037,440.05444,1000,14.817879,-8086,8087,8141
-990.35175,18402.338,1390.898,3000,11.348205,52,53,783
-990.34906,6891.5337,597.76587,1386,9.196174,7853,-7854,7871
-990.3475,8117.7075,682.98566,1791,8.381488,7460,7461,-7806
-990.346,15489.26,870.13434,1535,18.656958,8113,-8114,8283
-990.33435,8642.656,729.4057,1811,8.812954,7912,7913,-8189
-990.26434,20362.799,974.19214,3000,12.44442,3741,3742,3782
-990.25824,10172.898,536.64185,1000,18.639393,3448,3449,-3720
-990.25305,22875.074,1165.44,3000,13.963571,7669,7670,8378
-990.2161,15976.738,753.9134,1498,19.457611,-7784,7785,8284
-990.21606,8738.25,552.42804,1000,15.941743,-194,267,765
-990.19684,9291.01,421.9065,1000,16.916904,1957,-1958,6363
-990.1919,14812.912,765.16565,1655,16.28848,4793,4794,-6778
-990.17706,5766.224,207.55186,472,22.198904,8290,-8291,-8430
-990.1601,16621.678,1216.8049,3000,10.050461,2093,2094,2230
-990.1252,5317.5693,390.9254,1000,9.611875,-7834,7835,8218
-990.12085,8289.384,460.73123,1000,14.977095,6048,6049,-6753
-989.9891,18432.092,1277.6659,3000,10.95476,1468,1469,1482
-989.9245,2299.341,3.5720992,106,38.428574,8372,-8384,-8434
-989.9051,3633.9058,134.47467,543,11.83302,-8064,8065,-8185
-989.89246,1931.0088,130.91936,268,12.724097,-8201,-8202,8309
-989.8851,10904.889,834.8356,1902,10.117504,-8082,8324,8329
-989.8805,23561.14,1352.5417,3000,13.852893,1425,1536,2666
-989.85754,11794.697,455.43112,1257,16.51328,3398,3399,-3407
-989.84735,5576.5713,337.59048,653,15.014066,8302,-8303,-8316
-989.82074,10771.4375,790.8074,1785,10.581443,8306,-8347,8350
-989.8054,6718.6816,449.29337,1000,11.763554,-7612,7613,8005
-989.68933,12273.488,647.5167,1673,12.700159,8414,8415,-8434
-989.68524,12984.469,698.12164,1732,12.973072,8131,-8136,8415
-989.64825,10373.147,338.97726,1000,17.886375,8299,8300,-8361
-989.62604,30509.854,1185.7003,3000,17.49839,4330,4331,6252
-989.623,9615.537,452.62546,1242,13.316947,8121,-8122,8419
-989.618,5159.0347,94.85391,184,48.205048,-8262,8286,-8358
-989.60767,7851.2383,754.1034,1753,7.6924934,7827,8202,-8220
-989.6072,27439.17,1131.9402,3000,15.708727,4587,4588,6301
-989.5942,21248.996,1294.5079,3000,12.149698,8300,8301,8345
-989.56854,7814.9854,712.82294,1697,7.8800063,-7468,7469,7837
-989.56256,7157.485,537.2174,1000,12.240293,-7835,7889,8312
-989.5575,7471.5522,485.7242,1000,12.7712,7826,-7842,8318
-989.5532,5280.459,27.91443,296,30.480415,-8359,-8360,8381
-989.54724,9179.236,389.8507,1000,15.6746855,8302,8303,-8320
-989.547,16949.875,1375.5543,3000,9.647818,171,172,697
-989.53503,11890.565,808.365,1305,15.540988,-8287,8288,8336
-989.5278,17221.227,597.9555,1000,29.352854,-1749,1750,4054
-989.5107,9934.083,789.2786,1948,8.677942,-8310,8311,8353
-989.47095,20063.713,751.28436,1000,34.013176,5287,5288,-5731
-989.4709,15629.197,1301.1377,3000,8.831758,7788,8124,8361
-989.4565,7152.2026,672.473,1619,7.4788027,7524,7525,-8356
-989.43695,5659.096,528.00336,1204,7.942488,7877,7878,-7896
-989.39404,6360.2417,346.1214,1000,10.70407,3767,3768,-3780
-989.38727,9048.199,352.3673,1000,15.218077,6000,6001,-6020
-989.3337,6836.0254,599.87286,1442,7.933191,-8097,8098,8354
-989.3301,11832.593,493.94455,1000,19.794436,-3281,3282,4782
-989.3295,3047.6711,261.3633,624,8.170037,-7791,-7792,7910
-989.2851,11771.95,689.7144,1760,11.142197,-8088,8089,8100
-989.2527,8442.468,665.1,1500,9.347657,-296,297,854
-989.25,18792.367,1314.9746,3000,10.401036,215,216,612
-989.24255,14948.059,786.4854,1599,15.511427,-246,247,4833
-989.23285,22675.213,1335.6649,3000,12.530102,990,991,1424
-989.21,4602.763,318.9955,1000,7.614173,7707,-7708,7718
-989.1844,6648.3794,550.9801,1535,7.147934,-3119,3120,3132
-989.18286,2944.7446,271.6325,654,7.429885,-7465,-7466,7797
-989.1753,7582.3994,546.97986,1099,11.376752,-8113,8114,8336
-989.14685,12712.373,676.9826,1000,20.907173,7911,-7912,8294
-989.11395,1896.4009,185.85573,482,6.451149,-7897,7898,-7906
-989.0819,15996.017,1298.2466,3000,8.717047,8339,8340,8360
-989.05304,1171.0767,14.566908,166,11.502908,-8127,8128,-8348
-989.0262,21478.617,921.51746,1604,21.780506,8291,8292,-8354
-989.0043,12629.64,468.25778,1000,20.50176,7453,7454,-7835
-988.98816,9286.855,783.44666,1904,7.906159,-7520,7521,7837
-988.9815,6809.6045,468.6726,1000,11.031255,2212,2213,-6756
-988.9407,4979.0107,393.44006,1000,8.035959,7895,7896,-7902
-988.9029,14159.364,541.23346,1000,22.775023,8230,-8231,8241
-988.82556,2162.6294,69.868286,256,13.494009,8130,-8329,-8344
-988.72687,13855.045,696.7811,1758,12.478671,-8404,8405,8434
-988.71173,9532.55,553.13605,1303,11.568121,-7015,7016,7017
-988.70416,9295.518,465.20312,1000,14.688537,8073,-8074,8422
-988.6675,4237.577,172.78777,433,15.414463,-8137,8138,-8354
-988.59656,11493.372,634.4464,1660,10.837468,8427,-8428,8435
-988.57166,8413.083,462.98022,1000,13.1400385,826,827,-939
-988.4822,6014.58,486.78058,1109,8.404823,7515,7516,-7843
-988.47516,14636.474,1264.7375,3000,7.556208,7893,7894,8389
-988.4677,17656.387,1274.6174,3000,9.109381,2435,2436,2457
-988.44586,6719.187,581.1813,1410,7.361796,3539,3540,-4623
-988.4439,4383.216,431.67566,1206,5.613816,-7535,7536,7623
-988.443,4947.483,490.40076,1000,7.6412177,261,262,-527
-988.43085,20420.525,1421.9463,3000,10.501893,326,327,743
-988.3562,1477.0725,151.83388,450,5.0317454,-7857,7858,-7904
-988.3359,9191.445,665.2054,1548,9.086248,-7857,8339,8345
-988.3272,12077.512,529.81744,1000,18.468346,7723,-7724,8155
-988.3141,12823.728,1141.4219,3000,6.5291348,1181,1182,3071
-988.31165,16414.969,1013.4256,1732,14.473153,-8291,8292,8327
-988.3045,19608.908,1279.2954,3000,9.975572,8390,8391,8400
-988.2284,14408.866,1280.8882,3000,7.282771,7851,7852,7901
-988.22736,5175.3203,554.08167,1359,5.7738957,7834,7835,-7836
-988.1865,7024.3496,428.42786,1267,8.376765,-8422,8423,8426
-988.05396,24095.408,1283.7299,3000,12.000869,7679,7680,8135
-988.0469,4309.603,125.41841,549,11.722171,-8288,8290,-8294
-988.0451,13463.906,698.9139,1673,12.015807,8407,8426,-8434
-988.0412,9217.426,544.02423,1378,9.983807,-7494,7495,7993
-988.0175,5033.696,427.67123,1000,7.4983215,-7856,7857,7898
-988.0161,7342.4805,530.4909,1000,10.936303,8085,-8086,8317
-987.9819,10906.715,469.44318,1000,16.198788,6263,6264,-6694
-987.97345,7879.4824,760.6764,1906,6.1356177,7871,7872,-8352
-987.96936,8472.266,492.12247,1275,9.858824,-7552,7553,8417
-987.87524,13454.354,639.1744,1000,19.80679,-7835,7836,8283
-987.8318,8245.46,788.65155,1870,6.4680243,7860,7861,-8358
-987.8093,7741.712,736.85956,1802,6.2904234,-7791,7792,7868
-987.8001,11180.902,655.09485,1963,8.333473,-8036,8037,8055
-987.7812,9166.151,574.184,1000,13.3900795,8125,8126,-8214
-987.7307,3445.92,241.47939,591,8.482484,8328,-8329,-8360
-987.71796,21486.898,1154.157,3000,10.40892,8407,8408,8417
-987.69415,9933.598,779.53906,1845,7.809482,-8317,8318,8357
-987.66986,5254.1616,478.21005,1000,7.6060605,7519,7520,-7884
-987.6612,13091.673,1229.7913,3000,6.3128304,7806,7807,7859
-987.626,23622.703,1254.2164,3000,11.358498,8412,8433,8435
-987.6256,1448.958,107.68467,137,15.255799,-8304,-8305,8306
-987.5572,2620.117,236.954,555,6.772266,-7786,7787,-7898
-987.5231,13250.844,1224.8939,3000,6.3188767,7816,7817,8213
-987.493,28359.209,939.7406,3000,13.490963,4516,4517,6147
-987.4756,10256.08,506.60196,1446,10.108338,8404,8416,-8418
-987.4733,10022.823,559.68787,1000,14.281652,28,29,-900
-987.4544,4616.322,432.06238,1000,6.567952,7809,-7810,7905
-987.45264,6502.6787,512.7895,1278,7.2382345,7569,7570,-7597
-987.4155,2669.4104,147.03809,323,11.722033,7972,-7973,-8069
-987.3758,5561.1445,35.652134,-100,78.629326,-7413,-7414,8227
-987.36664,7905.1294,495.16425,1000,11.169027,318,319,-547
-987.362,9711.422,437.28854,1000,13.716067,8168,-8169,8176
-987.35956,13563.58,1251.8583,3000,6.3843236,7787,7788,7825
-987.2918,13660.284,707.5691,1000,19.18672,6460,6461,-6467
-987.29083,20303.896,1489.6644,3000,9.505296,8302,8325,8335
-987.2857,17745.832,1263.772,3000,8.304391,8111,8112,8333
-987.1375,11752.901,370.41086,1000,16.30967,8286,8307,-8345
-987.1244,554.4947,36.11646,103,7.46304,8429,-8433,-8434
-987.0988,17831.291,1285.919,3000,8.223508,1022,1023,1057
-987.0789,14474.409,1198.0587,3000,6.665092,7467,7468,7847
-987.0731,8631.089,698.6748,1729,6.892888,-8192,8193,8218
-987.06934,10208.975,743.65753,1529,9.216768,8317,8339,-8359
-987.0471,5390.7314,465.2527,1000,7.4285893,-8198,8199,8386
-986.998,11117.999,1109.6411,3000,5.0876756,7554,7555,7625
-986.825,11873.46,411.89822,1377,11.681985,-8370,8371,8376
-986.81934,6983.522,646.8225,1652,5.7246804,7785,-7786,7801
-986.80896,2764.5823,265.90573,584,6.4056463,-7461,-7462,8359
-986.80084,12158.458,759.5328,1000,16.442068,-8293,8294,8300
-986.74646,5885.065,481.70496,1000,7.925819,-7833,7834,8330
-986.7452,6334.4595,543.0246,1084,7.869222,8393,8394,-8399
-986.7054,6030.1914,486.0634,1292,6.2663817,-8332,8333,8348
-986.6895,7676.095,487.1044,1000,10.293689,108,109,-603
-986.6839,2630.899,5.4457593,-65,54.254883,-7580,-7594,8396
-986.6498,3992.739,325.3103,745,7.165563,-8080,-8082,8099
-986.57074,7010.1123,432.04333,1000,9.317465,8417,8431,-8435
-986.5553,5597.624,434.8922,1084,6.8556232,-8330,8331,8342
-986.54785,6040.1836,431.53955,1000,8.014602,7569,-7570,7601
-986.5351,7492.914,410.73358,1000,9.932813,7500,7501,-7589
-986.4946,14962.82,684.92267,1071,18.464664,7445,7446,-8047
-986.4683,587.2577,22.87228,81,9.563486,-8324,8347,-8360
-986.39746,6964.8716,405.7368,1000,9.139393,8416,8427,-8435
-986.395,8379.28,521.092,1523,7.2182655,8037,8038,-8048
-986.3764,21185.467,1254.196,3000,9.252281,8084,8085,8302
-986.35474,17544.525,1204.8022,3000,7.65001,1315,1316,1365
-986.3538,13968.761,1284.3444,3000,6.0904465,7814,7815,8331
-986.15466,10373.707,569.0031,1431,9.345756,8418,8419,-8432
-986.14935,7592.42,406.3809,1000,9.784413,-8385,8386,8398
-986.119,7657.2417,395.84802,1000,9.846371,8422,8423,-8427
-986.0816,9000.401,692.78516,1608,7.1781178,-8323,8324,8337
-986.07806,18182.885,1198.2571,3000,7.7708077,7495,7496,7504
-986.0536,22208.389,1501.7242,3000,9.474528,8297,8298,8332
-986.0443,24145.934,1330.6938,3000,10.294256,8428,8430,8433
-986.0001,9970.415,801.9861,1825,6.9654627,-8326,8331,8345
-985.96423,8144.988,595.39795,1311,7.9008965,8306,-8307,8322
-985.9556,2326.6765,148.81198,319,9.269752,-7695,7696,-7700
-985.95465,7397.2427,441.2756,1000,9.400743,8423,-8425,8433
-985.9186,7575.1284,376.3876,1000,9.602127,-8414,8425,8434
-985.89954,23362.652,1192.072,3000,9.858073,8405,8414,8415
-985.8723,22399.775,1455.7174,3000,9.433565,8301,8302,8317
-985.7198,10896.4375,546.5844,1273,10.699061,-8409,8410,8422
-985.7092,3725.988,53.069366,136,34.21937,-8201,-8390,8406
-985.693,4807.9155,439.51315,1000,5.998362,7842,7843,-7868
-985.67615,6629.927,370.806,1000,8.261784,8422,-8424,8426
-985.66766,1579.9224,122.352776,241,8.164436,-7852,7853,-8326
-985.6612,3307.833,191.50809,400,10.294256,-8428,-8430,8433
-985.6372,9016.397,463.52933,1069,10.481933,8298,8299,-8337
-985.5761,1246.9844,69.79461,136,11.346538,-7478,7479,-8359
-985.52826,8786.663,443.24554,1000,10.837468,-8427,8428,8435
-985.48987,7088.774,394.80563,1000,8.720154,8409,-8410,8419
-985.4852,8353.207,602.38654,1350,7.6091194,1254,1255,-1887
-985.4111,12036.063,669.14734,1431,10.290724,8427,8428,-8432
-985.38025,5715.201,313.41156,1000,6.9777594,-8424,8425,8435
-985.3622,21191.47,1054.6666,3000,8.613678,8403,8404,8419
-985.36194,23475.203,1190.5956,3000,9.541759,8404,8405,8429
-985.3548,6374.8584,392.10294,1000,7.769609,-7735,7736,7753
-985.3468,2709.2078,263.449,614,5.374841,-7837,7838,-8358
-985.2607,29054.293,1144.0739,3000,11.728326,6617,6618,6624
-985.2509,12512.769,890.0225,1767,8.569917,8123,8124,-8360
-985.20306,21022.553,1150.0238,3000,8.453106,8416,8417,8419
-985.09796,11969.95,645.5596,1547,9.267907,-8405,8424,8432
-985.06604,13492.015,708.5263,1745,9.241237,-8406,8407,8426
-985.04016,22399.375,1187.8494,3000,8.908674,8415,8416,8429
-985.0338,15182.196,727.9706,1673,10.823111,8405,8406,-8434
-985.01263,851.62964,69.32508,191,5.3102713,-8416,8417,-8430
-984.9602,7805.9087,399.92374,1000,9.264166,-7629,7630,7657
-984.9491,11195.459,625.30164,1745,7.608653,-8406,8420,8425
-984.9275,12908.228,765.2682,1902,8.037022,-8082,8084,8087
-984.8904,6735.2964,588.40015,1495,5.3221455,7618,-7619,7621
-984.8127,3293.2058,220.72705,286,13.533074,8283,-8284,-8322
-984.67474,20681.402,1247.7961,3000,8.029268,8218,8395,8397
-984.65845,1537.1177,189.81697,368,4.8597574,-8187,-8188,8200
-984.60126,21927.02,1181.2867,3000,8.4722395,7452,7453,8278
-984.5957,9958.959,483.55908,1000,11.539776,72,73,-126
-984.59,14874.698,1325.931,3000,5.743141,7822,7823,7840
-984.586,7993.707,550.60724,1317,7.028645,8391,8392,-8394
-984.4711,436.03223,0.90206933,-11,45.562885,7714,-7715,-8391
-984.4346,22442.414,1219.1158,3000,8.578494,8412,8413,8427
-984.3838,13020.285,695.05096,1538,9.676381,8419,-8420,8433
-984.3682,10274.373,113.640434,152,77.1842,-2193,-2930,5909
-984.3609,8650.351,552.4687,1213,8.139275,-8103,8104,8306
-984.3477,7759.391,615.50525,1562,5.664915,1999,2000,-6664
-984.34485,13683.877,1246.6012,3000,5.2006235,7889,7890,8204
-984.33075,6918.5254,414.87115,1000,7.8811474,8426,8427,-8435
-984.3069,9984.31,430.37967,1000,11.35621,6249,6250,-6446
-984.28906,8992.372,645.69543,1672,6.1102586,-8195,8196,8197
-984.27405,12322.971,660.7398,1660,8.425873,-8417,8418,8419
-984.26404,4958.343,369.3953,1000,5.6242795,-7587,7588,7622
-984.08057,8635.15,433.7523,1000,9.682029,-8414,8415,8418
-983.99286,10572.414,565.347,1547,7.6206946,-8405,8406,8420
-983.9662,17817.81,829.9842,3000,6.611817,8060,8061,8065
-983.9264,21111.637,1131.8041,3000,7.8146763,8419,8420,8432
-983.7412,4522.124,360.72992,653,7.6026626,8314,-8315,-8348
-983.6896,13365.488,862.8889,1986,7.3648586,8208,-8209,8390
-983.6734,5332.0605,501.5134,1000,5.8293967,573,574,-672
-983.4609,20645.367,1117.901,3000,7.4269876,8420,8425,8432
-983.3895,11531.768,679.82825,1526,8.120527,-8389,8390,8397
-983.3743,11641.52,828.7834,1780,7.021579,7991,-7992,7998
-983.3654,6367.057,413.5837,1000,6.8320527,8104,8334,-8341
-983.347,4287.2656,337.51196,798,5.758505,-8317,-8318,8340
-983.2892,10497.344,561.54156,1430,7.8409877,8423,8424,-8433
-983.21545,4669.6597,157.80493,201,24.706112,-8241,8242,-8291
-982.9716,20678.895,622.0527,1000,21.67594,8282,8283,-8320
-982.94885,24974.049,1244.4978,3000,8.714412,5982,5983,6041
-982.92804,14137.95,1270.3246,3000,4.9272757,7835,7836,7859
-982.90564,5251.2563,321.8558,1000,5.4832006,8414,8420,-8425
-982.8972,21111.826,1337.2087,3000,7.3445,1692,1693,1758
-982.8963,2222.7302,97.32162,-46,50.427067,-8221,-8222,8426
-982.79706,7690.296,182.83629,120,66.494156,-8034,-8091,8151
-982.78235,5442.4033,138.52858,123,45.870857,-7357,7358,-7418
-982.6792,20817.188,1148.7424,3000,7.150856,8426,8427,8434
-982.66504,12726.668,573.3753,1000,13.104358,-3428,3429,6279
-982.6555,7780.73,681.41016,1619,4.9458055,8351,8352,-8356
-982.6158,22494.605,1203.4502,3000,7.698856,8424,8430,8434
-982.6,12976.284,661.0956,1986,6.7026386,8183,8184,-8209
-982.5757,7155.7847,458.68674,1215,6.033224,8077,8078,-8104
-982.5704,22688.729,1126.9419,3000,7.7450805,7763,7764,7766
-982.53687,15774.12,572.03217,1000,16.123055,8237,-8238,8242
-982.4455,621.50574,41.7359,88,7.181215,-7500,7501,-7999
-982.1894,8620.916,383.8895,1000,8.639721,7971,7972,-8392
-982.17773,11734.411,933.9987,1818,6.464418,8310,-8311,8336
-982.17676,13133.668,713.30664,1762,7.464803,-8421,8422,8423
-982.1461,22621.686,1551.5094,3000,7.5386724,507,508,775
-982.0906,23571.213,1274.0292,3000,7.8307505,8428,8429,8432
-982.05164,7988.0073,453.1264,1000,7.943985,8122,-8123,8127
-982.031,5555.9023,439.2966,1000,5.5189347,-8312,8329,8336
-981.95215,19853.02,1098.1854,3000,6.5449114,8408,8423,8425
-981.88275,9547.747,774.13074,1790,5.2550836,8333,-8334,8349
-981.86096,5698.973,435.56058,1000,5.607993,7522,7523,-7803
-981.8457,1162.2931,67.160225,72,15.87186,-8218,8219,-8316
-981.7883,7384.8184,419.2465,1000,7.237937,8427,8432,-8435
-981.52106,9071.382,559.0755,1416,6.1881,7480,7481,-7852
-981.5185,9171.756,389.75098,1000,8.858086,8084,-8085,8300
-981.35547,4284.532,377.8887,1000,4.101814,7556,-7557,7570
-981.3416,4726.597,372.01624,665,6.799501,-8316,8317,-8347
-981.31866,10879.449,792.0229,1845,5.6341267,-8317,8322,8333
-981.29443,9082.66,470.66016,1000,8.666949,8413,-8414,8422
-981.24146,7769.835,418.45914,1000,7.39327,-8426,8427,8432
-981.0761,10947.87,826.50964,1935,5.3365836,-8338,8339,8345
-981.07227,9903.325,754.29004,1693,5.516333,8342,8343,-8348
-981.05444,9980.457,735.7477,1693,5.5540576,8333,8334,-8348
-981.034,4883.1113,399.44202,1001,4.5910387,7786,-7787,8193
-980.95306,1576.1074,160.18323,42,35.16701,-8335,-8367,8370
-980.9427,4765.96,304.5109,1000,4.4638863,-8412,8416,8420
-980.8843,12197.73,663.5399,1740,6.5458083,8425,8426,-8430
-980.5624,1885.5621,147.36441,225,7.6955557,-8071,8319,-8347
-980.5572,8321.09,320.3652,1000,7.6391654,3380,3381,-3416
-980.48395,24560.418,1315.7208,3000,7.4876723,8421,8424,8433
-980.30945,7558.9873,744.13336,1791,3.825913,-7806,7807,7821
-980.28955,1386.3457,-1.8560331,80,15.69313,-7914,8130,-8387
-980.1962,23213.756,1279.8445,3000,6.974299,8431,8432,8433
-980.1518,20659.113,1135.6411,3000,6.1928916,8418,8419,8420
-980.04926,12174.886,276.77966,232,46.95077,-8239,8240,-8348
-980.0364,6805.533,306.41708,1029,5.9133205,8402,8403,-8419
-979.9536,11166.621,955.016,1954,5.088451,-8335,8336,8362
-979.893,31459.41,854.99133,1054,26.496397,8239,8240,-8413
-979.8273,10339.013,550.62445,1446,6.326595,-8418,8419,8423
-979.7886,7419.1284,344.0762,1000,6.5520954,7353,-7354,8371
-979.6496,9370.098,464.23102,1000,8.218554,8421,8422,-8426
-979.6328,7109.429,372.70746,1000,6.2305727,-8431,8433,8434
-979.4916,19237.146,1145.6118,3000,5.5810003,8073,8074,8304
-979.43866,8183.461,420.4597,1000,7.1041164,8424,-8425,8434
-979.43365,6984.3066,374.19305,1000,6.0616384,-8429,8430,8432
-979.41473,20592.545,712.6457,1084,16.47208,8283,8284,-8330
-979.3378,7367.211,427.0529,1000,6.364313,-8412,8413,8424
-979.15826,9274.274,476.98398,1000,7.9427485,8425,-8426,8428
-979.1456,7154.899,478.97968,1000,6.1239333,1936,1937,-6755
-979.1442,15746.141,387.74225,1000,13.47636,4601,4602,-4656
-979.0015,8932.276,729.86316,1693,4.484792,8347,-8348,8349
-978.99554,4047.5703,394.30487,1000,3.4395971,7802,7803,-7844
-978.9556,16619.26,1374.694,3000,4.6987133,8323,8324,8348
-978.9422,12035.783,588.7354,1374,7.425037,-8403,8404,8407
-978.70905,14965.005,404.52917,1000,12.546023,-8378,8379,8382
-978.60443,11478.88,672.43823,1762,5.4349356,8417,8418,-8421
-978.58777,18272.568,1461.3058,3000,5.077398,358,359,911
-978.25635,11535.714,255.78065,219,43.24071,8240,-8241,-8309
-978.1783,10105.017,540.6889,1374,6.015693,8402,-8403,8420
-978.10236,9933.016,453.2802,1000,8.096693,1557,1558,-5188
-978.0355,18122.47,581.96436,1000,14.727241,8286,8288,-8339
-977.95776,18853.307,1301.4468,3000,5.0890336,8103,8104,8119
-977.7394,7388.399,481.39658,1167,5.0765285,-8095,8096,8109
-977.7109,9852.737,470.75687,1000,7.8901978,8407,-8408,8425
-977.565,14138.577,1263.4597,3000,3.7495818,7788,7789,8331
-977.4244,8088.776,457.19806,1029,6.2151504,8418,-8419,8424
-977.41406,19350.479,1496.8992,3000,5.097497,8321,8322,8336
-977.29156,29867.018,1295.8676,3000,7.8254175,6205,6206,6324
-977.18134,3177.624,163.28046,413,6.0184703,-8430,-8434,8435
-977.0946,28750.512,1357.2814,3000,7.468114,3365,3366,4647
-976.5743,13468.288,400.43658,1000,10.262285,8376,-8377,8379
-976.5197,6042.6636,320.3783,1000,4.593559,8403,-8410,8418
-976.4996,11653.255,1087.481,3000,2.9503615,7558,7559,7590
-976.3811,21534.293,1186.4185,3000,5.4246798,8430,8431,8434
-976.37866,10202.271,492.37967,1000,7.7093396,-7693,7694,7701
-976.3089,19864.492,1467.9926,3000,4.988788,263,264,519
-976.1794,12596.567,684.19946,1740,5.4246798,-8430,8431,8434
-976.1695,18357.303,1494.1704,3000,4.5833006,8335,8336,8351
-976.1554,3605.0823,362.04593,1000,2.69867,7556,7557,-7567
-976.0461,10827.855,591.2646,1538,5.2460694,8409,8410,-8420
-975.98267,3368.0273,192.83661,413,6.060737,8429,-8430,-8434
-975.9484,30898.73,883.61523,1000,22.930931,8240,8241,-8408
-975.6302,10707.596,1114.963,3000,2.6142242,7574,7614,7616
-975.4932,11603.663,370.24228,1000,8.451501,7339,7340,-8392
-975.01263,4272.671,286.7769,713,4.280692,8087,-8088,-8102
-974.8858,16166.803,1338.5591,3000,3.8300774,7894,7895,8123
-974.82544,10758.581,1092.0458,3000,2.5427082,7551,7552,7561
-974.58484,6057.956,478.18338,1267,3.3580048,2000,2001,-2012
-974.34436,4646.023,434.068,1000,3.2323854,-7858,7859,7872
-974.2416,21361.996,1470.1385,3000,4.9343038,248,249,494
-974.1243,1712.5193,44.206856,-26,45.43548,-7862,-8007,8298
-974.0291,29500.854,1537.7754,3000,6.7585106,6191,6192,6259
-973.92834,4633.8037,294.22702,80,39.655525,8294,-8295,-8381
-973.8458,1224.0441,75.65282,28,29.83475,-8294,8295,-8409
-973.69476,22664.79,1266.8827,3000,5.1263967,8429,8430,8433
-973.49084,6084.5933,432.13342,1000,4.0969453,-8092,8093,8345
-972.9735,7985.2925,476.8738,1000,5.2738204,-8081,8082,8301
-972.69604,15454.287,777.00507,1745,5.7896514,8405,-8406,8424
-972.5219,9105.237,454.60922,1000,5.914651,8424,8425,-8426
-972.10547,4253.098,425.9921,1000,2.7215126,7804,7805,-7849
-972.0053,8271.899,414.30487,1000,5.2741632,8411,8412,-8414
-971.9357,9563.666,455.04825,1000,6.0826774,-8411,8412,8419
-971.8263,5057.715,447.12793,1053,3.0430336,8356,-8357,8362
-971.49567,7558.765,427.32874,1054,4.490804,-8413,8414,8431
-971.20856,1442.0824,110.04724,316,2.8292012,-8071,-8072,8074
-971.2003,3812.9624,307.77362,659,3.586031,-8082,-8083,8344
-971.1798,3360.0718,199.76125,396,5.2550993,-8301,8302,-8311
-970.8172,8546.285,334.8709,1000,5.2272706,-8373,8374,8380
-970.6869,23286.566,1330.2773,3000,4.726578,84,85,4979
-970.45874,2157.9023,69.00499,111,11.7463875,8415,-8416,-8417
-970.4415,5035.4116,451.12357,1063,2.8605175,-3537,3538,3543
-970.39154,2280.895,11.567633,25,55.001434,-8053,8286,-8401
-970.188,11384.746,645.82983,1740,3.9174845,8413,8414,-8430
-969.6751,17561.27,1393.9479,3000,3.4455585,647,648,808
-969.32587,2472.5476,149.43704,17,84.63453,-5067,5068,-5767
-969.0295,7803.8374,431.77856,1273,3.5331013,8408,-8409,8411
-968.96967,613.5568,33.45837,-60,5.882224,-7723,-7724,7745
-968.74475,19193.877,1096.8325,3000,3.6537843,8408,8409,8417
-968.5406,6606.7935,380.67642,1000,3.748561,8409,8413,-8426
-967.94116,10672,608.4632,1762,3.3722284,8411,8420,-8421
-967.591,3183.8845,365.69818,1000,1.7535415,7604,7605,-7607
-967.53467,9107.647,815.74243,1906,2.6271677,8349,8350,-8352
-967.3847,9983.158,575.5631,1446,3.7783523,8417,-8418,8427
-966.62006,27934.754,1206.4944,3000,4.9792347,8290,8291,8299
-966.1307,6704.069,387.76358,1000,3.5331013,-8408,8409,8411
-965.20154,7856.126,481.80646,1000,4.0297003,-8123,8124,8127
-964.95074,4175.4233,384.63492,1000,2.1264043,7911,7912,-8385
-964.657,1242.9534,110.51832,223,2.8149533,8353,-8354,-8356
-964.5613,9981.019,609.1438,1726,2.9125988,-8264,8265,8271
-964.2577,21168.21,1142.1141,3000,3.5237489,8410,8411,8421
-963.7956,21138.062,1143.2855,3000,3.4738188,8410,8414,8421
-963.7683,17801.506,1285.627,3000,2.9232838,8082,8083,8298
-963.6143,5329.494,-30.561884,-98,26.678022,-8081,-8082,8376
-963.11646,7324.831,380.64505,1000,3.5447786,8406,-8407,8419
-963.11,17780.768,1450.1221,3000,2.8677719,917,918,919
-962.7953,772.7261,32.72928,33,11.23409,-7854,-7913,8343
-962.47064,1749.7374,139.7167,377,2.2074184,-8327,8328,-8334
-962.0386,3489.3162,20.752972,-47,34.907974,-8102,-8200,8424
-961.05597,4458.326,421.84863,1000,2.0434084,7837,7838,-7868
-960.0477,5387.392,430.89172,1000,2.4069183,-168,169,170
-958.6945,23016.584,1291.2872,3000,3.3154018,8430,8431,8433
-958.4537,17452.777,1044.7441,3000,2.499398,8269,8270,8273
-957.15845,21354.064,1391.7146,3000,2.9656425,418,419,6739
-955.6384,12902.401,1245.5042,3000,1.7304802,7793,7794,7802
-954.50574,6904.177,365.00864,1000,2.7088158,8410,-8411,8420
-954.25745,7831.2783,11.077737,-99,30.867512,8281,-8282,-8416
-953.9383,4117.296,122.10641,219,7.2853794,-8303,-8304,8313
-952.9517,7690.785,407.09146,1000,2.9177718,-4036,4037,4040
-952.26416,11051.568,521.50385,1267,3.261575,8406,8407,-8422
-948.2657,9274.447,480.05112,1203,2.659918,7658,-7659,7678
-946.59827,19627.055,1560.743,3000,2.1867685,8325,8326,8338
-945.87665,2519.754,10.598398,-25,33.23977,-8304,-8359,8369
-945.4516,1281.4324,41.2103,-9,46.590317,7479,-7480,-7624
-944.9203,22525.848,1205.315,3000,2.4332845,8420,8421,8424
-939.8321,3570.9417,-5.4003773,37,28.63127,-8354,8368,-8384
-938.5001,24789.662,1383.0679,3000,2.3982773,3852,3853,3857
-935.42975,12622.483,825.35175,1953,1.7866296,-8102,8103,8104
-931.9539,6626.939,338.2265,1000,1.7383388,-6082,6083,6084
-929.94714,4672.6465,218.36049,105,11.338931,-8288,8289,-8307
-926.70807,11452.719,625.2734,1757,1.587469,7674,7675,-7676
-924.17053,8525.425,301.76935,53,37.864,-8271,8288,-8303
-919.1208,3429.1787,119.1478,29,26.096344,-7672,7673,-7837
-911.2302,17120.9,982.71954,3000,1.1475319,8273,8274,8275
-881.10925,6376.8384,17.01412,18,53.187473,-7440,-8034,8382
-850.6475,1934.2455,-13.351848,-12,19.263817,-8290,8291,-8349
-823.41327,-2350.2605,17.749075,-5,10.189493,8389,-8390,-8401
-658.2673,2279.0693,77.78933,6,19.840115,7339,-7340,-8063
-624.1236,18566.111,178.66614,-32,27.551825,8383,-8384,-8388
-439.8952,-7721.974,25.454397,17,18.431244,-8281,-8282,8301
-343.50626,-1398.2528,-75.00347,7,10.379524,-8422,-8430,8434
-301.0993,-2386.111,45.204735,2,70.72539,-7509,-7510,7798
-188.55736,-784.52924,-21.163343,-2,37.133003,-7580,7581,-8329
-186.13786,-1933.3573,-73.53319,29,6.3929873,8420,-8421,-8422
-103.697845,-180.28482,-7.6978655,-16,1.9395183,-8418,-8420,8423
-101.17983,-2265.078,-163.04279,-5,79.917816,-7393,7394,-8205
-84.40888,-435.92075,15.774007,18,5.1211953,7851,-7854,-7887
-68.590836,-6029.466,-19.819845,-53,29.604746,-7438,-7439,7849
-62.563152,-3674.6782,10.030866,-44,23.82717,8111,-8112,-8379
-60.344955,-1356.2837,-25.479202,-20,20.058756,8204,-8205,-8327
-56.91375,-3919.4153,-5.125874,-47,26.153551,-8318,8357,-8365
-54.84929,-14566.108,-279.0459,-97,48.86808,8086,-8240,-8366
-54.286102,-5941.5815,-304.2524,-52,37.56942,-8288,-8289,8375
-53.86219,-2920.2488,122.58319,-47,20.590288,8101,-8102,-8293
-50.270515,-1468.5571,45.678463,8,65.17964,-7459,7460,-7727
-48.876194,-3449.047,-16.248024,-13,96.89087,8041,-8236,-8379
-47.982597,-2671.9912,-58.93999,19,52.314503,8050,-8299,-8401
-43.773453,-3149.5518,66.33941,-14,91.73485,8189,-8209,-8246
-40.347996,-4620.936,-166.45448,-85,24.049913,-7717,7718,-8424
-37.41108,-974.65564,55.739964,-12,38.752003,-8274,-8303,8316
-30.562002,-2015.1674,10.550821,54,21.795156,-8346,8351,-8422
-27.10908,-4415.6143,44.013348,-89,32.667118,-7903,7904,-8293
-24.330286,-899.75024,43.552097,-20,33.0042,8393,-8394,-8415
-24.325766,-5563.252,-117.10891,-98,41.65437,7903,-7904,-8260
-24.319344,-486.57663,-48.028004,-76,4.699052,8210,-8211,-8386
-23.399141,-4152.835,-77.82325,-58,54.61868,-7441,-7442,7569
-23.14111,-4914.8594,-22.400507,-81,46.802204,-8082,8083,-8156
-21.768364,-318.88168,16.055355,29,9.016339,-8421,-8422,8431
-21.270494,-2233.3003,-79.557594,-49,38.247047,8000,-8001,-8122
-20.725353,-3452.2388,-52.343323,-94,31.629728,8346,-8352,-8431
-19.516256,-1436.1523,71.80019,-47,27.946701,-8318,8319,-8374
-19.448757,-1275.9355,36.745247,77,15.207947,8085,-8102,-8402
-16.218882,-746.21954,-21.784252,-26,31.586157,-7565,7566,-8071
-15.2107,-3260.0935,-212.58925,-47,81.39682,-713,3494,-3764
-14.898496,-871.94165,1.0149493,-45,23.21437,-7647,-7847,7850
-14.873528,-2885.0752,-85.549095,-45,76.94051,7413,-7530,-7830
-14.623152,-1106.0236,-0.77578676,55,24.546251,-8114,8185,-8188
-14.589668,-2269.3884,-157.51146,56,49.579235,-7764,7765,-8370
-13.577804,-2579.8564,21.53274,111,30.553959,7784,-8416,-8428
-12.19643,-1308.2515,115.225426,-21,91.172455,7886,-7994,-8248
-11.853617,-3514.801,7.3569403,-77,68.73589,-7382,7383,-8184
-11.669528,-502.19934,-51.257965,-98,7.8382883,-7519,7784,-7873
-11.445224,-1969.5787,9.668395,-53,57.9559,-7500,7873,-8094
-10.1460705,-375.3648,93.99119,-42,15.722835,-8130,8314,-8328
-10.087508,-1979.325,24.046356,90,38.914833,8391,-8428,-8433
-10.059832,-2767.5342,49.041702,-93,52.8012,8054,-8055,-8285
-9.506089,-2222.2856,42.63606,-48,86.932304,8195,-8234,-8403
-9.211705,-4122.665,12.354204,170,46.99088,-7545,7845,-8287
-8.708245,-1603.8516,-6.595829,285,11.534881,7598,-7599,-7991
-8.509231,-631.4881,1.5488434,-51,25.973421,316,-317,-4398
-8.338066,-1571.4757,89.751144,38,88.52852,-7995,7996,-8259
-8.309617,-2139.4885,11.43136,48,95.74413,-7764,-7765,8050
-8.009807,-2855.0059,-82.52128,221,28.788376,-8291,-8292,8409
-7.9765477,-2763.8042,150.34581,179,34.551247,-8192,-8282,8330
-7.75453,-614.41,63.00458,22,64.28425,-7430,-7651,7706
-7.536858,-944.2222,75.908195,212,10.548058,-8209,8210,-8395
-7.440068,-1222.4866,44.718838,-74,39.633274,-8069,-8070,8342
-7.401671,-932.81134,61.500896,144,15.621617,-7904,7905,-8122
-7.289436,-997.5336,-87.36292,-78,31.315796,-7800,-7980,8061
-7.1676097,-1210.2815,78.438774,51,59.097122,-7741,7838,-8135
-7.0931377,-763.168,25.521093,-66,29.097944,7517,-7518,-8266
-6.8295827,-1526.6827,-72.92187,145,27.517633,-7989,7993,-8428
-6.821655,-496.5543,-8.271264,-52,24.986078,8274,-8275,-8310
-6.662277,-622.72174,-113.54298,72,23.171988,8286,-8287,-8360
-6.6327186,-2996.701,36.38191,175,46.082733,-8281,-8323,8431
-6.4483714,-4559.513,-209.696,439,28.74937,-7446,-7447,8066
-6.280953,-3530.8635,50.807835,162,61.93909,-7340,-7341,7583
-5.932638,-217.98813,-0.20627983,10,65.58574,7454,-7455,-7723
-5.5245376,-986.6517,-25.994768,72,44.27513,-7578,7579,-7854
-5.4750443,-410.49084,-29.10954,-46,29.092594,-8268,8269,-8335
-5.3637533,-277.5913,-10.433866,90,10.264055,-8428,8429,-8433
-5.301536,-1917.618,-21.587383,-81,79.70762,7745,-7772,-8212
-5.19894,-991.2691,6.3532825,39,87.264305,-7485,7487,-8229
-5.056988,-1798.9807,224.1331,-74,85.807915,-7747,-8182,8346
-5.0546374,-1113.1666,157.59167,46,85.45486,-7737,-8180,8388
-5.011558,-1779.5927,6.4869246,157,40.37129,7542,-7669,-8104
-4.999697,-3629.191,107.40239,200,64.78293,-7538,8095,-8160
-4.8668156,-1131.006,-42.747425,68,61.000805,-8237,8238,-8366
-4.652836,-1447.6454,-104.42561,-60,92.55879,7322,-7323,-8311
-4.385476,-2491.5835,-371.66895,104,97.510155,-7920,7921,-8393
-4.3354707,-970.69653,44.051098,-62,64.45847,-7546,7547,-8063
-3.801848,-2610.6055,-184.677,131,93.562035,8066,-8067,-8222
-3.6658044,-2339.6995,86.124306,120,94.93667,8216,-8229,-8396
-3.6629167,-4027.2405,11.017696,305,64.343575,8223,-8245,-8434
-3.6395726,-3307.3386,171.09573,415,39.084507,-8187,8199,-8281
-3.536261,-6869.852,341.8474,1000,34.67588,1788,1789,-5599
-3.5151777,-167.19443,-20.967768,-70,12.128328,7846,-7847,-8298
-3.4060874,-2379.8848,57.38382,220,56.689404,7340,-7341,-8281
-3.4011972,-2828.162,172.19876,183,81.10467,-7769,7833,-8158
-3.3425436,-624.5327,-49.238182,-74,45.068264,7740,-7741,-8117
-3.2968967,-3432.5642,89.59295,1000,18.58394,4068,4069,-5287
-3.2102797,-866.4856,128.194,110,43.797592,-8067,-8304,8391
-3.0906503,-305.63605,93.377655,30,58.837997,-7747,-7748,7793
-2.9014316,-28.99195,9.059332,-11,16.21425,-8218,-8219,8309
-2.7247257,-154.53064,-6.42138,-37,27.359901,-7912,7913,-8036
-2.62293,-1124.4612,108.4783,112,68.32256,-7553,7554,-8061
-2.503031,-877.5838,-53.24264,137,45.680016,-7994,-8283,8299
-2.4251738,-1059.7972,-49.636524,-87,89.65719,5547,-5548,-6444
-2.253971,-7290.5977,310.79105,1221,47.285023,7817,7887,-8240
-2.1778939,-392.96515,107.55289,214,15.0497055,7468,-8121,-8136
-2.1234088,-612.1971,-67.499405,87,59.151096,-7890,8163,-8175
-1.9914247,-810.291,102.22133,110,66.02508,-8222,-8300,8354
-1.9366722,-439.4022,186.3478,57,71.04863,-8126,-8180,8219
-1.8778609,-3569.5557,15.485767,383,88.58831,-7341,7342,-7537
-1.8668283,-5708.0054,274.74283,1000,54.576344,8203,8204,-8242
-1.8050368,-4622.3413,441.01855,1221,37.435596,-8240,8332,8340
-1.8005645,-341.04584,-24.9521,-46,73.49718,-7414,7415,-8335
-1.6733054,-532.0008,10.669717,116,48.92193,7822,-7823,-8007
-1.6559651,-1411.3914,374.27505,1000,15.213205,7988,7989,-8242
-1.5745088,-6027.376,331.07605,1244,54.927177,-8383,8384,8410
-1.3922182,-510.32404,14.858001,87,75.20451,-7409,7410,-8384
-1.366673,-5179.6616,-291.5026,1000,67.64897,5304,5305,-5447
-1.3442622,-463.0121,56.154736,230,26.730368,-7879,7901,-8428
-1.2895824,-1627.7994,-77.54886,289,77.96118,-2175,2176,-3882
-1.277654,-1007.3515,-6.0782704,150,93.82119,-8170,8272,-8300
-1.254694,-410.00638,115.23934,355,16.43043,-7621,7622,-7721
-1.2235547,-2595.3535,-153.86325,1266,29.906382,7335,7336,-7814
-1.1739545,-213.02809,-28.589558,-52,62.288334,7630,-7854,-8068
-1.1627511,-327.8817,107.0122,138,36.473362,-8266,-8301,8331
-1.1501135,-261.0254,19.17277,77,52.610905,-8276,-8352,8411
-1.119293,-746.1629,-84.138306,229,51.961163,8221,-8222,-8421
-1.1091509,-2064.121,360.6383,1000,33.21766,3589,3590,-6314
-1.0638223,-1977.7843,266.2434,1000,33.18442,7602,7603,-7673
-1.0205545,-1809.7893,179.91359,360,87.925285,-7347,7348,-7713
-1.0201567,-163.7567,33.225033,60,47.753517,-7974,-7975,8423
-0.952168,-2713.8792,312.26315,1000,50.87464,7415,7626,-8177
-0.9416946,-512.80493,9.358388,210,46.285744,-8110,8272,-8291
-0.9055076,-223.38231,27.03553,160,27.520803,-8080,8081,-8394
-0.8707733,-1406.1661,284.07974,1000,28.824114,7580,7581,-8364
-0.8681129,-1142.9812,135.88255,511,45.99032,-7357,-7358,7406
-0.8417679,-511.1773,-101.71554,119,91.08706,-8205,8236,-8264
-0.8055671,-1369.7402,120.38781,416,72.95711,7614,-8043,-8366
-0.80186117,-749.6205,-17.411543,189,88.28866,-8052,8053,-8170
-0.76951206,-3521.426,145.25107,1000,81.68223,-4334,4425,4932
-0.75362533,-3301.3691,176.60616,1000,78.19212,1728,1729,-5875
-0.6636364,-399.07306,164.58955,175,61.335037,7820,-8236,-8304
-0.62559134,-368.90616,92.19003,138,76.27295,-7510,-7776,7853
-0.5391406,-2703.432,165.26796,1000,89.50306,2781,2782,-5618
-0.5223755,-2469.0745,251.54482,1056,79.893585,2015,2016,-3687
-0.50714386,-99.58325,15.0408745,73,48.012764,-8080,-8140,8271
-0.46813798,-59.10669,-45.593056,-51,44.18929,-7995,8375,-8419
-0.45887795,-642.6319,-9.354058,296,84.449646,-7314,7315,-8295
-0.40265667,-110.33944,44.201466,81,60.385868,-7217,7218,-7428
-0.36980748,-910.41504,515.2774,1051,41.81051,7865,7866,-8157
-0.3389352,-935.1642,229.6512,1000,49.248802,-7706,7707,7893
-0.33404818,-959.578,238.80072,1000,51.273815,2172,2173,-4553
-0.3151204,-1081.9799,156.82451,1000,61.286827,-3820,3821,6752
-0.21137054,-950.4378,500.21213,1000,80.26083,7236,7237,-8162
-0.17839071,-457.60898,382.9026,1156,39.608547,4641,4642,-6303
-0.16704147,-208.11304,121.61694,467,47.61925,-7485,-7486,7576
-0.1657567,-185.75888,108.26615,428,46.73682,-7305,7306,-7352
-0.16290957,-523.66266,192.25096,1000,57.375893,-3328,4439,6108
-0.15667021,-340.7982,527.9162,1000,38.82713,2348,2349,-5616
-0.14414915,-750.4655,440.905,1000,92.92726,3205,3206,-3685
-0.13783067,-584.24,87.12878,1000,75.660614,4572,4573,-4679
-0.1315828,-706.0819,246.5522,1000,95.78123,5971,5972,-6617
-0.12588325,-672.5058,474.22693,1014,94.04042,553,554,-6506
-0.11857784,-639.87866,290.94556,1000,96.32046,2733,2734,-3005
-0.114956275,-124.55002,91.4224,436,44.355663,-7781,7782,-8430
-0.11459975,-88.46868,93.49714,156,88.3295,7445,-7446,-7506
-0.102445856,-95.50501,31.36855,185,89.94655,-8170,8171,-8278
-0.094522186,-439.40994,459.73398,1000,82.97755,851,3572,-4712
-0.094263196,-90.539406,33.66809,280,61.229668,8169,-8170,-8303
-0.07644431,-258.1574,413.6916,1101,54.749043,1805,1806,-8227
-0.070181966,-552.29443,-60.21194,1470,95.55473,5333,5334,-6590
-0.06415824,-32.537056,47.847675,168,53.881664,7494,-7495,-8360
-0.04872912,-254.04959,214.95308,1000,93.058136,-5881,5882,7097
-0.03350005,-69.70733,331.42728,1000,37.141327,8210,8211,-8260
-0.02530695,-134.13766,88.54043,1000,94.60964,-5163,5260,6029
-0.016836546,-86.78395,386.33182,1000,92.00488,-2776,2791,2875
17.205944,1810.446,-30.459528,1,31.768826,8367,-8368,-8422
,248.78044,35.246994,0,316.92102,-7015,7016,-8053
